PROV,MUNI,COD_PROV,COD_MUNI,DC,COD_MUNI_COMPLETO,COD_POSTAL
Araba/Álava,Alegría-Dulantzi,01,001,4,010014,01193
Araba/Álava,Alegría-Dulantzi,01,001,4,010014,01240
Araba/Álava,Amurrio,01,002,9,010029,01450
Araba/Álava,Amurrio,01,002,9,010029,01468
Araba/Álava,Amurrio,01,002,9,010029,01470
Araba/Álava,Aramaio,01,003,5,010035,01160
Araba/Álava,Aramaio,01,003,5,010035,01165
Araba/Álava,Aramaio,01,003,5,010035,01169
Araba/Álava,Artziniega,01,004,0,010040,01474
Araba/Álava,Artziniega,01,004,0,010040,01478
Araba/Álava,Armiñón,01,006,6,010066,01211
Araba/Álava,Armiñón,01,006,6,010066,01220
Araba/Álava,Arratzua-Ubarrundia,01,008,8,010088,01510
Araba/Álava,Arratzua-Ubarrundia,01,008,8,010088,01520
Araba/Álava,Asparrena,01,009,1,010091,01208
Araba/Álava,Asparrena,01,009,1,010091,01250
Araba/Álava,Asparrena,01,009,1,010091,01260
Araba/Álava,Ayala/Aiara,01,010,5,010105,01408
Araba/Álava,Ayala/Aiara,01,010,5,010105,01470
Araba/Álava,Ayala/Aiara,01,010,5,010105,01476
Araba/Álava,Ayala/Aiara,01,010,5,010105,01477
Araba/Álava,Ayala/Aiara,01,010,5,010105,01478
Araba/Álava,Ayala/Aiara,01,010,5,010105,01479
Araba/Álava,Baños de Ebro/Mañueta,01,011,2,010112,01307
Araba/Álava,Barrundia,01,013,3,010133,01206
Araba/Álava,Barrundia,01,013,3,010133,01208
Araba/Álava,Berantevilla,01,014,8,010148,01211
Araba/Álava,Berantevilla,01,014,8,010148,01212
Araba/Álava,Berantevilla,01,014,8,010148,01220
Araba/Álava,Bernedo,01,016,4,010164,01118
Araba/Álava,Bernedo,01,016,4,010164,01128
Araba/Álava,Bernedo,01,016,4,010164,01194
Araba/Álava,Bernedo,01,016,4,010164,01216
Araba/Álava,Campezo/Kanpezu,01,017,0,010170,01110
Araba/Álava,Campezo/Kanpezu,01,017,0,010170,01117
Araba/Álava,Campezo/Kanpezu,01,017,0,010170,01128
Araba/Álava,Zigoitia,01,018,6,010186,01138
Araba/Álava,Zigoitia,01,018,6,010186,01196
Araba/Álava,Kripan,01,019,9,010199,01308
Araba/Álava,Kuartango,01,020,3,010203,01430
Araba/Álava,Kuartango,01,020,3,010203,01439
Araba/Álava,Elburgo/Burgelu,01,021,0,010210,01192
Araba/Álava,Elburgo/Burgelu,01,021,0,010210,01193
Araba/Álava,Elciego,01,022,5,010225,01340
Araba/Álava,Elvillar/Bilar,01,023,1,010231,01309
Araba/Álava,Iruraiz-Gauna,01,027,8,010278,01193
Araba/Álava,Iruraiz-Gauna,01,027,8,010278,01206
Araba/Álava,Iruraiz-Gauna,01,027,8,010278,01207
Araba/Álava,Labastida/Bastida,01,028,4,010284,01212
Araba/Álava,Labastida/Bastida,01,028,4,010284,01330
Araba/Álava,Lagrán,01,030,1,010301,01118
Araba/Álava,Lagrán,01,030,1,010301,01211
Araba/Álava,Laguardia,01,031,8,010318,01300
Araba/Álava,Laguardia,01,031,8,010318,01308
Araba/Álava,Laguardia,01,031,8,010318,01309
Araba/Álava,Laguardia,01,031,8,010318,01321
Araba/Álava,Lanciego/Lantziego,01,032,3,010323,01308
Araba/Álava,Lapuebla de Labarca,01,033,9,010339,01306
Araba/Álava,Leza,01,034,4,010344,01309
Araba/Álava,Laudio/Llodio,01,036,0,010360,01400
Araba/Álava,Arraia-Maeztu,01,037,6,010376,01120
Araba/Álava,Arraia-Maeztu,01,037,6,010376,01128
Araba/Álava,Arraia-Maeztu,01,037,6,010376,01129
Araba/Álava,Moreda de Álava/Moreda Araba,01,039,5,010395,01322
Araba/Álava,Navaridas,01,041,6,010416,01309
Araba/Álava,Okondo,01,042,1,010421,01409
Araba/Álava,Oyón-Oion,01,043,7,010437,01320
Araba/Álava,Oyón-Oion,01,043,7,010437,01322
Araba/Álava,Peñacerrada-Urizaharra,01,044,2,010442,01211
Araba/Álava,Peñacerrada-Urizaharra,01,044,2,010442,01212
Araba/Álava,Peñacerrada-Urizaharra,01,044,2,010442,01216
Araba/Álava,Erriberagoitia/Ribera Alta,01,046,8,010468,01213
Araba/Álava,Erriberagoitia/Ribera Alta,01,046,8,010468,01220
Araba/Álava,Erriberagoitia/Ribera Alta,01,046,8,010468,01420
Araba/Álava,Erriberagoitia/Ribera Alta,01,046,8,010468,01423
Araba/Álava,Erriberagoitia/Ribera Alta,01,046,8,010468,01426
Araba/Álava,Erriberagoitia/Ribera Alta,01,046,8,010468,01428
Araba/Álava,Ribera Baja/Erriberabeitia,01,047,4,010474,01213
Araba/Álava,Ribera Baja/Erriberabeitia,01,047,4,010474,01220
Araba/Álava,Añana,01,049,3,010493,01423
Araba/Álava,Añana,01,049,3,010493,01426
Araba/Álava,Agurain/Salvatierra,01,051,3,010513,01200
Araba/Álava,Agurain/Salvatierra,01,051,3,010513,01207
Araba/Álava,Samaniego,01,052,8,010528,01307
Araba/Álava,San Millán/Donemiliaga,01,053,4,010534,01207
Araba/Álava,San Millán/Donemiliaga,01,053,4,010534,01208
Araba/Álava,Urkabustaiz,01,054,9,010549,01440
Araba/Álava,Urkabustaiz,01,054,9,010549,01449
Araba/Álava,Urkabustaiz,01,054,9,010549,01450
Araba/Álava,Valdegovía/Gaubea,01,055,2,010552,01423
Araba/Álava,Valdegovía/Gaubea,01,055,2,010552,01426
Araba/Álava,Valdegovía/Gaubea,01,055,2,010552,01427
Araba/Álava,Valdegovía/Gaubea,01,055,2,010552,01428
Araba/Álava,Harana/Valle de Arana,01,056,5,010565,01117
Araba/Álava,Villabuena de Álava/Eskuernaga,01,057,1,010571,01307
Araba/Álava,Legutio,01,058,7,010587,01170
Araba/Álava,Legutio,01,058,7,010587,01171
Araba/Álava,Legutio,01,058,7,010587,01510
Araba/Álava,Vitoria-Gasteiz,01,059,0,010590,01001
Araba/Álava,Vitoria-Gasteiz,01,059,0,010590,01002
Araba/Álava,Vitoria-Gasteiz,01,059,0,010590,01003
Araba/Álava,Vitoria-Gasteiz,01,059,0,010590,01004
Araba/Álava,Vitoria-Gasteiz,01,059,0,010590,01005
Araba/Álava,Vitoria-Gasteiz,01,059,0,010590,01006
Araba/Álava,Vitoria-Gasteiz,01,059,0,010590,01007
Araba/Álava,Vitoria-Gasteiz,01,059,0,010590,01008
Araba/Álava,Vitoria-Gasteiz,01,059,0,010590,01009
Araba/Álava,Vitoria-Gasteiz,01,059,0,010590,01010
Araba/Álava,Vitoria-Gasteiz,01,059,0,010590,01012
Araba/Álava,Vitoria-Gasteiz,01,059,0,010590,01013
Araba/Álava,Vitoria-Gasteiz,01,059,0,010590,01015
Araba/Álava,Vitoria-Gasteiz,01,059,0,010590,01191
Araba/Álava,Vitoria-Gasteiz,01,059,0,010590,01192
Araba/Álava,Vitoria-Gasteiz,01,059,0,010590,01193
Araba/Álava,Vitoria-Gasteiz,01,059,0,010590,01194
Araba/Álava,Vitoria-Gasteiz,01,059,0,010590,01195
Araba/Álava,Vitoria-Gasteiz,01,059,0,010590,01196
Araba/Álava,Vitoria-Gasteiz,01,059,0,010590,01510
Araba/Álava,Vitoria-Gasteiz,01,059,0,010590,01520
Araba/Álava,Yécora/Iekora,01,060,4,010604,01322
Araba/Álava,Zalduondo,01,061,1,010611,01208
Araba/Álava,Zambrana,01,062,6,010626,01212
Araba/Álava,Zuia,01,063,2,010632,01130
Araba/Álava,Zuia,01,063,2,010632,01139
Araba/Álava,Zuia,01,063,2,010632,01450
Araba/Álava,Iruña Oka/Iruña de Oca,01,901,5,019015,01191
Araba/Álava,Iruña Oka/Iruña de Oca,01,901,5,019015,01195
Araba/Álava,Iruña Oka/Iruña de Oca,01,901,5,019015,01230
Araba/Álava,Iruña Oka/Iruña de Oca,01,901,5,019015,01428
Araba/Álava,Lantarón,01,902,0,019020,01213
Araba/Álava,Lantarón,01,902,0,019020,01423
Albacete,Abengibre,02,001,9,020019,02250
Albacete,Alatoz,02,002,4,020024,02152
Albacete,Albacete,02,003,0,020030,02001
Albacete,Albacete,02,003,0,020030,02002
Albacete,Albacete,02,003,0,020030,02003
Albacete,Albacete,02,003,0,020030,02004
Albacete,Albacete,02,003,0,020030,02005
Albacete,Albacete,02,003,0,020030,02006
Albacete,Albacete,02,003,0,020030,02007
Albacete,Albacete,02,003,0,020030,02008
Albacete,Albacete,02,003,0,020030,02049
Albacete,Albacete,02,003,0,020030,02071
Albacete,Albacete,02,003,0,020030,02099
Albacete,Albacete,02,003,0,020030,02140
Albacete,Albacete,02,003,0,020030,02155
Albacete,Albacete,02,003,0,020030,02326
Albacete,Albacete,02,003,0,020030,02328
Albacete,Albacete,02,003,0,020030,02511
Albacete,Albacete,02,003,0,020030,02512
Albacete,Albatana,02,004,5,020045,02653
Albacete,Alborea,02,005,8,020058,02215
Albacete,Alcadozo,02,006,1,020061,02124
Albacete,Alcadozo,02,006,1,020061,02128
Albacete,Alcalá del Júcar,02,007,7,020077,02210
Albacete,Alcalá del Júcar,02,007,7,020077,02211
Albacete,Alcalá del Júcar,02,007,7,020077,02214
Albacete,Alcaraz,02,008,3,020083,02300
Albacete,Alcaraz,02,008,3,020083,02312
Albacete,Alcaraz,02,008,3,020083,02314
Albacete,Alcaraz,02,008,3,020083,02330
Albacete,Almansa,02,009,6,020096,02640
Albacete,Alpera,02,010,0,020100,02690
Albacete,Ayna,02,011,7,020117,02124
Albacete,Ayna,02,011,7,020117,02125
Albacete,Ayna,02,011,7,020117,02126
Albacete,Ayna,02,011,7,020117,02139
Albacete,Ayna,02,011,7,020117,02999
Albacete,Balazote,02,012,2,020122,02320
Albacete,Balsa de Ves,02,013,8,020138,02213
Albacete,Balsa de Ves,02,013,8,020138,02214
Albacete,"Ballestero, El",02,014,3,020143,02614
Albacete,Barrax,02,015,6,020156,02639
Albacete,Bienservida,02,016,9,020169,02360
Albacete,Bogarra,02,017,5,020175,02130
Albacete,Bogarra,02,017,5,020175,02138
Albacete,Bogarra,02,017,5,020175,02139
Albacete,Bogarra,02,017,5,020175,02448
Albacete,Bonete,02,018,1,020181,02691
Albacete,"Bonillo, El",02,019,4,020194,02610
Albacete,Carcelén,02,020,8,020208,02153
Albacete,Casas de Juan Núñez,02,021,5,020215,02151
Albacete,Casas de Lázaro,02,022,0,020220,02329
Albacete,Casas de Ves,02,023,6,020236,02212
Albacete,Casas de Ves,02,023,6,020236,02215
Albacete,Casas-Ibáñez,02,024,1,020241,02200
Albacete,Caudete,02,025,4,020254,02660
Albacete,Cenizate,02,026,7,020267,02247
Albacete,Corral-Rubio,02,027,3,020273,02693
Albacete,Cotillas,02,028,9,020289,02461
Albacete,Cotillas,02,028,9,020289,02462
Albacete,Chinchilla de Monte-Aragón,02,029,2,020292,02156
Albacete,Chinchilla de Monte-Aragón,02,029,2,020292,02510
Albacete,Chinchilla de Monte-Aragón,02,029,2,020292,02520
Albacete,Chinchilla de Monte-Aragón,02,029,2,020292,02529
Albacete,Chinchilla de Monte-Aragón,02,029,2,020292,02691
Albacete,Chinchilla de Monte-Aragón,02,029,2,020292,02692
Albacete,Chinchilla de Monte-Aragón,02,029,2,020292,02695
Albacete,Elche de la Sierra,02,030,6,020306,02430
Albacete,Elche de la Sierra,02,030,6,020306,02439
Albacete,Elche de la Sierra,02,030,6,020306,02449
Albacete,Elche de la Sierra,02,030,6,020306,02470
Albacete,Férez,02,031,3,020313,02436
Albacete,Férez,02,031,3,020313,02649
Albacete,Fuensanta,02,032,8,020328,02637
Albacete,Fuente-Álamo,02,033,4,020334,02651
Albacete,Fuentealbilla,02,034,9,020349,02249
Albacete,Fuentealbilla,02,034,9,020349,02251
Albacete,Fuentealbilla,02,034,9,020349,02260
Albacete,"Gineta, La",02,035,2,020352,02110
Albacete,Golosalvo,02,036,5,020365,02253
Albacete,Hellín,02,037,1,020371,02400
Albacete,Hellín,02,037,1,020371,02409
Albacete,Hellín,02,037,1,020371,02420
Albacete,Hellín,02,037,1,020371,02490
Albacete,Hellín,02,037,1,020371,02498
Albacete,Hellín,02,037,1,020371,02499
Albacete,"Herrera, La",02,038,7,020387,02162
Albacete,Higueruela,02,039,0,020390,02690
Albacete,Higueruela,02,039,0,020390,02694
Albacete,Hoya-Gonzalo,02,040,4,020404,02696
Albacete,Jorquera,02,041,1,020411,02248
Albacete,Jorquera,02,041,1,020411,02249
Albacete,Letur,02,042,6,020426,02434
Albacete,Lezuza,02,043,2,020432,02160
Albacete,Lezuza,02,043,2,020432,02161
Albacete,Liétor,02,044,7,020447,02124
Albacete,Liétor,02,044,7,020447,02142
Albacete,Liétor,02,044,7,020447,02410
Albacete,Madrigueras,02,045,0,020450,02230
Albacete,Mahora,02,046,3,020463,02240
Albacete,Masegoso,02,047,9,020479,02314
Albacete,Minaya,02,048,5,020485,02620
Albacete,Molinicos,02,049,8,020498,02440
Albacete,Molinicos,02,049,8,020498,02448
Albacete,Molinicos,02,049,8,020498,02449
Albacete,Montalvos,02,050,1,020501,02638
Albacete,Montealegre del Castillo,02,051,8,020518,02650
Albacete,Motilleja,02,052,3,020523,02220
Albacete,Munera,02,053,9,020539,02612
Albacete,Navas de Jorquera,02,054,4,020544,02246
Albacete,Nerpio,02,055,7,020557,02530
Albacete,Nerpio,02,055,7,020557,02534
Albacete,Nerpio,02,055,7,020557,02535
Albacete,Nerpio,02,055,7,020557,02536
Albacete,Nerpio,02,055,7,020557,02537
Albacete,Nerpio,02,055,7,020557,02538
Albacete,Nerpio,02,055,7,020557,02539
Albacete,Ontur,02,056,0,020560,02652
Albacete,Ossa de Montiel,02,057,6,020576,02611
Albacete,Paterna del Madera,02,058,2,020582,02136
Albacete,Paterna del Madera,02,058,2,020582,02137
Albacete,Peñascosa,02,059,5,020595,02013
Albacete,Peñascosa,02,059,5,020595,02138
Albacete,Peñascosa,02,059,5,020595,02313
Albacete,Peñascosa,02,059,5,020595,02314
Albacete,Peñas de San Pedro,02,060,9,020609,02120
Albacete,Peñas de San Pedro,02,060,9,020609,02127
Albacete,Peñas de San Pedro,02,060,9,020609,02128
Albacete,Pétrola,02,061,6,020616,02692
Albacete,Pétrola,02,061,6,020616,02693
Albacete,Povedilla,02,062,1,020621,02311
Albacete,Pozohondo,02,063,7,020637,02129
Albacete,Pozohondo,02,063,7,020637,02141
Albacete,Pozohondo,02,063,7,020637,02142
Albacete,Pozohondo,02,063,7,020637,02143
Albacete,Pozo-Lorente,02,064,2,020642,02154
Albacete,Pozuelo,02,065,5,020655,02327
Albacete,"Recueja, La",02,066,8,020668,02249
Albacete,Riópar,02,067,4,020674,02450
Albacete,Riópar,02,067,4,020674,02459
Albacete,Riópar,02,067,4,020674,02462
Albacete,Robledo,02,068,0,020680,02331
Albacete,Robledo,02,068,0,020680,02332
Albacete,Robledo,02,068,0,020680,02340
Albacete,"Roda, La",02,069,3,020693,02630
Albacete,"Roda, La",02,069,3,020693,02639
Albacete,Salobre,02,070,7,020707,02316
Albacete,San Pedro,02,071,4,020714,02326
Albacete,Socovos,02,072,9,020729,02435
Albacete,Socovos,02,072,9,020729,02437
Albacete,Tarazona de la Mancha,02,073,5,020735,02100
Albacete,Tobarra,02,074,0,020740,02500
Albacete,Tobarra,02,074,0,020740,02513
Albacete,Tobarra,02,074,0,020740,02514
Albacete,Valdeganga,02,075,3,020753,02150
Albacete,Vianos,02,076,6,020766,02315
Albacete,Villa de Ves,02,077,2,020772,02213
Albacete,Villalgordo del Júcar,02,078,8,020788,02236
Albacete,Villalgordo del Júcar,02,078,8,020788,02636
Albacete,Villamalea,02,079,1,020791,02270
Albacete,Villapalacios,02,080,5,020805,02350
Albacete,Villarrobledo,02,081,2,020812,02600
Albacete,Villarrobledo,02,081,2,020812,02612
Albacete,Villarrobledo,02,081,2,020812,02660
Albacete,Villatoya,02,082,7,020827,02215
Albacete,Villavaliente,02,083,3,020833,02154
Albacete,Villaverde de Guadalimar,02,084,8,020848,02460
Albacete,Villaverde de Guadalimar,02,084,8,020848,02462
Albacete,Viveros,02,085,1,020851,02310
Albacete,Yeste,02,086,4,020864,02480
Albacete,Yeste,02,086,4,020864,02482
Albacete,Yeste,02,086,4,020864,02484
Albacete,Yeste,02,086,4,020864,02485
Albacete,Yeste,02,086,4,020864,02486
Albacete,Yeste,02,086,4,020864,02487
Albacete,Yeste,02,086,4,020864,02488
Albacete,Yeste,02,086,4,020864,02489
Albacete,Pozo Cañada,02,901,0,029010,02099
Albacete,Pozo Cañada,02,901,0,029010,02510
Alicante/Alacant,"Atzúbia, l'",03,001,5,030015,03786
Alicante/Alacant,Agost,03,002,0,030020,03698
Alicante/Alacant,Agres,03,003,6,030036,03837
Alicante/Alacant,Aigües,03,004,1,030041,03569
Alicante/Alacant,Albatera,03,005,4,030054,03340
Alicante/Alacant,Alcalalí,03,006,7,030067,03723
Alicante/Alacant,Alcalalí,03,006,7,030067,03728
Alicante/Alacant,Alcalalí,03,006,7,030067,03759
Alicante/Alacant,Alcosser,03,007,3,030073,03841
Alicante/Alacant,Alcoleja,03,008,9,030089,03814
Alicante/Alacant,Alcoi/Alcoy,03,009,2,030092,03800
Alicante/Alacant,Alcoi/Alcoy,03,009,2,030092,03801
Alicante/Alacant,Alcoi/Alcoy,03,009,2,030092,03802
Alicante/Alacant,Alcoi/Alcoy,03,009,2,030092,03803
Alicante/Alacant,Alcoi/Alcoy,03,009,2,030092,03804
Alicante/Alacant,Alcoi/Alcoy,03,009,2,030092,03819
Alicante/Alacant,Alfafara,03,010,6,030106,03838
Alicante/Alacant,"Alfàs del Pi, l'",03,011,3,030113,03580
Alicante/Alacant,"Alfàs del Pi, l'",03,011,3,030113,03581
Alicante/Alacant,Algorfa,03,012,8,030128,03169
Alicante/Alacant,Algorfa,03,012,8,030128,03176
Alicante/Alacant,Algueña,03,013,4,030134,03668
Alicante/Alacant,Alacant/Alicante,03,014,9,030149,03001
Alicante/Alacant,Alacant/Alicante,03,014,9,030149,03002
Alicante/Alacant,Alacant/Alicante,03,014,9,030149,03003
Alicante/Alacant,Alacant/Alicante,03,014,9,030149,03004
Alicante/Alacant,Alacant/Alicante,03,014,9,030149,03005
Alicante/Alacant,Alacant/Alicante,03,014,9,030149,03006
Alicante/Alacant,Alacant/Alicante,03,014,9,030149,03007
Alicante/Alacant,Alacant/Alicante,03,014,9,030149,03008
Alicante/Alacant,Alacant/Alicante,03,014,9,030149,03009
Alicante/Alacant,Alacant/Alicante,03,014,9,030149,03010
Alicante/Alacant,Alacant/Alicante,03,014,9,030149,03011
Alicante/Alacant,Alacant/Alicante,03,014,9,030149,03012
Alicante/Alacant,Alacant/Alicante,03,014,9,030149,03013
Alicante/Alacant,Alacant/Alicante,03,014,9,030149,03014
Alicante/Alacant,Alacant/Alicante,03,014,9,030149,03015
Alicante/Alacant,Alacant/Alicante,03,014,9,030149,03016
Alicante/Alacant,Alacant/Alicante,03,014,9,030149,03112
Alicante/Alacant,Alacant/Alicante,03,014,9,030149,03113
Alicante/Alacant,Alacant/Alicante,03,014,9,030149,03114
Alicante/Alacant,Alacant/Alicante,03,014,9,030149,03115
Alicante/Alacant,Alacant/Alicante,03,014,9,030149,03138
Alicante/Alacant,Alacant/Alicante,03,014,9,030149,03540
Alicante/Alacant,Alacant/Alicante,03,014,9,030149,03550
Alicante/Alacant,Alacant/Alicante,03,014,9,030149,03559
Alicante/Alacant,Alacant/Alicante,03,014,9,030149,03699
Alicante/Alacant,Almoradí,03,015,2,030152,03160
Alicante/Alacant,Almoradí,03,015,2,030152,03179
Alicante/Alacant,Almudaina,03,016,5,030165,03827
Alicante/Alacant,"Alqueria d'Asnar, l'",03,017,1,030171,03829
Alicante/Alacant,Altea,03,018,7,030187,03590
Alicante/Alacant,Altea,03,018,7,030187,03599
Alicante/Alacant,Aspe,03,019,0,030190,03680
Alicante/Alacant,Balones,03,020,4,030204,03812
Alicante/Alacant,Banyeres de Mariola,03,021,1,030211,03450
Alicante/Alacant,Benasau,03,022,6,030226,03814
Alicante/Alacant,Beneixama,03,023,2,030232,03460
Alicante/Alacant,Beneixama,03,023,2,030232,03469
Alicante/Alacant,Benejúzar,03,024,7,030247,03390
Alicante/Alacant,Benferri,03,025,0,030250,03316
Alicante/Alacant,Beniarbeig,03,026,3,030263,03759
Alicante/Alacant,Beniarbeig,03,026,3,030263,03778
Alicante/Alacant,Beniardà,03,027,9,030279,03517
Alicante/Alacant,Beniarrés,03,028,5,030285,03850
Alicante/Alacant,Benigembla,03,029,8,030298,03794
Alicante/Alacant,Benidoleig,03,030,2,030302,03759
Alicante/Alacant,Benidorm,03,031,9,030319,03501
Alicante/Alacant,Benidorm,03,031,9,030319,03502
Alicante/Alacant,Benidorm,03,031,9,030319,03503
Alicante/Alacant,Benifallim,03,032,4,030324,03816
Alicante/Alacant,Benifato,03,033,0,030330,03517
Alicante/Alacant,Benijófar,03,034,5,030345,03178
Alicante/Alacant,Benilloba,03,035,8,030358,03810
Alicante/Alacant,Benillup,03,036,1,030361,03827
Alicante/Alacant,Benimantell,03,037,7,030377,03516
Alicante/Alacant,Benimarfull,03,038,3,030383,03827
Alicante/Alacant,Benimassot,03,039,6,030396,03812
Alicante/Alacant,Benimeli,03,040,0,030400,03769
Alicante/Alacant,Benissa,03,041,7,030417,03720
Alicante/Alacant,"Poble Nou de Benitatxell, el/Benitachell",03,042,2,030422,03726
Alicante/Alacant,Biar,03,043,8,030438,03410
Alicante/Alacant,Bigastro,03,044,3,030443,03380
Alicante/Alacant,Bolulla,03,045,6,030456,03518
Alicante/Alacant,Busot,03,046,9,030469,03111
Alicante/Alacant,Calp,03,047,5,030475,03710
Alicante/Alacant,Callosa d'en Sarrià,03,048,1,030481,03510
Alicante/Alacant,Callosa de Segura,03,049,4,030494,03317
Alicante/Alacant,Callosa de Segura,03,049,4,030494,03360
Alicante/Alacant,"Campello, el",03,050,7,030507,03560
Alicante/Alacant,"Camp de Mirra, el/Campo de Mirra",03,051,4,030514,03469
Alicante/Alacant,Cañada,03,052,9,030529,03409
Alicante/Alacant,Castalla,03,053,5,030535,03420
Alicante/Alacant,Castell de Castells,03,054,0,030540,03793
Alicante/Alacant,Catral,03,055,3,030553,03158
Alicante/Alacant,Cocentaina,03,056,6,030566,03820
Alicante/Alacant,Cocentaina,03,056,6,030566,03829
Alicante/Alacant,Cocentaina,03,056,6,030566,03870
Alicante/Alacant,Confrides,03,057,2,030572,03517
Alicante/Alacant,Cox,03,058,8,030588,03350
Alicante/Alacant,Crevillent,03,059,1,030591,03158
Alicante/Alacant,Crevillent,03,059,1,030591,03300
Alicante/Alacant,Crevillent,03,059,1,030591,03330
Alicante/Alacant,Crevillent,03,059,1,030591,03339
Alicante/Alacant,Quatretondeta,03,060,5,030605,03811
Alicante/Alacant,Daya Nueva,03,061,2,030612,03159
Alicante/Alacant,Daya Vieja,03,062,7,030627,03177
Alicante/Alacant,Dénia,03,063,3,030633,03700
Alicante/Alacant,Dénia,03,063,3,030633,03709
Alicante/Alacant,Dénia,03,063,3,030633,03749
Alicante/Alacant,Dénia,03,063,3,030633,03779
Alicante/Alacant,Dénia,03,063,3,030633,03780
Alicante/Alacant,Dolores,03,064,8,030648,03150
Alicante/Alacant,Elx/Elche,03,065,1,030651,03113
Alicante/Alacant,Elx/Elche,03,065,1,030651,03139
Alicante/Alacant,Elx/Elche,03,065,1,030651,03194
Alicante/Alacant,Elx/Elche,03,065,1,030651,03195
Alicante/Alacant,Elx/Elche,03,065,1,030651,03201
Alicante/Alacant,Elx/Elche,03,065,1,030651,03202
Alicante/Alacant,Elx/Elche,03,065,1,030651,03203
Alicante/Alacant,Elx/Elche,03,065,1,030651,03204
Alicante/Alacant,Elx/Elche,03,065,1,030651,03205
Alicante/Alacant,Elx/Elche,03,065,1,030651,03206
Alicante/Alacant,Elx/Elche,03,065,1,030651,03207
Alicante/Alacant,Elx/Elche,03,065,1,030651,03208
Alicante/Alacant,Elx/Elche,03,065,1,030651,03290
Alicante/Alacant,Elx/Elche,03,065,1,030651,03291
Alicante/Alacant,Elx/Elche,03,065,1,030651,03292
Alicante/Alacant,Elx/Elche,03,065,1,030651,03293
Alicante/Alacant,Elx/Elche,03,065,1,030651,03294
Alicante/Alacant,Elx/Elche,03,065,1,030651,03295
Alicante/Alacant,Elx/Elche,03,065,1,030651,03296
Alicante/Alacant,Elx/Elche,03,065,1,030651,03320
Alicante/Alacant,Elda,03,066,4,030664,03600
Alicante/Alacant,Fageca,03,067,0,030670,03813
Alicante/Alacant,Famorca,03,068,6,030686,03813
Alicante/Alacant,Finestrat,03,069,9,030699,03509
Alicante/Alacant,Formentera del Segura,03,070,3,030703,03179
Alicante/Alacant,Gata de Gorgos,03,071,0,030710,03740
Alicante/Alacant,Gaianes,03,072,5,030725,03840
Alicante/Alacant,Gorga,03,073,1,030731,03811
Alicante/Alacant,Granja de Rocamora,03,074,6,030746,03348
Alicante/Alacant,"Castell de Guadalest, el",03,075,9,030759,03517
Alicante/Alacant,Guardamar del Segura,03,076,2,030762,03140
Alicante/Alacant,"Fondó de les Neus, el/Hondón de las Nieves",03,077,8,030778,03688
Alicante/Alacant,Hondón de los Frailes,03,078,4,030784,03689
Alicante/Alacant,Ibi,03,079,7,030797,03440
Alicante/Alacant,Jacarilla,03,080,1,030801,03310
Alicante/Alacant,Xaló,03,081,8,030818,03727
Alicante/Alacant,Xàbia/Jávea,03,082,3,030823,03730
Alicante/Alacant,Xàbia/Jávea,03,082,3,030823,03737
Alicante/Alacant,Xàbia/Jávea,03,082,3,030823,03738
Alicante/Alacant,Xàbia/Jávea,03,082,3,030823,03739
Alicante/Alacant,Xixona/Jijona,03,083,9,030839,03100
Alicante/Alacant,"Orxa, l'/Lorcha",03,084,4,030844,03860
Alicante/Alacant,Llíber,03,085,7,030857,03729
Alicante/Alacant,Millena,03,086,0,030860,03812
Alicante/Alacant,Monforte del Cid,03,088,2,030882,03670
Alicante/Alacant,Monforte del Cid,03,088,2,030882,03679
Alicante/Alacant,Monòver/Monóvar,03,089,5,030895,03640
Alicante/Alacant,Monòver/Monóvar,03,089,5,030895,03649
Alicante/Alacant,Mutxamel,03,090,9,030909,03110
Alicante/Alacant,Murla,03,091,6,030916,03792
Alicante/Alacant,Muro de Alcoy,03,092,1,030921,03830
Alicante/Alacant,Muro de Alcoy,03,092,1,030921,03839
Alicante/Alacant,Novelda,03,093,7,030937,03660
Alicante/Alacant,"Nucia, la",03,094,2,030942,03530
Alicante/Alacant,Ondara,03,095,5,030955,03760
Alicante/Alacant,Onil,03,096,8,030968,03430
Alicante/Alacant,Orba,03,097,4,030974,03790
Alicante/Alacant,Orba,03,097,4,030974,03791
Alicante/Alacant,Orba,03,097,4,030974,03792
Alicante/Alacant,Orba,03,097,4,030974,03795
Alicante/Alacant,Orxeta,03,098,0,030980,03579
Alicante/Alacant,Orihuela,03,099,3,030993,03189
Alicante/Alacant,Orihuela,03,099,3,030993,03300
Alicante/Alacant,Orihuela,03,099,3,030993,03311
Alicante/Alacant,Orihuela,03,099,3,030993,03312
Alicante/Alacant,Orihuela,03,099,3,030993,03313
Alicante/Alacant,Orihuela,03,099,3,030993,03314
Alicante/Alacant,Orihuela,03,099,3,030993,03315
Alicante/Alacant,Orihuela,03,099,3,030993,03316
Alicante/Alacant,Orihuela,03,099,3,030993,03317
Alicante/Alacant,Orihuela,03,099,3,030993,03319
Alicante/Alacant,Orihuela,03,099,3,030993,03321
Alicante/Alacant,Orihuela,03,099,3,030993,03322
Alicante/Alacant,Orihuela,03,099,3,030993,03325
Alicante/Alacant,Orihuela,03,099,3,030993,03369
Alicante/Alacant,Orihuela,03,099,3,030993,03380
Alicante/Alacant,Orihuela,03,099,3,030993,03689
Alicante/Alacant,Parcent,03,100,7,031007,03792
Alicante/Alacant,Pedreguer,03,101,4,031014,03750
Alicante/Alacant,Pego,03,102,9,031029,03780
Alicante/Alacant,Penàguila,03,103,5,031035,03815
Alicante/Alacant,Petrer,03,104,0,031040,03610
Alicante/Alacant,"Pinós, el/Pinoso",03,105,3,031053,03650
Alicante/Alacant,"Pinós, el/Pinoso",03,105,3,031053,03657
Alicante/Alacant,"Pinós, el/Pinoso",03,105,3,031053,03658
Alicante/Alacant,"Pinós, el/Pinoso",03,105,3,031053,03659
Alicante/Alacant,Planes,03,106,6,031066,03828
Alicante/Alacant,Polop,03,107,2,031072,03520
Alicante/Alacant,Rafal,03,109,1,031091,03369
Alicante/Alacant,"Ràfol d'Almúnia, el",03,110,5,031105,03769
Alicante/Alacant,"Ràfol d'Almúnia, el",03,110,5,031105,03780
Alicante/Alacant,Redován,03,111,2,031112,03370
Alicante/Alacant,Relleu,03,112,7,031127,03578
Alicante/Alacant,Rojales,03,113,3,031133,03170
Alicante/Alacant,"Romana, la",03,114,8,031148,03669
Alicante/Alacant,Sagra,03,115,1,031151,03795
Alicante/Alacant,Salinas,03,116,4,031164,03638
Alicante/Alacant,Sanet y Negrals,03,117,0,031170,03769
Alicante/Alacant,San Fulgencio,03,118,6,031186,03177
Alicante/Alacant,Sant Joan d'Alacant,03,119,9,031199,03550
Alicante/Alacant,San Miguel de Salinas,03,120,3,031203,03193
Alicante/Alacant,Santa Pola,03,121,0,031210,03130
Alicante/Alacant,Sant Vicent del Raspeig/San Vicente del Raspeig,03,122,5,031225,03690
Alicante/Alacant,Sax,03,123,1,031231,03630
Alicante/Alacant,Sella,03,124,6,031246,03579
Alicante/Alacant,Senija,03,125,9,031259,03729
Alicante/Alacant,Tàrbena,03,127,8,031278,03518
Alicante/Alacant,Teulada,03,128,4,031284,03724
Alicante/Alacant,Teulada,03,128,4,031284,03725
Alicante/Alacant,Tibi,03,129,7,031297,03109
Alicante/Alacant,Tollos,03,130,1,031301,03813
Alicante/Alacant,Tormos,03,131,8,031318,03795
Alicante/Alacant,"Torre de les Maçanes, la/Torremanzanas",03,132,3,031323,03108
Alicante/Alacant,Torrevieja,03,133,9,031339,03181
Alicante/Alacant,Torrevieja,03,133,9,031339,03182
Alicante/Alacant,Torrevieja,03,133,9,031339,03183
Alicante/Alacant,Torrevieja,03,133,9,031339,03184
Alicante/Alacant,Torrevieja,03,133,9,031339,03185
Alicante/Alacant,Torrevieja,03,133,9,031339,03186
Alicante/Alacant,Torrevieja,03,133,9,031339,03188
Alicante/Alacant,"Vall d'Alcalà, la",03,134,4,031344,03788
Alicante/Alacant,"Vall d'Ebo, la",03,135,7,031357,03789
Alicante/Alacant,"Vall de Gallinera, la",03,136,0,031360,03787
Alicante/Alacant,"Vall de Gallinera, la",03,136,0,031360,03788
Alicante/Alacant,"Vall de Laguar, la",03,137,6,031376,03791
Alicante/Alacant,"Verger, el",03,138,2,031382,03770
Alicante/Alacant,"Vila Joiosa, la/Villajoyosa",03,139,5,031395,03570
Alicante/Alacant,Villena,03,140,9,031409,03400
Alicante/Alacant,Villena,03,140,9,031409,03408
Alicante/Alacant,Villena,03,140,9,031409,03409
Alicante/Alacant,Villena,03,140,9,031409,03639
Alicante/Alacant,"Poblets, els",03,901,6,039016,03779
Alicante/Alacant,Pilar de la Horadada,03,902,1,039021,03190
Alicante/Alacant,Pilar de la Horadada,03,902,1,039021,03191
Alicante/Alacant,"Montesinos, Los",03,903,7,039037,03187
Alicante/Alacant,San Isidro,03,904,2,039042,03349
Almería,Abla,04,001,0,040010,04510
Almería,Abrucena,04,002,5,040025,04520
Almería,Abrucena,04,002,5,040025,04533
Almería,Adra,04,003,1,040031,04770
Almería,Adra,04,003,1,040031,04778
Almería,Adra,04,003,1,040031,04779
Almería,Albanchez,04,004,6,040046,04857
Almería,Albanchez,04,004,6,040046,04858
Almería,Alboloduy,04,005,9,040059,04531
Almería,Alboloduy,04,005,9,040059,04558
Almería,Albox,04,006,2,040062,04600
Almería,Albox,04,006,2,040062,04800
Almería,Albox,04,006,2,040062,04812
Almería,Albox,04,006,2,040062,04813
Almería,Albox,04,006,2,040062,04814
Almería,Alcolea,04,007,8,040078,04480
Almería,Alcolea,04,007,8,040078,04768
Almería,Alcóntar,04,008,4,040084,04897
Almería,Alcóntar,04,008,4,040084,04898
Almería,Alcudia de Monteagud,04,009,7,040097,04276
Almería,Alhabia,04,010,1,040101,04567
Almería,Alhama de Almería,04,011,8,040118,04400
Almería,Alicún,04,012,3,040123,04409
Almería,Almería,04,013,9,040139,04001
Almería,Almería,04,013,9,040139,04002
Almería,Almería,04,013,9,040139,04003
Almería,Almería,04,013,9,040139,04004
Almería,Almería,04,013,9,040139,04005
Almería,Almería,04,013,9,040139,04006
Almería,Almería,04,013,9,040139,04007
Almería,Almería,04,013,9,040139,04008
Almería,Almería,04,013,9,040139,04009
Almería,Almería,04,013,9,040139,04120
Almería,Almería,04,013,9,040139,04130
Almería,Almería,04,013,9,040139,04131
Almería,Almería,04,013,9,040139,04150
Almería,Almería,04,013,9,040139,04151
Almería,Almería,04,013,9,040139,04160
Almería,Almócita,04,014,4,040144,04458
Almería,Alsodux,04,015,7,040157,04568
Almería,Antas,04,016,0,040160,04628
Almería,Antas,04,016,0,040160,04629
Almería,Arboleas,04,017,6,040176,04660
Almería,Armuña de Almanzora,04,018,2,040182,04888
Almería,Bacares,04,019,5,040195,04889
Almería,Bayárcal,04,020,9,040209,04479
Almería,Bayarque,04,021,6,040216,04888
Almería,Bédar,04,022,1,040221,04288
Almería,Bédar,04,022,1,040221,04289
Almería,Beires,04,023,7,040237,04458
Almería,Benahadux,04,024,2,040242,04410
Almería,Benitagla,04,026,8,040268,04276
Almería,Benizalón,04,027,4,040274,04274
Almería,Benizalón,04,027,4,040274,04276
Almería,Bentarique,04,028,0,040280,04569
Almería,Berja,04,029,3,040293,04760
Almería,Berja,04,029,3,040293,04768
Almería,Berja,04,029,3,040293,04769
Almería,Canjáyar,04,030,7,040307,04450
Almería,Cantoria,04,031,4,040314,04815
Almería,Cantoria,04,031,4,040314,04850
Almería,Cantoria,04,031,4,040314,04858
Almería,Carboneras,04,032,9,040329,04140
Almería,Carboneras,04,032,9,040329,04149
Almería,Castro de Filabres,04,033,5,040335,04212
Almería,Cóbdar,04,034,0,040340,04859
Almería,Cuevas del Almanzora,04,035,3,040353,04610
Almería,Cuevas del Almanzora,04,035,3,040353,04616
Almería,Cuevas del Almanzora,04,035,3,040353,04617
Almería,Cuevas del Almanzora,04,035,3,040353,04618
Almería,Cuevas del Almanzora,04,035,3,040353,04619
Almería,Cuevas del Almanzora,04,035,3,040353,04647
Almería,Cuevas del Almanzora,04,035,3,040353,04648
Almería,Chercos,04,036,6,040366,04859
Almería,Chirivel,04,037,2,040372,04825
Almería,Dalías,04,038,8,040388,04750
Almería,Enix,04,041,2,040412,04279
Almería,Enix,04,041,2,040412,04729
Almería,Felix,04,043,3,040433,04728
Almería,Fines,04,044,8,040448,04869
Almería,Fiñana,04,045,1,040451,04500
Almería,Fondón,04,046,4,040464,04460
Almería,Fondón,04,046,4,040464,04479
Almería,Gádor,04,047,0,040470,04560
Almería,"Gallardos, Los",04,048,6,040486,04280
Almería,"Gallardos, Los",04,048,6,040486,04288
Almería,"Gallardos, Los",04,048,6,040486,04289
Almería,Garrucha,04,049,9,040499,04630
Almería,Gérgal,04,050,2,040502,04450
Almería,Gérgal,04,050,2,040502,04459
Almería,Gérgal,04,050,2,040502,04549
Almería,Gérgal,04,050,2,040502,04550
Almería,Gérgal,04,050,2,040502,04558
Almería,Gérgal,04,050,2,040502,04559
Almería,Huécija,04,051,9,040519,04409
Almería,Huércal de Almería,04,052,4,040524,04230
Almería,Huércal-Overa,04,053,0,040530,04600
Almería,Huércal-Overa,04,053,0,040530,04662
Almería,Huércal-Overa,04,053,0,040530,04690
Almería,Huércal-Overa,04,053,0,040530,04691
Almería,Huércal-Overa,04,053,0,040530,04692
Almería,Huércal-Overa,04,053,0,040530,04693
Almería,Huércal-Overa,04,053,0,040530,04694
Almería,Huércal-Overa,04,053,0,040530,04964
Almería,Íllar,04,054,5,040545,04431
Almería,Instinción,04,055,8,040558,04430
Almería,Instinción,04,055,8,040558,04460
Almería,Laroya,04,056,1,040561,04868
Almería,Laujar de Andarax,04,057,7,040577,04470
Almería,Líjar,04,058,3,040583,04859
Almería,Lubrín,04,059,6,040596,04271
Almería,Lucainena de las Torres,04,060,0,040600,04114
Almería,Lucainena de las Torres,04,060,0,040600,04210
Almería,Lucainena de las Torres,04,060,0,040600,04211
Almería,Lúcar,04,061,7,040617,04877
Almería,Lúcar,04,061,7,040617,04887
Almería,Macael,04,062,2,040622,04867
Almería,María,04,063,8,040638,04838
Almería,María,04,063,8,040638,04839
Almería,Mojácar,04,064,3,040643,04638
Almería,Mojácar,04,064,3,040643,04639
Almería,Nacimiento,04,065,6,040656,04540
Almería,Níjar,04,066,9,040669,04100
Almería,Níjar,04,066,9,040669,04110
Almería,Níjar,04,066,9,040669,04113
Almería,Níjar,04,066,9,040669,04114
Almería,Níjar,04,066,9,040669,04115
Almería,Níjar,04,066,9,040669,04116
Almería,Níjar,04,066,9,040669,04117
Almería,Níjar,04,066,9,040669,04118
Almería,Níjar,04,066,9,040669,04119
Almería,Níjar,04,066,9,040669,04149
Almería,Níjar,04,066,9,040669,04151
Almería,Ohanes,04,067,5,040675,04459
Almería,Olula de Castro,04,068,1,040681,04212
Almería,Olula del Río,04,069,4,040694,04860
Almería,Oria,04,070,8,040708,04640
Almería,Oria,04,070,8,040708,04810
Almería,Oria,04,070,8,040708,04811
Almería,Oria,04,070,8,040708,04813
Almería,Oria,04,070,8,040708,04899
Almería,Padules,04,071,5,040715,04458
Almería,Partaloa,04,072,0,040720,04810
Almería,Paterna del Río,04,073,6,040736,04479
Almería,Pechina,04,074,1,040741,04250
Almería,Pechina,04,074,1,040741,04259
Almería,Pulpí,04,075,4,040754,04640
Almería,Pulpí,04,075,4,040754,04647
Almería,Pulpí,04,075,4,040754,04648
Almería,Pulpí,04,075,4,040754,04649
Almería,Purchena,04,076,7,040767,04870
Almería,Rágol,04,077,3,040773,04440
Almería,Rioja,04,078,9,040789,04260
Almería,Roquetas de Mar,04,079,2,040792,04720
Almería,Roquetas de Mar,04,079,2,040792,04740
Almería,Roquetas de Mar,04,079,2,040792,04741
Almería,Roquetas de Mar,04,079,2,040792,04743
Almería,Santa Cruz de Marchena,04,080,6,040806,04568
Almería,Santa Fe de Mondújar,04,081,3,040813,04420
Almería,Senés,04,082,8,040828,04213
Almería,Serón,04,083,4,040834,04890
Almería,Serón,04,083,4,040834,04897
Almería,Serón,04,083,4,040834,04898
Almería,Serón,04,083,4,040834,04899
Almería,Sierro,04,084,9,040849,04878
Almería,Somontín,04,085,2,040852,04877
Almería,Sorbas,04,086,5,040865,04149
Almería,Sorbas,04,086,5,040865,04248
Almería,Sorbas,04,086,5,040865,04270
Almería,Sorbas,04,086,5,040865,04271
Almería,Sorbas,04,086,5,040865,04277
Almería,Sorbas,04,086,5,040865,04278
Almería,Sorbas,04,086,5,040865,04279
Almería,Sorbas,04,086,5,040865,04289
Almería,Suflí,04,087,1,040871,04878
Almería,Tabernas,04,088,7,040887,04200
Almería,Tabernas,04,088,7,040887,04211
Almería,Taberno,04,089,0,040890,04661
Almería,Taberno,04,089,0,040890,04692
Almería,Tahal,04,090,4,040904,04274
Almería,Tahal,04,090,4,040904,04275
Almería,Tahal,04,090,4,040904,04279
Almería,Terque,04,091,1,040911,04569
Almería,Tíjola,04,092,6,040926,04275
Almería,Tíjola,04,092,6,040926,04880
Almería,Tíjola,04,092,6,040926,04887
Almería,Tíjola,04,092,6,040926,04889
Almería,Turre,04,093,2,040932,04277
Almería,Turre,04,093,2,040932,04639
Almería,Turrillas,04,094,7,040947,04211
Almería,Uleila del Campo,04,095,0,040950,04274
Almería,Uleila del Campo,04,095,0,040950,04279
Almería,Urrácal,04,096,3,040963,04879
Almería,Velefique,04,097,9,040979,04212
Almería,Vélez-Blanco,04,098,5,040985,04829
Almería,Vélez-Blanco,04,098,5,040985,04830
Almería,Vélez-Blanco,04,098,5,040985,04839
Almería,Vélez-Rubio,04,099,8,040998,04820
Almería,Vélez-Rubio,04,099,8,040998,04826
Almería,Vélez-Rubio,04,099,8,040998,04827
Almería,Vélez-Rubio,04,099,8,040998,04828
Almería,Vélez-Rubio,04,099,8,040998,04829
Almería,Vera,04,100,2,041002,04620
Almería,Viator,04,101,9,041019,04240
Almería,Vícar,04,102,4,041024,04721
Almería,Vícar,04,102,4,041024,04727
Almería,Vícar,04,102,4,041024,04738
Almería,Zurgena,04,103,0,041030,04650
Almería,Zurgena,04,103,0,041030,04661
Almería,Zurgena,04,103,0,041030,04662
Almería,"Tres Villas, Las",04,901,1,049011,04530
Almería,"Tres Villas, Las",04,901,1,049011,04532
Almería,"Ejido, El",04,902,6,049026,04700
Almería,"Ejido, El",04,902,6,049026,04710
Almería,"Ejido, El",04,902,6,049026,04711
Almería,"Ejido, El",04,902,6,049026,04712
Almería,"Ejido, El",04,902,6,049026,04715
Almería,"Ejido, El",04,902,6,049026,04716
Almería,"Mojonera, La",04,903,2,049032,04745
Almería,"Mojonera, La",04,903,2,049032,04746
Almería,Balanegra,04,904,7,049047,04713
Ávila,Adanero,05,001,3,050013,05296
Ávila,"Adrada, La",05,002,8,050028,05430
Ávila,Albornos,05,005,2,050052,05358
Ávila,Aldeanueva de Santa Cruz,05,007,1,050071,05580
Ávila,Aldeaseca,05,008,7,050087,05212
Ávila,"Aldehuela, La",05,010,4,050104,05593
Ávila,Amavida,05,012,6,050126,05560
Ávila,"Arenal, El",05,013,2,050132,05416
Ávila,Arenas de San Pedro,05,014,7,050147,05400
Ávila,Arenas de San Pedro,05,014,7,050147,05418
Ávila,Arevalillo,05,015,0,050150,05153
Ávila,Arévalo,05,016,3,050163,05200
Ávila,Aveinte,05,017,9,050179,05357
Ávila,Avellaneda,05,018,5,050185,05580
Ávila,Ávila,05,019,8,050198,05001
Ávila,Ávila,05,019,8,050198,05002
Ávila,Ávila,05,019,8,050198,05003
Ávila,Ávila,05,019,8,050198,05004
Ávila,Ávila,05,019,8,050198,05005
Ávila,Ávila,05,019,8,050198,05160
Ávila,Ávila,05,019,8,050198,05194
Ávila,Ávila,05,019,8,050198,05195
Ávila,Ávila,05,019,8,050198,05197
Ávila,"Barco de Ávila, El",05,021,9,050219,05600
Ávila,"Barraco, El",05,022,4,050224,05110
Ávila,"Barraco, El",05,022,4,050224,05278
Ávila,Barromán,05,023,0,050230,05229
Ávila,Becedas,05,024,5,050245,05610
Ávila,Becedas,05,024,5,050245,05694
Ávila,Becedillas,05,025,8,050258,05153
Ávila,Bercial de Zapardiel,05,026,1,050261,05229
Ávila,"Berlanas, Las",05,027,7,050277,05162
Ávila,Bernuy-Zapardiel,05,029,6,050296,05211
Ávila,Berrocalejo de Aragona,05,030,0,050300,05194
Ávila,Blascomillán,05,033,8,050338,05146
Ávila,Blasconuño de Matacabras,05,034,3,050343,05299
Ávila,Blascosancho,05,035,6,050356,05290
Ávila,"Bohodón, El",05,036,9,050369,05165
Ávila,Bohoyo,05,037,5,050375,05630
Ávila,Bohoyo,05,037,5,050375,05690
Ávila,Bonilla de la Sierra,05,038,1,050381,05514
Ávila,Bonilla de la Sierra,05,038,1,050381,05571
Ávila,Brabos,05,039,4,050394,05357
Ávila,Bularros,05,040,8,050408,05140
Ávila,Bularros,05,040,8,050408,05357
Ávila,Burgohondo,05,041,5,050415,05002
Ávila,Burgohondo,05,041,5,050415,05113
Ávila,Cabezas de Alambre,05,042,0,050420,05217
Ávila,Cabezas del Pozo,05,043,6,050436,05211
Ávila,Cabezas del Villar,05,044,1,050441,05148
Ávila,Cabizuela,05,045,4,050454,05165
Ávila,Canales,05,046,7,050467,05212
Ávila,Candeleda,05,047,3,050473,05480
Ávila,Candeleda,05,047,3,050473,05489
Ávila,Cantiveros,05,048,9,050489,05211
Ávila,Cardeñosa,05,049,2,050492,05320
Ávila,"Carrera, La",05,051,2,050512,05620
Ávila,Casas del Puerto,05,052,7,050527,05571
Ávila,Casasola,05,053,3,050533,05140
Ávila,Casavieja,05,054,8,050548,05450
Ávila,Casillas,05,055,1,050551,05428
Ávila,Castellanos de Zapardiel,05,056,4,050564,05229
Ávila,Cebreros,05,057,0,050570,05260
Ávila,Cepeda la Mora,05,058,6,050586,05132
Ávila,Cillán,05,059,9,050599,05149
Ávila,Cisla,05,060,3,050603,05211
Ávila,"Colilla, La",05,061,0,050610,05192
Ávila,Collado de Contreras,05,062,5,050625,05309
Ávila,Collado del Mirón,05,063,1,050631,05153
Ávila,Constanzana,05,064,6,050646,05217
Ávila,Crespos,05,065,9,050659,05300
Ávila,Crespos,05,065,9,050659,05309
Ávila,Cuevas del Valle,05,066,2,050662,05414
Ávila,Chamartín,05,067,8,050678,05141
Ávila,Donjimeno,05,069,7,050697,05217
Ávila,Donvidas,05,070,1,050701,05215
Ávila,Espinosa de los Caballeros,05,072,3,050723,05296
Ávila,Flores de Ávila,05,073,9,050739,05370
Ávila,Fontiveros,05,074,4,050744,05310
Ávila,Fresnedilla,05,075,7,050757,05427
Ávila,"Fresno, El",05,076,0,050760,05197
Ávila,Fuente el Saúz,05,077,6,050776,05212
Ávila,Fuentes de Año,05,078,2,050782,05212
Ávila,Gallegos de Altamiros,05,079,5,050795,05141
Ávila,Gallegos de Sobrinos,05,080,9,050809,05147
Ávila,Garganta del Villar,05,081,6,050816,05134
Ávila,Gavilanes,05,082,1,050821,05460
Ávila,Gemuño,05,083,7,050837,05197
Ávila,Gilbuena,05,084,2,050842,05619
Ávila,Gil García,05,085,5,050855,05693
Ávila,Gimialcón,05,086,8,050868,05380
Ávila,Gotarrendura,05,087,4,050874,05163
Ávila,Grandes y San Martín,05,088,0,050880,05357
Ávila,Guisando,05,089,3,050893,05417
Ávila,Gutierre-Muñoz,05,090,7,050907,05296
Ávila,Hernansancho,05,092,9,050929,05164
Ávila,Herradón de Pinares,05,093,5,050935,05268
Ávila,Herradón de Pinares,05,093,5,050935,05294
Ávila,Herreros de Suso,05,094,0,050940,05146
Ávila,Higuera de las Dueñas,05,095,3,050953,05427
Ávila,"Hija de Dios, La",05,096,6,050966,05131
Ávila,"Horcajada, La",05,097,2,050972,05695
Ávila,"Horcajada, La",05,097,2,050972,05696
Ávila,Horcajo de las Torres,05,099,1,050991,05210
Ávila,"Hornillo, El",05,100,5,051005,05415
Ávila,Hoyocasero,05,101,2,051012,05123
Ávila,"Hoyo de Pinares, El",05,102,7,051027,05250
Ávila,Hoyorredondo,05,103,3,051033,05516
Ávila,Hoyos del Collado,05,104,8,051048,05634
Ávila,Hoyos del Espino,05,105,1,051051,05634
Ávila,Hoyos de Miguel Muñoz,05,106,4,051064,05132
Ávila,Hurtumpascual,05,107,0,051070,05147
Ávila,Junciana,05,108,6,051086,05694
Ávila,Langa,05,109,9,051099,05213
Ávila,Lanzahíta,05,110,3,051103,05490
Ávila,"Losar del Barco, El",05,112,5,051125,05692
Ávila,"Llanos de Tormes, Los",05,113,1,051131,05690
Ávila,Madrigal de las Altas Torres,05,114,6,051146,05220
Ávila,Maello,05,115,9,051159,05291
Ávila,Malpartida de Corneja,05,116,2,051162,05153
Ávila,Mamblas,05,117,8,051178,05298
Ávila,Mancera de Arriba,05,118,4,051184,05146
Ávila,Manjabálago y Ortigosa de Rioalmar,05,119,7,051197,05145
Ávila,Marlín,05,120,1,051201,05140
Ávila,Martiherrero,05,121,8,051218,05140
Ávila,Martínez,05,122,3,051223,05151
Ávila,Martínez,05,122,3,051223,05152
Ávila,Mediana de Voltoya,05,123,9,051239,05194
Ávila,Medinilla,05,124,4,051244,05619
Ávila,Mengamuñoz,05,125,7,051257,05131
Ávila,Mesegar de Corneja,05,126,0,051260,05514
Ávila,Mijares,05,127,6,051276,05461
Ávila,Mingorría,05,128,2,051282,05163
Ávila,Mingorría,05,128,2,051282,05280
Ávila,"Mirón, El",05,129,5,051295,05153
Ávila,"Mirón, El",05,129,5,051295,05154
Ávila,Mironcillo,05,130,9,051309,05191
Ávila,Mirueña de los Infanzones,05,131,6,051316,05146
Ávila,Mombeltrán,05,132,1,051321,05410
Ávila,Mombeltrán,05,132,1,051321,05413
Ávila,Mombeltrán,05,132,1,051321,05491
Ávila,Monsalupe,05,133,7,051337,05163
Ávila,Moraleja de Matacabras,05,134,2,051342,05299
Ávila,Muñana,05,135,5,051355,05540
Ávila,Muñico,05,136,8,051368,05145
Ávila,Muñogalindo,05,138,0,051380,05530
Ávila,Muñogrande,05,139,3,051393,05309
Ávila,Muñogrande,05,139,3,051393,05357
Ávila,Muñomer del Peco,05,140,7,051407,05358
Ávila,Muñopepe,05,141,4,051414,05192
Ávila,Muñosancho,05,142,9,051429,05301
Ávila,Muñotello,05,143,5,051435,05560
Ávila,Narrillos del Álamo,05,144,0,051440,05154
Ávila,Narrillos del Rebollar,05,145,3,051453,05141
Ávila,Narros del Castillo,05,147,2,051472,05369
Ávila,Narros del Castillo,05,147,2,051472,05370
Ávila,Narros del Puerto,05,148,8,051488,05131
Ávila,Narros de Saldueña,05,149,1,051491,05358
Ávila,Navacepedilla de Corneja,05,151,1,051511,05571
Ávila,Nava de Arévalo,05,152,6,051526,05216
Ávila,Nava del Barco,05,153,2,051532,05697
Ávila,Navadijos,05,154,7,051547,05134
Ávila,Navaescurial,05,155,0,051550,05514
Ávila,Navahondilla,05,156,3,051563,05429
Ávila,Navalacruz,05,157,9,051579,05134
Ávila,Navalmoral,05,158,5,051585,05120
Ávila,Navalonguilla,05,159,8,051598,05697
Ávila,Navalosa,05,160,2,051602,05123
Ávila,Navalperal de Pinares,05,161,9,051619,05240
Ávila,Navalperal de Tormes,05,162,4,051624,05631
Ávila,Navaluenga,05,163,0,051630,05100
Ávila,Navaquesera,05,164,5,051645,05122
Ávila,Navarredonda de Gredos,05,165,8,051658,05635
Ávila,Navarredondilla,05,166,1,051661,05120
Ávila,Navarrevisca,05,167,7,051677,05115
Ávila,"Navas del Marqués, Las",05,168,3,051683,05230
Ávila,"Navas del Marqués, Las",05,168,3,051683,05239
Ávila,Navatalgordo,05,169,6,051696,05122
Ávila,Navatejares,05,170,0,051700,05697
Ávila,Neila de San Miguel,05,171,7,051717,05619
Ávila,Niharra,05,172,2,051722,05191
Ávila,Ojos-Albos,05,173,8,051738,05193
Ávila,Orbita,05,174,3,051743,05296
Ávila,"Oso, El",05,175,6,051756,05164
Ávila,Padiernos,05,176,9,051769,05520
Ávila,Pajares de Adaja,05,177,5,051775,05214
Ávila,Palacios de Goda,05,178,1,051781,05215
Ávila,Papatrigo,05,179,4,051794,05358
Ávila,"Parral, El",05,180,8,051808,05146
Ávila,Pascualcobo,05,181,5,051815,05150
Ávila,Pedro Bernardo,05,182,0,051820,05470
Ávila,Pedro-Rodríguez,05,183,6,051836,05165
Ávila,Peguerinos,05,184,1,051841,05239
Ávila,Peñalba de Ávila,05,185,4,051854,05163
Ávila,Piedrahíta,05,186,7,051867,05500
Ávila,Piedrahíta,05,186,7,051867,05515
Ávila,Piedralaves,05,187,3,051873,05440
Ávila,Piedralaves,05,187,3,051873,05540
Ávila,Poveda,05,188,9,051889,05560
Ávila,Poyales del Hoyo,05,189,2,051892,05492
Ávila,Pozanco,05,190,6,051906,05292
Ávila,Pradosegar,05,191,3,051913,05560
Ávila,Puerto Castilla,05,192,8,051928,05621
Ávila,Rasueros,05,193,4,051934,05298
Ávila,Riocabado,05,194,9,051949,05164
Ávila,Riofrío,05,195,2,051952,05190
Ávila,Rivilla de Barajas,05,196,5,051965,05309
Ávila,Salobral,05,197,1,051971,05520
Ávila,Salvadiós,05,198,7,051987,05380
Ávila,San Bartolomé de Béjar,05,199,0,051990,05619
Ávila,San Bartolomé de Corneja,05,200,4,052004,05516
Ávila,San Bartolomé de Pinares,05,201,1,052011,05267
Ávila,Sanchidrián,05,204,7,052047,05290
Ávila,Sanchorreja,05,205,0,052050,05141
Ávila,San Esteban de los Patos,05,206,3,052063,05289
Ávila,San Esteban del Valle,05,207,9,052079,05412
Ávila,San Esteban de Zapardiel,05,208,5,052085,05229
Ávila,San García de Ingelmos,05,209,8,052098,05146
Ávila,San Juan de la Encinilla,05,210,2,052102,05358
Ávila,San Juan de la Nava,05,211,9,052119,05111
Ávila,San Juan del Molinillo,05,212,4,052124,05120
Ávila,San Juan del Olmo,05,213,0,052130,05145
Ávila,San Lorenzo de Tormes,05,214,5,052145,05696
Ávila,San Martín de la Vega del Alberche,05,215,8,052158,05133
Ávila,San Martín del Pimpollar,05,216,1,052161,05132
Ávila,San Miguel de Corneja,05,217,7,052177,05514
Ávila,San Miguel de Serrezuela,05,218,3,052183,05150
Ávila,San Pascual,05,219,6,052196,05166
Ávila,San Pedro del Arroyo,05,220,0,052200,05350
Ávila,Santa Cruz del Valle,05,221,7,052217,05413
Ávila,Santa Cruz de Pinares,05,222,2,052222,05268
Ávila,Santa María del Arroyo,05,224,3,052243,05530
Ávila,Santa María del Berrocal,05,225,6,052256,05154
Ávila,Santa María del Berrocal,05,225,6,052256,05510
Ávila,Santa María de los Caballeros,05,226,9,052269,05580
Ávila,Santa María del Tiétar,05,227,5,052275,05429
Ávila,Santiago del Collado,05,228,1,052281,05592
Ávila,Santo Domingo de las Posadas,05,229,4,052294,05292
Ávila,Santo Tomé de Zabarcos,05,230,8,052308,05357
Ávila,San Vicente de Arévalo,05,231,5,052315,05217
Ávila,"Serrada, La",05,232,0,052320,05192
Ávila,Serranillos,05,233,6,052336,05115
Ávila,Sigeres,05,234,1,052341,05357
Ávila,Sinlabajos,05,235,4,052354,05215
Ávila,Solana de Ávila,05,236,7,052367,05621
Ávila,Solana de Ávila,05,236,7,052367,05691
Ávila,Solana de Rioalmar,05,237,3,052373,05149
Ávila,Solosancho,05,238,9,052389,05130
Ávila,Sotalbo,05,239,2,052392,05198
Ávila,Sotillo de la Adrada,05,240,6,052406,05420
Ávila,"Tiemblo, El",05,241,3,052413,05270
Ávila,"Tiemblo, El",05,241,3,052413,05278
Ávila,"Tiemblo, El",05,241,3,052413,05279
Ávila,Tiñosillos,05,242,8,052428,05165
Ávila,Tolbaños,05,243,4,052434,05289
Ávila,Tormellas,05,244,9,052449,05697
Ávila,Tornadizos de Ávila,05,245,2,052452,05196
Ávila,Tórtoles,05,246,5,052465,05514
Ávila,"Torre, La",05,247,1,052471,05520
Ávila,"Torre, La",05,247,1,052471,05540
Ávila,Umbrías,05,249,0,052490,05693
Ávila,Vadillo de la Sierra,05,251,0,052510,05560
Ávila,Valdecasa,05,252,5,052525,05143
Ávila,Vega de Santa María,05,253,1,052531,05292
Ávila,Velayos,05,254,6,052546,05292
Ávila,Villaflor,05,256,2,052562,05357
Ávila,Villafranca de la Sierra,05,257,8,052578,05571
Ávila,Villanueva de Gómez,05,258,4,052584,05166
Ávila,Villanueva del Aceral,05,259,7,052597,05212
Ávila,Villanueva del Campillo,05,260,1,052601,05591
Ávila,Villar de Corneja,05,261,8,052618,05516
Ávila,Villarejo del Valle,05,262,3,052623,05413
Ávila,Villatoro,05,263,9,052639,05560
Ávila,Viñegra de Moraña,05,264,4,052644,05309
Ávila,Vita,05,265,7,052657,05146
Ávila,Zapardiel de la Cañada,05,266,0,052660,05154
Ávila,Zapardiel de la Ribera,05,267,6,052676,05631
Ávila,San Juan de Gredos,05,901,4,059014,05631
Ávila,San Juan de Gredos,05,901,4,059014,05633
Ávila,Santa María del Cubillo,05,902,9,059029,05193
Ávila,Diego del Carpio,05,903,5,059035,05151
Ávila,Santiago del Tormes,05,904,0,059040,05630
Ávila,Villanueva de Ávila,05,905,3,059053,05114
Ávila,Villanueva de Ávila,05,905,3,059053,05274
Badajoz,Acedera,06,001,6,060016,06713
Badajoz,Acedera,06,001,6,060016,06730
Badajoz,Aceuchal,06,002,1,060021,06207
Badajoz,Ahillones,06,003,7,060037,06940
Badajoz,Alange,06,004,2,060042,06840
Badajoz,"Albuera, La",06,005,5,060055,06170
Badajoz,Alburquerque,06,006,8,060068,06510
Badajoz,Alburquerque,06,006,8,060068,06519
Badajoz,Alconchel,06,007,4,060074,06131
Badajoz,Alconera,06,008,0,060080,06393
Badajoz,Aljucén,06,009,3,060093,06894
Badajoz,Almendral,06,010,7,060107,06171
Badajoz,Almendralejo,06,011,4,060114,06200
Badajoz,Arroyo de San Serván,06,012,9,060129,06850
Badajoz,Atalaya,06,013,5,060135,06329
Badajoz,Azuaga,06,014,0,060140,06920
Badajoz,Azuaga,06,014,0,060140,06929
Badajoz,Badajoz,06,015,3,060153,06001
Badajoz,Badajoz,06,015,3,060153,06002
Badajoz,Badajoz,06,015,3,060153,06003
Badajoz,Badajoz,06,015,3,060153,06004
Badajoz,Badajoz,06,015,3,060153,06005
Badajoz,Badajoz,06,015,3,060153,06006
Badajoz,Badajoz,06,015,3,060153,06007
Badajoz,Badajoz,06,015,3,060153,06008
Badajoz,Badajoz,06,015,3,060153,06009
Badajoz,Badajoz,06,015,3,060153,06010
Badajoz,Badajoz,06,015,3,060153,06011
Badajoz,Badajoz,06,015,3,060153,06170
Badajoz,Badajoz,06,015,3,060153,06180
Badajoz,Badajoz,06,015,3,060153,06181
Badajoz,Badajoz,06,015,3,060153,06182
Badajoz,Badajoz,06,015,3,060153,06183
Badajoz,Badajoz,06,015,3,060153,06193
Badajoz,Badajoz,06,015,3,060153,06194
Badajoz,Badajoz,06,015,3,060153,06195
Badajoz,Barcarrota,06,016,6,060166,06160
Badajoz,Baterno,06,017,2,060172,06659
Badajoz,Benquerencia de la Serena,06,018,8,060188,06428
Badajoz,Benquerencia de la Serena,06,018,8,060188,06429
Badajoz,Benquerencia de la Serena,06,018,8,060188,06613
Badajoz,Benquerencia de la Serena,06,018,8,060188,06615
Badajoz,Berlanga,06,019,1,060191,06930
Badajoz,Bienvenida,06,020,5,060205,06250
Badajoz,Bodonal de la Sierra,06,021,2,060212,06394
Badajoz,Burguillos del Cerro,06,022,7,060227,06370
Badajoz,Cabeza del Buey,06,023,3,060233,06600
Badajoz,Cabeza del Buey,06,023,3,060233,06614
Badajoz,Cabeza la Vaca,06,024,8,060248,06293
Badajoz,Calamonte,06,025,1,060251,06810
Badajoz,Calera de León,06,026,4,060264,06292
Badajoz,Calzadilla de los Barros,06,027,0,060270,06249
Badajoz,Campanario,06,028,6,060286,06459
Badajoz,Campanario,06,028,6,060286,06460
Badajoz,Campillo de Llerena,06,029,9,060299,06443
Badajoz,Capilla,06,030,3,060303,06612
Badajoz,Carmonita,06,031,0,060310,06488
Badajoz,"Carrascalejo, El",06,032,5,060325,06894
Badajoz,Casas de Don Pedro,06,033,1,060331,06770
Badajoz,Casas de Reina,06,034,6,060346,06960
Badajoz,Castilblanco,06,035,9,060359,06680
Badajoz,Castuera,06,036,2,060362,06420
Badajoz,"Codosera, La",06,037,8,060378,06518
Badajoz,Cordobilla de Lácara,06,038,4,060384,06487
Badajoz,"Coronada, La",06,039,7,060397,06469
Badajoz,Corte de Peleas,06,040,1,060401,06196
Badajoz,Cristina,06,041,8,060418,06479
Badajoz,Cheles,06,042,3,060423,06105
Badajoz,Don Álvaro,06,043,9,060439,06820
Badajoz,Don Benito,06,044,4,060444,06400
Badajoz,Don Benito,06,044,4,060444,06410
Badajoz,Don Benito,06,044,4,060444,06412
Badajoz,Don Benito,06,044,4,060444,06711
Badajoz,Don Benito,06,044,4,060444,06719
Badajoz,Entrín Bajo,06,045,7,060457,06197
Badajoz,Esparragalejo,06,046,0,060460,06860
Badajoz,Esparragosa de la Serena,06,047,6,060476,06439
Badajoz,Esparragosa de Lares,06,048,2,060482,06620
Badajoz,Feria,06,049,5,060495,06390
Badajoz,Feria,06,049,5,060495,06391
Badajoz,Fregenal de la Sierra,06,050,8,060508,06340
Badajoz,Fuenlabrada de los Montes,06,051,5,060515,06660
Badajoz,Fuente de Cantos,06,052,0,060520,06240
Badajoz,Fuente del Arco,06,053,6,060536,06980
Badajoz,Fuente del Maestre,06,054,1,060541,06360
Badajoz,Fuentes de León,06,055,4,060554,06280
Badajoz,Garbayuela,06,056,7,060567,06690
Badajoz,Garlitos,06,057,3,060573,06656
Badajoz,"Garrovilla, La",06,058,9,060589,06870
Badajoz,Granja de Torrehermosa,06,059,2,060592,06910
Badajoz,Guareña,06,060,6,060606,06410
Badajoz,Guareña,06,060,6,060606,06470
Badajoz,"Haba, La",06,061,3,060613,06714
Badajoz,Helechosa de los Montes,06,062,8,060628,06692
Badajoz,Helechosa de los Montes,06,062,8,060628,13110
Badajoz,Herrera del Duque,06,063,4,060634,06670
Badajoz,Herrera del Duque,06,063,4,060634,06679
Badajoz,Higuera de la Serena,06,064,9,060649,06441
Badajoz,Higuera de Llerena,06,065,2,060652,06445
Badajoz,Higuera de Vargas,06,066,5,060665,06132
Badajoz,Higuera la Real,06,067,1,060671,06350
Badajoz,Hinojosa del Valle,06,068,7,060687,06226
Badajoz,Hornachos,06,069,0,060690,06228
Badajoz,Jerez de los Caballeros,06,070,4,060704,06380
Badajoz,Jerez de los Caballeros,06,070,4,060704,06389
Badajoz,"Lapa, La",06,071,1,060711,06391
Badajoz,Lobón,06,072,6,060726,06187
Badajoz,Lobón,06,072,6,060726,06498
Badajoz,Llera,06,073,2,060732,06227
Badajoz,Llerena,06,074,7,060747,06900
Badajoz,Magacela,06,075,0,060750,06468
Badajoz,Maguilla,06,076,3,060763,06939
Badajoz,Malcocinado,06,077,9,060779,06928
Badajoz,Malpartida de la Serena,06,078,5,060785,06440
Badajoz,Manchita,06,079,8,060798,06478
Badajoz,Medellín,06,080,2,060802,06411
Badajoz,Medina de las Torres,06,081,9,060819,06320
Badajoz,Mengabril,06,082,4,060824,06413
Badajoz,Mérida,06,083,0,060830,06800
Badajoz,Mirandilla,06,084,5,060845,06891
Badajoz,Monesterio,06,085,8,060858,06260
Badajoz,Montemolín,06,086,1,060861,06291
Badajoz,Montemolín,06,086,1,060861,06907
Badajoz,Montemolín,06,086,1,060861,06908
Badajoz,Monterrubio de la Serena,06,087,7,060877,06427
Badajoz,Montijo,06,088,3,060883,06480
Badajoz,Montijo,06,088,3,060883,06489
Badajoz,Montijo,06,088,3,060883,06499
Badajoz,"Morera, La",06,089,6,060896,06176
Badajoz,"Nava de Santiago, La",06,090,0,060900,06486
Badajoz,Navalvillar de Pela,06,091,7,060917,06730
Badajoz,Navalvillar de Pela,06,091,7,060917,06731
Badajoz,Navalvillar de Pela,06,091,7,060917,06760
Badajoz,Nogales,06,092,2,060922,06173
Badajoz,Oliva de la Frontera,06,093,8,060938,06120
Badajoz,Oliva de Mérida,06,094,3,060943,06475
Badajoz,Olivenza,06,095,6,060956,06100
Badajoz,Olivenza,06,095,6,060956,06106
Badajoz,Olivenza,06,095,6,060956,06107
Badajoz,Olivenza,06,095,6,060956,06108
Badajoz,Olivenza,06,095,6,060956,06109
Badajoz,Orellana de la Sierra,06,096,9,060969,06750
Badajoz,Orellana la Vieja,06,097,5,060975,06740
Badajoz,Palomas,06,098,1,060981,06476
Badajoz,"Parra, La",06,099,4,060994,06176
Badajoz,Peñalsordo,06,100,8,061008,06610
Badajoz,Peraleda del Zaucejo,06,101,5,061015,06919
Badajoz,Puebla de Alcocer,06,102,0,061020,06630
Badajoz,Puebla de la Calzada,06,103,6,061036,06490
Badajoz,Puebla de la Reina,06,104,1,061041,06477
Badajoz,Puebla del Maestre,06,105,4,061054,06906
Badajoz,Puebla del Prior,06,106,7,061067,06229
Badajoz,Puebla de Obando,06,107,3,061073,06191
Badajoz,Puebla de Sancho Pérez,06,108,9,061089,06310
Badajoz,Puebla de Sancho Pérez,06,108,9,061089,06392
Badajoz,Quintana de la Serena,06,109,2,061092,06450
Badajoz,Reina,06,110,6,061106,06970
Badajoz,Rena,06,111,3,061113,06715
Badajoz,Retamal de Llerena,06,112,8,061128,06442
Badajoz,Ribera del Fresno,06,113,4,061134,06225
Badajoz,Risco,06,114,9,061149,06657
Badajoz,"Roca de la Sierra, La",06,115,2,061152,06190
Badajoz,Salvaleón,06,116,5,061165,06174
Badajoz,Salvatierra de los Barros,06,117,1,061171,06175
Badajoz,Sancti-Spíritus,06,118,7,061187,06655
Badajoz,San Pedro de Mérida,06,119,0,061190,06893
Badajoz,Santa Amalia,06,120,4,061204,06410
Badajoz,Santa Marta,06,121,1,061211,06150
Badajoz,"Santos de Maimona, Los",06,122,6,061226,06230
Badajoz,San Vicente de Alcántara,06,123,2,061232,06500
Badajoz,Segura de León,06,124,7,061247,06270
Badajoz,Siruela,06,125,0,061250,06650
Badajoz,Solana de los Barros,06,126,3,061263,06196
Badajoz,Solana de los Barros,06,126,3,061263,06209
Badajoz,Talarrubias,06,127,9,061279,06640
Badajoz,Talavera la Real,06,128,5,061285,06140
Badajoz,Táliga,06,129,8,061298,06133
Badajoz,Tamurejo,06,130,2,061302,06658
Badajoz,Torre de Miguel Sesmero,06,131,9,061319,06172
Badajoz,Torremayor,06,132,4,061324,06880
Badajoz,Torremejía,06,133,0,061330,06210
Badajoz,Trasierra,06,134,5,061345,06909
Badajoz,Trujillanos,06,135,8,061358,06892
Badajoz,Usagre,06,136,1,061361,06290
Badajoz,Valdecaballeros,06,137,7,061377,06689
Badajoz,Valdetorres,06,138,3,061383,06474
Badajoz,Valencia de las Torres,06,139,6,061396,06444
Badajoz,Valencia del Mombuey,06,140,0,061400,06134
Badajoz,Valencia del Ventoso,06,141,7,061417,06330
Badajoz,Valverde de Burguillos,06,142,2,061422,06378
Badajoz,Valverde de Leganés,06,143,8,061438,06130
Badajoz,Valverde de Llerena,06,144,3,061443,06927
Badajoz,Valverde de Mérida,06,145,6,061456,06890
Badajoz,Valle de la Serena,06,146,9,061469,06458
Badajoz,Valle de Matamoros,06,147,5,061475,06177
Badajoz,Valle de Santa Ana,06,148,1,061481,06178
Badajoz,Villafranca de los Barros,06,149,4,061494,06220
Badajoz,Villagarcía de la Torre,06,150,7,061507,06950
Badajoz,Villagonzalo,06,151,4,061514,06473
Badajoz,Villalba de los Barros,06,152,9,061529,06208
Badajoz,Villanueva de la Serena,06,153,5,061535,06700
Badajoz,Villanueva de la Serena,06,153,5,061535,06710
Badajoz,Villanueva de la Serena,06,153,5,061535,06712
Badajoz,Villanueva de la Serena,06,153,5,061535,06718
Badajoz,Villanueva de la Serena,06,153,5,061535,06720
Badajoz,Villanueva del Fresno,06,154,0,061540,06110
Badajoz,Villar del Rey,06,155,3,061553,06192
Badajoz,Villar de Rena,06,156,6,061566,06716
Badajoz,Villar de Rena,06,156,6,061566,06717
Badajoz,Villarta de los Montes,06,157,2,061572,06678
Badajoz,Zafra,06,158,8,061588,06300
Badajoz,Zahínos,06,159,1,061591,06129
Badajoz,Zalamea de la Serena,06,160,5,061605,06430
Badajoz,Zalamea de la Serena,06,160,5,061605,06446
Badajoz,Zarza-Capilla,06,161,2,061612,06611
Badajoz,"Zarza, La",06,162,7,061627,06830
Badajoz,Valdelacalzada,06,901,7,069017,06185
Badajoz,Pueblonuevo del Guadiana,06,902,2,069022,06184
Badajoz,Guadiana,06,903,8,069038,06186
"Balears, Illes",Alaró,07,001,2,070012,07340
"Balears, Illes",Alaior,07,002,7,070027,07730
"Balears, Illes",Alcúdia,07,003,3,070033,07400
"Balears, Illes",Algaida,07,004,8,070048,07210
"Balears, Illes",Algaida,07,004,8,070048,07220
"Balears, Illes",Algaida,07,004,8,070048,07629
"Balears, Illes",Andratx,07,005,1,070051,07150
"Balears, Illes",Andratx,07,005,1,070051,07157
"Balears, Illes",Andratx,07,005,1,070051,07159
"Balears, Illes",Andratx,07,005,1,070051,07160
"Balears, Illes",Artà,07,006,4,070064,07570
"Balears, Illes",Artà,07,006,4,070064,07579
"Balears, Illes",Banyalbufar,07,007,0,070070,07190
"Balears, Illes",Banyalbufar,07,007,0,070070,07191
"Balears, Illes",Binissalem,07,008,6,070086,07350
"Balears, Illes",Búger,07,009,9,070099,07311
"Balears, Illes",Bunyola,07,010,3,070103,07110
"Balears, Illes",Bunyola,07,010,3,070103,07193
"Balears, Illes",Bunyola,07,010,3,070103,07349
"Balears, Illes",Calvià,07,011,0,070110,07160
"Balears, Illes",Calvià,07,011,0,070110,07180
"Balears, Illes",Calvià,07,011,0,070110,07181
"Balears, Illes",Calvià,07,011,0,070110,07183
"Balears, Illes",Calvià,07,011,0,070110,07184
"Balears, Illes",Calvià,07,011,0,070110,07196
"Balears, Illes",Campanet,07,012,5,070125,07310
"Balears, Illes",Campos,07,013,1,070131,07630
"Balears, Illes",Campos,07,013,1,070131,07639
"Balears, Illes",Capdepera,07,014,6,070146,07580
"Balears, Illes",Capdepera,07,014,6,070146,07589
"Balears, Illes",Capdepera,07,014,6,070146,07590
"Balears, Illes",Ciutadella de Menorca,07,015,9,070159,07750
"Balears, Illes",Ciutadella de Menorca,07,015,9,070159,07760
"Balears, Illes",Ciutadella de Menorca,07,015,9,070159,07769
"Balears, Illes",Consell,07,016,2,070162,07330
"Balears, Illes",Costitx,07,017,8,070178,07144
"Balears, Illes",Deià,07,018,4,070184,07179
"Balears, Illes",Escorca,07,019,7,070197,07315
"Balears, Illes",Esporles,07,020,1,070201,07190
"Balears, Illes",Estellencs,07,021,8,070218,07192
"Balears, Illes",Felanitx,07,022,3,070223,07200
"Balears, Illes",Felanitx,07,022,3,070223,07208
"Balears, Illes",Felanitx,07,022,3,070223,07209
"Balears, Illes",Felanitx,07,022,3,070223,07669
"Balears, Illes",Felanitx,07,022,3,070223,07670
"Balears, Illes",Ferreries,07,023,9,070239,07750
"Balears, Illes",Formentera,07,024,4,070244,07860
"Balears, Illes",Formentera,07,024,4,070244,07870
"Balears, Illes",Formentera,07,024,4,070244,07871
"Balears, Illes",Formentera,07,024,4,070244,07872
"Balears, Illes",Fornalutx,07,025,7,070257,07109
"Balears, Illes",Eivissa,07,026,0,070260,07800
"Balears, Illes",Inca,07,027,6,070276,07300
"Balears, Illes",Lloret de Vistalegre,07,028,2,070282,07518
"Balears, Illes",Lloseta,07,029,5,070295,07360
"Balears, Illes",Llubí,07,030,9,070309,07430
"Balears, Illes",Llucmajor,07,031,6,070316,07600
"Balears, Illes",Llucmajor,07,031,6,070316,07609
"Balears, Illes",Llucmajor,07,031,6,070316,07620
"Balears, Illes",Llucmajor,07,031,6,070316,07639
"Balears, Illes",Maó,07,032,1,070321,07700
"Balears, Illes",Maó,07,032,1,070321,07701
"Balears, Illes",Maó,07,032,1,070321,07702
"Balears, Illes",Maó,07,032,1,070321,07703
"Balears, Illes",Maó,07,032,1,070321,07712
"Balears, Illes",Maó,07,032,1,070321,07714
"Balears, Illes",Manacor,07,033,7,070337,07500
"Balears, Illes",Manacor,07,033,7,070337,07509
"Balears, Illes",Manacor,07,033,7,070337,07680
"Balears, Illes",Manacor,07,033,7,070337,07687
"Balears, Illes",Manacor,07,033,7,070337,07688
"Balears, Illes",Manacor,07,033,7,070337,07689
"Balears, Illes",Mancor de la Vall,07,034,2,070342,07312
"Balears, Illes",Maria de la Salut,07,035,5,070355,07519
"Balears, Illes",Marratxí,07,036,8,070368,07141
"Balears, Illes","Mercadal, Es",07,037,4,070374,07740
"Balears, Illes","Mercadal, Es",07,037,4,070374,07748
"Balears, Illes",Montuïri,07,038,0,070380,07230
"Balears, Illes",Muro,07,039,3,070393,07440
"Balears, Illes",Muro,07,039,3,070393,07458
"Balears, Illes",Palma,07,040,7,070407,07001
"Balears, Illes",Palma,07,040,7,070407,07002
"Balears, Illes",Palma,07,040,7,070407,07003
"Balears, Illes",Palma,07,040,7,070407,07004
"Balears, Illes",Palma,07,040,7,070407,07005
"Balears, Illes",Palma,07,040,7,070407,07006
"Balears, Illes",Palma,07,040,7,070407,07007
"Balears, Illes",Palma,07,040,7,070407,07008
"Balears, Illes",Palma,07,040,7,070407,07009
"Balears, Illes",Palma,07,040,7,070407,07010
"Balears, Illes",Palma,07,040,7,070407,07011
"Balears, Illes",Palma,07,040,7,070407,07012
"Balears, Illes",Palma,07,040,7,070407,07013
"Balears, Illes",Palma,07,040,7,070407,07014
"Balears, Illes",Palma,07,040,7,070407,07015
"Balears, Illes",Palma,07,040,7,070407,07071
"Balears, Illes",Palma,07,040,7,070407,07120
"Balears, Illes",Palma,07,040,7,070407,07198
"Balears, Illes",Palma,07,040,7,070407,07199
"Balears, Illes",Palma,07,040,7,070407,07600
"Balears, Illes",Palma,07,040,7,070407,07610
"Balears, Illes",Petra,07,041,4,070414,07520
"Balears, Illes",Pollença,07,042,9,070429,07460
"Balears, Illes",Pollença,07,042,9,070429,07469
"Balears, Illes",Pollença,07,042,9,070429,07470
"Balears, Illes",Porreres,07,043,5,070435,07260
"Balears, Illes","Pobla, Sa",07,044,0,070440,07420
"Balears, Illes",Puigpunyent,07,045,3,070453,07194
"Balears, Illes",Puigpunyent,07,045,3,070453,07195
"Balears, Illes",Sant Antoni de Portmany,07,046,6,070466,07800
"Balears, Illes",Sant Antoni de Portmany,07,046,6,070466,07816
"Balears, Illes",Sant Antoni de Portmany,07,046,6,070466,07820
"Balears, Illes",Sant Antoni de Portmany,07,046,6,070466,07828
"Balears, Illes",Sencelles,07,047,2,070472,07140
"Balears, Illes",Sencelles,07,047,2,070472,07143
"Balears, Illes",Sencelles,07,047,2,070472,07144
"Balears, Illes",Sencelles,07,047,2,070472,07511
"Balears, Illes",Sant Josep de sa Talaia,07,048,8,070488,07817
"Balears, Illes",Sant Josep de sa Talaia,07,048,8,070488,07818
"Balears, Illes",Sant Josep de sa Talaia,07,048,8,070488,07829
"Balears, Illes",Sant Josep de sa Talaia,07,048,8,070488,07830
"Balears, Illes",Sant Josep de sa Talaia,07,048,8,070488,07839
"Balears, Illes",Sant Joan,07,049,1,070491,07240
"Balears, Illes",Sant Joan de Labritja,07,050,4,070504,07810
"Balears, Illes",Sant Joan de Labritja,07,050,4,070504,07811
"Balears, Illes",Sant Joan de Labritja,07,050,4,070504,07812
"Balears, Illes",Sant Joan de Labritja,07,050,4,070504,07815
"Balears, Illes",Sant Llorenç des Cardassar,07,051,1,070511,07530
"Balears, Illes",Sant Llorenç des Cardassar,07,051,1,070511,07540
"Balears, Illes",Sant Llorenç des Cardassar,07,051,1,070511,07560
"Balears, Illes",Sant Llorenç des Cardassar,07,051,1,070511,07687
"Balears, Illes",Sant Lluís,07,052,6,070526,07710
"Balears, Illes",Sant Lluís,07,052,6,070526,07711
"Balears, Illes",Sant Lluís,07,052,6,070526,07713
"Balears, Illes",Santa Eugènia,07,053,2,070532,07142
"Balears, Illes",Santa Eulària des Riu,07,054,7,070547,07813
"Balears, Illes",Santa Eulària des Riu,07,054,7,070547,07814
"Balears, Illes",Santa Eulària des Riu,07,054,7,070547,07819
"Balears, Illes",Santa Eulària des Riu,07,054,7,070547,07840
"Balears, Illes",Santa Eulària des Riu,07,054,7,070547,07849
"Balears, Illes",Santa Eulària des Riu,07,054,7,070547,07850
"Balears, Illes",Santa Margalida,07,055,0,070550,07450
"Balears, Illes",Santa Margalida,07,055,0,070550,07458
"Balears, Illes",Santa Margalida,07,055,0,070550,07459
"Balears, Illes",Santa María del Camí,07,056,3,070563,07320
"Balears, Illes",Santanyí,07,057,9,070579,07650
"Balears, Illes",Santanyí,07,057,9,070579,07659
"Balears, Illes",Santanyí,07,057,9,070579,07660
"Balears, Illes",Santanyí,07,057,9,070579,07669
"Balears, Illes",Santanyí,07,057,9,070579,07690
"Balears, Illes",Santanyí,07,057,9,070579,07691
"Balears, Illes",Selva,07,058,5,070585,07313
"Balears, Illes",Selva,07,058,5,070585,07314
"Balears, Illes",Selva,07,058,5,070585,07316
"Balears, Illes",Selva,07,058,5,070585,07369
"Balears, Illes","Salines, Ses",07,059,8,070598,07638
"Balears, Illes","Salines, Ses",07,059,8,070598,07640
"Balears, Illes",Sineu,07,060,2,070602,07510
"Balears, Illes",Sóller,07,061,9,070619,07100
"Balears, Illes",Sóller,07,061,9,070619,07101
"Balears, Illes",Sóller,07,061,9,070619,07108
"Balears, Illes",Sóller,07,061,9,070619,07179
"Balears, Illes",Son Servera,07,062,4,070624,07550
"Balears, Illes",Son Servera,07,062,4,070624,07559
"Balears, Illes",Son Servera,07,062,4,070624,07560
"Balears, Illes",Valldemossa,07,063,0,070630,07170
"Balears, Illes","Castell, Es",07,064,5,070645,07720
"Balears, Illes",Vilafranca de Bonany,07,065,8,070658,07250
"Balears, Illes",Ariany,07,901,3,079013,07529
"Balears, Illes","Migjorn Gran, Es",07,902,8,079028,07749
Barcelona,Abrera,08,001,8,080018,08630
Barcelona,Aguilar de Segarra,08,002,3,080023,08256
Barcelona,Alella,08,003,9,080039,08328
Barcelona,Alpens,08,004,4,080044,08587
Barcelona,"Ametlla del Vallès, L'",08,005,7,080057,08480
Barcelona,Arenys de Mar,08,006,0,080060,08350
Barcelona,Arenys de Munt,08,007,6,080076,08358
Barcelona,Argençola,08,008,2,080082,08717
Barcelona,Argentona,08,009,5,080095,08310
Barcelona,Artés,08,010,9,080109,08271
Barcelona,Avià,08,011,6,080116,08610
Barcelona,Avinyó,08,012,1,080121,08279
Barcelona,Avinyonet del Penedès,08,013,7,080137,08734
Barcelona,Avinyonet del Penedès,08,013,7,080137,08793
Barcelona,Avinyonet del Penedès,08,013,7,080137,08798
Barcelona,Aiguafreda,08,014,2,080142,08591
Barcelona,Badalona,08,015,5,080155,08911
Barcelona,Badalona,08,015,5,080155,08912
Barcelona,Badalona,08,015,5,080155,08913
Barcelona,Badalona,08,015,5,080155,08914
Barcelona,Badalona,08,015,5,080155,08915
Barcelona,Badalona,08,015,5,080155,08916
Barcelona,Badalona,08,015,5,080155,08917
Barcelona,Badalona,08,015,5,080155,08918
Barcelona,Bagà,08,016,8,080168,08695
Barcelona,Balenyà,08,017,4,080174,08550
Barcelona,Balsareny,08,018,0,080180,08660
Barcelona,Barcelona,08,019,3,080193,08001
Barcelona,Barcelona,08,019,3,080193,08002
Barcelona,Barcelona,08,019,3,080193,08003
Barcelona,Barcelona,08,019,3,080193,08004
Barcelona,Barcelona,08,019,3,080193,08005
Barcelona,Barcelona,08,019,3,080193,08006
Barcelona,Barcelona,08,019,3,080193,08007
Barcelona,Barcelona,08,019,3,080193,08008
Barcelona,Barcelona,08,019,3,080193,08009
Barcelona,Barcelona,08,019,3,080193,08010
Barcelona,Barcelona,08,019,3,080193,08011
Barcelona,Barcelona,08,019,3,080193,08012
Barcelona,Barcelona,08,019,3,080193,08013
Barcelona,Barcelona,08,019,3,080193,08014
Barcelona,Barcelona,08,019,3,080193,08015
Barcelona,Barcelona,08,019,3,080193,08016
Barcelona,Barcelona,08,019,3,080193,08017
Barcelona,Barcelona,08,019,3,080193,08018
Barcelona,Barcelona,08,019,3,080193,08019
Barcelona,Barcelona,08,019,3,080193,08020
Barcelona,Barcelona,08,019,3,080193,08021
Barcelona,Barcelona,08,019,3,080193,08022
Barcelona,Barcelona,08,019,3,080193,08023
Barcelona,Barcelona,08,019,3,080193,08024
Barcelona,Barcelona,08,019,3,080193,08025
Barcelona,Barcelona,08,019,3,080193,08026
Barcelona,Barcelona,08,019,3,080193,08027
Barcelona,Barcelona,08,019,3,080193,08028
Barcelona,Barcelona,08,019,3,080193,08029
Barcelona,Barcelona,08,019,3,080193,08030
Barcelona,Barcelona,08,019,3,080193,08031
Barcelona,Barcelona,08,019,3,080193,08032
Barcelona,Barcelona,08,019,3,080193,08033
Barcelona,Barcelona,08,019,3,080193,08034
Barcelona,Barcelona,08,019,3,080193,08035
Barcelona,Barcelona,08,019,3,080193,08036
Barcelona,Barcelona,08,019,3,080193,08037
Barcelona,Barcelona,08,019,3,080193,08038
Barcelona,Barcelona,08,019,3,080193,08039
Barcelona,Barcelona,08,019,3,080193,08040
Barcelona,Barcelona,08,019,3,080193,08041
Barcelona,Barcelona,08,019,3,080193,08042
Barcelona,Begues,08,020,7,080207,08859
Barcelona,Bellprat,08,021,4,080214,43421
Barcelona,Berga,08,022,9,080229,08600
Barcelona,Bigues i Riells del Fai,08,023,5,080235,08415
Barcelona,Bigues i Riells del Fai,08,023,5,080235,08416
Barcelona,Borredà,08,024,0,080240,08619
Barcelona,"Bruc, El",08,025,3,080253,08294
Barcelona,"Brull, El",08,026,6,080266,08559
Barcelona,"Cabanyes, Les",08,027,2,080272,08794
Barcelona,Cabrera d'Anoia,08,028,8,080288,08718
Barcelona,Cabrera de Mar,08,029,1,080291,08349
Barcelona,Cabrils,08,030,5,080305,08348
Barcelona,Calaf,08,031,2,080312,08280
Barcelona,Caldes d'Estrac,08,032,7,080327,08393
Barcelona,Caldes de Montbui,08,033,3,080333,08140
Barcelona,Calders,08,034,8,080348,08275
Barcelona,Calella,08,035,1,080351,08370
Barcelona,Calonge de Segarra,08,036,4,080364,08281
Barcelona,Calldetenes,08,037,0,080370,08506
Barcelona,Callús,08,038,6,080386,08262
Barcelona,Campins,08,039,9,080399,08472
Barcelona,Canet de Mar,08,040,3,080403,08360
Barcelona,Canovelles,08,041,0,080410,08420
Barcelona,Cànoves i Samalús,08,042,5,080425,08445
Barcelona,Canyelles,08,043,1,080431,08811
Barcelona,Capellades,08,044,6,080446,08786
Barcelona,Capolat,08,045,9,080459,08617
Barcelona,Cardedeu,08,046,2,080462,08440
Barcelona,Cardona,08,047,8,080478,08261
Barcelona,Carme,08,048,4,080484,08787
Barcelona,Casserres,08,049,7,080497,08693
Barcelona,Castellar del Riu,08,050,0,080500,08618
Barcelona,Castellar del Vallès,08,051,7,080517,08211
Barcelona,Castellar de n'Hug,08,052,2,080522,08696
Barcelona,Castellbell i el Vilar,08,053,8,080538,08296
Barcelona,Castellbisbal,08,054,3,080543,08755
Barcelona,Castellcir,08,055,6,080556,08183
Barcelona,Castelldefels,08,056,9,080569,08860
Barcelona,Castell de l'Areny,08,057,5,080575,08604
Barcelona,Castellet i la Gornal,08,058,1,080581,08729
Barcelona,Castellet i la Gornal,08,058,1,080581,08732
Barcelona,Castellfollit del Boix,08,059,4,080594,08255
Barcelona,Castellfollit de Riubregós,08,060,8,080608,08283
Barcelona,Castellgalí,08,061,5,080615,08297
Barcelona,Castellnou de Bages,08,062,0,080620,08251
Barcelona,Castellolí,08,063,6,080636,08719
Barcelona,Castellterçol,08,064,1,080641,08183
Barcelona,Castellví de la Marca,08,065,4,080654,08732
Barcelona,Castellví de Rosanes,08,066,7,080667,08769
Barcelona,Centelles,08,067,3,080673,08540
Barcelona,Cervelló,08,068,9,080689,08758
Barcelona,Collbató,08,069,2,080692,08293
Barcelona,Collsuspina,08,070,6,080706,08178
Barcelona,Copons,08,071,3,080713,08289
Barcelona,Corbera de Llobregat,08,072,8,080728,08757
Barcelona,Cornellà de Llobregat,08,073,4,080734,08073
Barcelona,Cornellà de Llobregat,08,073,4,080734,08940
Barcelona,Cubelles,08,074,9,080749,08880
Barcelona,Dosrius,08,075,2,080752,08318
Barcelona,Dosrius,08,075,2,080752,08319
Barcelona,Esparreguera,08,076,5,080765,08292
Barcelona,Esplugues de Llobregat,08,077,1,080771,08950
Barcelona,"Espunyola, L'",08,078,7,080787,08614
Barcelona,"Estany, L'",08,079,0,080790,08148
Barcelona,Fígols,08,080,4,080804,08698
Barcelona,Fogars de Montclús,08,081,1,080811,08469
Barcelona,Fogars de Montclús,08,081,1,080811,08479
Barcelona,Fogars de la Selva,08,082,6,080826,08495
Barcelona,Folgueroles,08,083,2,080832,08519
Barcelona,Fonollosa,08,084,7,080847,08259
Barcelona,Font-rubí,08,085,0,080850,08736
Barcelona,"Franqueses del Vallès, Les",08,086,3,080863,08520
Barcelona,"Franqueses del Vallès, Les",08,086,3,080863,08521
Barcelona,Gallifa,08,087,9,080879,08146
Barcelona,"Garriga, La",08,088,5,080885,08530
Barcelona,Gavà,08,089,8,080898,08850
Barcelona,Gaià,08,090,2,080902,08672
Barcelona,Gelida,08,091,9,080919,08790
Barcelona,Gironella,08,092,4,080924,08680
Barcelona,Gisclareny,08,093,0,080930,08695
Barcelona,"Granada, La",08,094,5,080945,08792
Barcelona,Granera,08,095,8,080958,08183
Barcelona,Granollers,08,096,1,080961,08401
Barcelona,Granollers,08,096,1,080961,08402
Barcelona,Granollers,08,096,1,080961,08403
Barcelona,Gualba,08,097,7,080977,08474
Barcelona,Sant Salvador de Guardiola,08,098,3,080983,08253
Barcelona,Guardiola de Berguedà,08,099,6,080996,08694
Barcelona,Gurb,08,100,0,081000,08503
Barcelona,"Hospitalet de Llobregat, L'",08,101,7,081017,08901
Barcelona,"Hospitalet de Llobregat, L'",08,101,7,081017,08902
Barcelona,"Hospitalet de Llobregat, L'",08,101,7,081017,08903
Barcelona,"Hospitalet de Llobregat, L'",08,101,7,081017,08904
Barcelona,"Hospitalet de Llobregat, L'",08,101,7,081017,08905
Barcelona,"Hospitalet de Llobregat, L'",08,101,7,081017,08906
Barcelona,"Hospitalet de Llobregat, L'",08,101,7,081017,08907
Barcelona,"Hospitalet de Llobregat, L'",08,101,7,081017,08908
Barcelona,Igualada,08,102,2,081022,08700
Barcelona,Jorba,08,103,8,081038,08719
Barcelona,"Llacuna, La",08,104,3,081043,08779
Barcelona,"Llagosta, La",08,105,6,081056,08120
Barcelona,Llinars del Vallès,08,106,9,081069,08450
Barcelona,Lliçà d'Amunt,08,107,5,081075,08186
Barcelona,Lliçà de Vall,08,108,1,081081,08185
Barcelona,Lluçà,08,109,4,081094,08514
Barcelona,Malgrat de Mar,08,110,8,081108,08380
Barcelona,Malla,08,111,5,081115,08522
Barcelona,Manlleu,08,112,0,081120,08560
Barcelona,Manresa,08,113,6,081136,08240
Barcelona,Manresa,08,113,6,081136,08241
Barcelona,Manresa,08,113,6,081136,08242
Barcelona,Manresa,08,113,6,081136,08243
Barcelona,Martorell,08,114,1,081141,08760
Barcelona,Martorelles,08,115,4,081154,08107
Barcelona,"Masies de Roda, Les",08,116,7,081167,08510
Barcelona,"Masies de Voltregà, Les",08,117,3,081173,08508
Barcelona,"Masnou, El",08,118,9,081189,08320
Barcelona,Masquefa,08,119,2,081192,08782
Barcelona,Masquefa,08,119,2,081192,08783
Barcelona,Matadepera,08,120,6,081206,08230
Barcelona,Mataró,08,121,3,081213,08204
Barcelona,Mataró,08,121,3,081213,08301
Barcelona,Mataró,08,121,3,081213,08302
Barcelona,Mataró,08,121,3,081213,08303
Barcelona,Mataró,08,121,3,081213,08304
Barcelona,Mediona,08,122,8,081228,08773
Barcelona,Molins de Rei,08,123,4,081234,08750
Barcelona,Mollet del Vallès,08,124,9,081249,08100
Barcelona,Mollet del Vallès,08,124,9,081249,08104
Barcelona,Montcada i Reixac,08,125,2,081252,08110
Barcelona,Montgat,08,126,5,081265,08390
Barcelona,Monistrol de Montserrat,08,127,1,081271,08691
Barcelona,Monistrol de Calders,08,128,7,081287,08275
Barcelona,Muntanyola,08,129,0,081290,08529
Barcelona,Montclar,08,130,4,081304,08605
Barcelona,Montesquiu,08,131,1,081311,08585
Barcelona,Montmajor,08,132,6,081326,08612
Barcelona,Montmaneu,08,133,2,081332,08717
Barcelona,Figaró-Montmany,08,134,7,081347,08590
Barcelona,Montmeló,08,135,0,081350,08160
Barcelona,Montornès del Vallès,08,136,3,081363,08170
Barcelona,Montseny,08,137,9,081379,08469
Barcelona,Moià,08,138,5,081385,08180
Barcelona,Mura,08,139,8,081398,08278
Barcelona,Navarcles,08,140,2,081402,08270
Barcelona,Navàs,08,141,9,081419,08269
Barcelona,Navàs,08,141,9,081419,08670
Barcelona,"Nou de Berguedà, La",08,142,4,081424,08698
Barcelona,Òdena,08,143,0,081430,08711
Barcelona,Olvan,08,144,5,081445,08611
Barcelona,Olèrdola,08,145,8,081458,08734
Barcelona,Olèrdola,08,145,8,081458,08799
Barcelona,Olesa de Bonesvalls,08,146,1,081461,08795
Barcelona,Olesa de Montserrat,08,147,7,081477,08640
Barcelona,Olivella,08,148,3,081483,08818
Barcelona,Olost,08,149,6,081496,08516
Barcelona,Orís,08,150,9,081509,08573
Barcelona,Oristà,08,151,6,081516,08518
Barcelona,Orpí,08,152,1,081521,08787
Barcelona,Òrrius,08,153,7,081537,08317
Barcelona,Pacs del Penedès,08,154,2,081542,08796
Barcelona,Palafolls,08,155,5,081555,08389
Barcelona,Palau-solità i Plegamans,08,156,8,081568,08184
Barcelona,Pallejà,08,157,4,081574,08753
Barcelona,Pallejà,08,157,4,081574,08780
Barcelona,"Papiol, El",08,158,0,081580,08754
Barcelona,Parets del Vallès,08,159,3,081593,08150
Barcelona,Perafita,08,160,7,081607,08589
Barcelona,Piera,08,161,4,081614,08784
Barcelona,"Hostalets de Pierola, Els",08,162,9,081629,08781
Barcelona,Pineda de Mar,08,163,5,081635,08397
Barcelona,"Pla del Penedès, El",08,164,0,081640,08733
Barcelona,"Pobla de Claramunt, La",08,165,3,081653,08787
Barcelona,"Pobla de Lillet, La",08,166,6,081666,08696
Barcelona,Polinyà,08,167,2,081672,08213
Barcelona,Pontons,08,168,8,081688,08738
Barcelona,"Prat de Llobregat, El",08,169,1,081691,08820
Barcelona,"Prats de Rei, Els",08,170,5,081705,08281
Barcelona,Prats de Lluçanès,08,171,2,081712,08513
Barcelona,Premià de Mar,08,172,7,081727,08330
Barcelona,Puigdàlber,08,174,8,081748,08797
Barcelona,Puig-reig,08,175,1,081751,08672
Barcelona,Puig-reig,08,175,1,081751,08692
Barcelona,Pujalt,08,176,4,081764,08282
Barcelona,"Quar, La",08,177,0,081770,08606
Barcelona,Rajadell,08,178,6,081786,08256
Barcelona,Rellinars,08,179,9,081799,08299
Barcelona,Ripollet,08,180,3,081803,08291
Barcelona,"Roca del Vallès, La",08,181,0,081810,08430
Barcelona,"Pont de Vilomara i Rocafort, El",08,182,5,081825,08254
Barcelona,Roda de Ter,08,183,1,081831,08510
Barcelona,Rubí,08,184,6,081846,08191
Barcelona,Rubió,08,185,9,081859,08719
Barcelona,Sabadell,08,187,8,081878,08184
Barcelona,Sabadell,08,187,8,081878,08201
Barcelona,Sabadell,08,187,8,081878,08202
Barcelona,Sabadell,08,187,8,081878,08203
Barcelona,Sabadell,08,187,8,081878,08204
Barcelona,Sabadell,08,187,8,081878,08205
Barcelona,Sabadell,08,187,8,081878,08206
Barcelona,Sabadell,08,187,8,081878,08207
Barcelona,Sabadell,08,187,8,081878,08208
Barcelona,Sagàs,08,188,4,081884,08517
Barcelona,Sant Pere Sallavinera,08,189,7,081897,08281
Barcelona,Saldes,08,190,1,081901,08697
Barcelona,Sallent,08,191,8,081918,08650
Barcelona,Santpedor,08,192,3,081923,08251
Barcelona,Sant Iscle de Vallalta,08,193,9,081939,08359
Barcelona,Sant Adrià de Besòs,08,194,4,081944,08930
Barcelona,Sant Agustí de Lluçanès,08,195,7,081957,08586
Barcelona,Sant Andreu de la Barca,08,196,0,081960,08740
Barcelona,Sant Andreu de Llavaneres,08,197,6,081976,08392
Barcelona,Sant Antoni de Vilamajor,08,198,2,081982,08459
Barcelona,Sant Bartomeu del Grau,08,199,5,081995,08503
Barcelona,Sant Boi de Llobregat,08,200,9,082009,08220
Barcelona,Sant Boi de Llobregat,08,200,9,082009,08830
Barcelona,Sant Boi de Lluçanès,08,201,6,082016,08589
Barcelona,Sant Celoni,08,202,1,082021,08470
Barcelona,Sant Celoni,08,202,1,082021,08476
Barcelona,Sant Cebrià de Vallalta,08,203,7,082037,08396
Barcelona,Sant Climent de Llobregat,08,204,2,082042,08849
Barcelona,Sant Cugat del Vallès,08,205,5,082055,08172
Barcelona,Sant Cugat del Vallès,08,205,5,082055,08173
Barcelona,Sant Cugat del Vallès,08,205,5,082055,08174
Barcelona,Sant Cugat del Vallès,08,205,5,082055,08190
Barcelona,Sant Cugat del Vallès,08,205,5,082055,08195
Barcelona,Sant Cugat del Vallès,08,205,5,082055,08196
Barcelona,Sant Cugat del Vallès,08,205,5,082055,08197
Barcelona,Sant Cugat del Vallès,08,205,5,082055,08198
Barcelona,Sant Cugat Sesgarrigues,08,206,8,082068,08798
Barcelona,Sant Esteve de Palautordera,08,207,4,082074,08461
Barcelona,Sant Esteve Sesrovires,08,208,0,082080,08635
Barcelona,Sant Fost de Campsentelles,08,209,3,082093,08105
Barcelona,Sant Feliu de Codines,08,210,7,082107,08182
Barcelona,Sant Feliu de Llobregat,08,211,4,082114,08980
Barcelona,Sant Feliu Sasserra,08,212,9,082129,08274
Barcelona,Sant Fruitós de Bages,08,213,5,082135,08272
Barcelona,Vilassar de Dalt,08,214,0,082140,08339
Barcelona,Sant Hipòlit de Voltregà,08,215,3,082153,08512
Barcelona,Sant Jaume de Frontanyà,08,216,6,082166,08607
Barcelona,Sant Joan Despí,08,217,2,082172,08970
Barcelona,Sant Joan de Vilatorrada,08,218,8,082188,08250
Barcelona,Vilassar de Mar,08,219,1,082191,08340
Barcelona,Sant Julià de Vilatorta,08,220,5,082205,08504
Barcelona,Sant Just Desvern,08,221,2,082212,08960
Barcelona,Sant Llorenç d'Hortons,08,222,7,082227,08791
Barcelona,Sant Llorenç Savall,08,223,3,082233,08212
Barcelona,Sant Martí de Centelles,08,224,8,082248,08592
Barcelona,Sant Martí d'Albars,08,225,1,082251,08515
Barcelona,Sant Martí de Tous,08,226,4,082264,08712
Barcelona,Sant Martí Sarroca,08,227,0,082270,08731
Barcelona,Sant Martí Sesgueioles,08,228,6,082286,08282
Barcelona,Sant Mateu de Bages,08,229,9,082299,08263
Barcelona,Sant Mateu de Bages,08,229,9,082299,08269
Barcelona,Premià de Dalt,08,230,3,082303,08338
Barcelona,Sant Pere de Ribes,08,231,0,082310,08810
Barcelona,Sant Pere de Ribes,08,231,0,082310,08812
Barcelona,Sant Pere de Riudebitlles,08,232,5,082325,08776
Barcelona,Sant Pere de Torelló,08,233,1,082331,08572
Barcelona,Sant Pere de Vilamajor,08,234,6,082346,08458
Barcelona,Sant Pol de Mar,08,235,9,082359,08395
Barcelona,Sant Quintí de Mediona,08,236,2,082362,08777
Barcelona,Sant Quirze de Besora,08,237,8,082378,08580
Barcelona,Sant Quirze del Vallès,08,238,4,082384,08192
Barcelona,Sant Quirze del Vallès,08,238,4,082384,08194
Barcelona,Sant Quirze Safaja,08,239,7,082397,08189
Barcelona,Sant Sadurní d'Anoia,08,240,1,082401,08770
Barcelona,Sant Sadurní d'Osormort,08,241,8,082418,08504
Barcelona,Marganell,08,242,3,082423,08298
Barcelona,Santa Cecília de Voltregà,08,243,9,082439,08509
Barcelona,Santa Coloma de Cervelló,08,244,4,082444,08690
Barcelona,Santa Coloma de Gramenet,08,245,7,082457,08921
Barcelona,Santa Coloma de Gramenet,08,245,7,082457,08922
Barcelona,Santa Coloma de Gramenet,08,245,7,082457,08923
Barcelona,Santa Coloma de Gramenet,08,245,7,082457,08924
Barcelona,Santa Eugènia de Berga,08,246,0,082460,08507
Barcelona,Santa Eulàlia de Riuprimer,08,247,6,082476,08505
Barcelona,Santa Eulàlia de Ronçana,08,248,2,082482,08187
Barcelona,Santa Fe del Penedès,08,249,5,082495,08792
Barcelona,Santa Margarida de Montbui,08,250,8,082508,08710
Barcelona,Santa Margarida i els Monjos,08,251,5,082515,08730
Barcelona,Barberà del Vallès,08,252,0,082520,08210
Barcelona,Santa Maria de Besora,08,253,6,082536,08584
Barcelona,"Esquirol, L'",08,254,1,082541,08511
Barcelona,"Esquirol, L'",08,254,1,082541,08569
Barcelona,Santa Maria de Merlès,08,255,4,082554,08517
Barcelona,Santa Maria de Martorelles,08,256,7,082567,08106
Barcelona,Santa Maria de Miralles,08,257,3,082573,08787
Barcelona,Santa Maria d'Oló,08,258,9,082589,08273
Barcelona,Santa Maria de Palautordera,08,259,2,082592,08460
Barcelona,Santa Perpètua de Mogoda,08,260,6,082606,08130
Barcelona,Santa Susanna,08,261,3,082613,08398
Barcelona,Sant Vicenç de Castellet,08,262,8,082628,08295
Barcelona,Sant Vicenç dels Horts,08,263,4,082634,08620
Barcelona,Sant Vicenç de Montalt,08,264,9,082649,08394
Barcelona,Sant Vicenç de Torelló,08,265,2,082652,08571
Barcelona,Cerdanyola del Vallès,08,266,5,082665,08193
Barcelona,Cerdanyola del Vallès,08,266,5,082665,08290
Barcelona,Sentmenat,08,267,1,082671,08181
Barcelona,Cercs,08,268,7,082687,08698
Barcelona,Seva,08,269,0,082690,08553
Barcelona,Seva,08,269,0,082690,08554
Barcelona,Sitges,08,270,4,082704,08660
Barcelona,Sitges,08,270,4,082704,08860
Barcelona,Sitges,08,270,4,082704,08870
Barcelona,Sitges,08,270,4,082704,08871
Barcelona,Sitges,08,270,4,082704,08872
Barcelona,Sobremunt,08,271,1,082711,08589
Barcelona,Sora,08,272,6,082726,08588
Barcelona,Subirats,08,273,2,082732,08739
Barcelona,Súria,08,274,7,082747,08260
Barcelona,Tavèrnoles,08,275,0,082750,08519
Barcelona,Tagamanent,08,276,3,082763,08593
Barcelona,Talamanca,08,277,9,082779,08278
Barcelona,Taradell,08,278,5,082785,08552
Barcelona,Terrassa,08,279,8,082798,08221
Barcelona,Terrassa,08,279,8,082798,08222
Barcelona,Terrassa,08,279,8,082798,08223
Barcelona,Terrassa,08,279,8,082798,08224
Barcelona,Terrassa,08,279,8,082798,08225
Barcelona,Terrassa,08,279,8,082798,08226
Barcelona,Terrassa,08,279,8,082798,08227
Barcelona,Terrassa,08,279,8,082798,08228
Barcelona,Terrassa,08,279,8,082798,08758
Barcelona,Terrassa,08,279,8,082798,08801
Barcelona,Tavertet,08,280,2,082802,08511
Barcelona,Teià,08,281,9,082819,08329
Barcelona,Tiana,08,282,4,082824,08391
Barcelona,Tona,08,283,0,082830,08551
Barcelona,Tordera,08,284,5,082845,08490
Barcelona,Torelló,08,285,8,082858,08570
Barcelona,"Torre de Claramunt, La",08,286,1,082861,08789
Barcelona,Torrelavit,08,287,7,082877,08775
Barcelona,Torrelles de Foix,08,288,3,082883,08737
Barcelona,Torrelles de Llobregat,08,289,6,082896,08629
Barcelona,Ullastrell,08,290,0,082900,08231
Barcelona,Vacarisses,08,291,7,082917,08233
Barcelona,Vallbona d'Anoia,08,292,2,082922,08785
Barcelona,Vallcebre,08,293,8,082938,08699
Barcelona,Vallgorguina,08,294,3,082943,08471
Barcelona,Vallirana,08,295,6,082956,08759
Barcelona,Vallromanes,08,296,9,082969,08188
Barcelona,Veciana,08,297,5,082975,08289
Barcelona,Vic,08,298,1,082981,08500
Barcelona,Vic,08,298,1,082981,08519
Barcelona,Vilada,08,299,4,082994,08613
Barcelona,Viladecavalls,08,300,8,083008,08232
Barcelona,Viladecans,08,301,5,083015,08840
Barcelona,Vilanova del Camí,08,302,0,083020,08788
Barcelona,Vilanova de Sau,08,303,6,083036,08519
Barcelona,Vilobí del Penedès,08,304,1,083041,08735
Barcelona,Vilafranca del Penedès,08,305,4,083054,08720
Barcelona,Vilalba Sasserra,08,306,7,083067,08455
Barcelona,Vilanova i la Geltrú,08,307,3,083073,08800
Barcelona,Viver i Serrateix,08,308,9,083089,08673
Barcelona,Rupit i Pruit,08,901,9,089019,08569
Barcelona,Vilanova del Vallès,08,902,4,089024,08410
Barcelona,Sant Julià de Cerdanyola,08,903,0,089030,08694
Barcelona,Badia del Vallès,08,904,5,089045,08214
Barcelona,"Palma de Cervelló, La",08,905,8,089058,08756
Burgos,Abajas,09,001,1,090011,09141
Burgos,Adrada de Haza,09,003,2,090032,09462
Burgos,Aguas Cándidas,09,006,3,090063,09593
Burgos,Aguilar de Bureba,09,007,9,090079,09249
Burgos,Albillos,09,009,8,090098,09239
Burgos,Alcocero de Mola,09,010,2,090102,09258
Burgos,Alfoz de Bricia,09,011,9,090119,09571
Burgos,Alfoz de Bricia,09,011,9,090119,09572
Burgos,Alfoz de Bricia,09,011,9,090119,39232
Burgos,Alfoz de Santa Gadea,09,012,4,090124,09571
Burgos,Altable,09,013,0,090130,09219
Burgos,"Altos, Los",09,014,5,090145,09146
Burgos,"Altos, Los",09,014,5,090145,09551
Burgos,"Altos, Los",09,014,5,090145,09559
Burgos,Ameyugo,09,016,1,090161,09219
Burgos,Anguix,09,017,7,090177,09313
Burgos,Aranda de Duero,09,018,3,090183,09370
Burgos,Aranda de Duero,09,018,3,090183,09400
Burgos,Aranda de Duero,09,018,3,090183,09450
Burgos,Arandilla,09,019,6,090196,09410
Burgos,Arauzo de Miel,09,020,0,090200,09451
Burgos,Arauzo de Salce,09,021,7,090217,09451
Burgos,Arauzo de Torre,09,022,2,090222,09451
Burgos,Arcos,09,023,8,090238,09195
Burgos,Arcos,09,023,8,090238,09239
Burgos,Arenillas de Riopisuerga,09,024,3,090243,09107
Burgos,Arija,09,025,6,090256,09570
Burgos,Arlanzón,09,026,9,090269,09199
Burgos,Arraya de Oca,09,027,5,090275,09292
Burgos,Atapuerca,09,029,4,090294,09199
Burgos,"Ausines, Los",09,030,8,090308,09194
Burgos,"Ausines, Los",09,030,8,090308,09351
Burgos,"Ausines, Los",09,030,8,090308,09642
Burgos,Avellanosa de Muñó,09,032,0,090320,09345
Burgos,Bahabón de Esgueva,09,033,6,090336,09350
Burgos,"Balbases, Los",09,034,1,090341,09119
Burgos,Baños de Valdearados,09,035,4,090354,09450
Burgos,Bañuelos de Bureba,09,036,7,090367,09248
Burgos,Barbadillo de Herreros,09,037,3,090373,09615
Burgos,Barbadillo del Mercado,09,038,9,090389,09613
Burgos,Barbadillo del Pez,09,039,2,090392,09614
Burgos,Barrio de Muñó,09,041,3,090413,09226
Burgos,"Barrios de Bureba, Los",09,043,4,090434,09246
Burgos,"Barrios de Bureba, Los",09,043,4,090434,09249
Burgos,Barrios de Colina,09,044,9,090449,09199
Burgos,Basconcillos del Tozo,09,045,2,090452,09125
Burgos,Basconcillos del Tozo,09,045,2,090452,09126
Burgos,Basconcillos del Tozo,09,045,2,090452,09127
Burgos,Bascuñana,09,046,5,090465,09259
Burgos,Belbimbre,09,047,1,090471,09226
Burgos,Belorado,09,048,7,090487,09248
Burgos,Belorado,09,048,7,090487,09250
Burgos,Belorado,09,048,7,090487,09258
Burgos,Belorado,09,048,7,090487,09267
Burgos,Belorado,09,048,7,090487,09272
Burgos,Berberana,09,050,3,090503,01427
Burgos,Berberana,09,050,3,090503,09511
Burgos,Berlangas de Roa,09,051,0,090510,09316
Burgos,Berzosa de Bureba,09,052,5,090525,09245
Burgos,Bozoó,09,054,6,090546,09214
Burgos,Bozoó,09,054,6,090546,09219
Burgos,Brazacorta,09,055,9,090559,09490
Burgos,Briviesca,09,056,2,090562,09240
Burgos,Briviesca,09,056,2,090562,09245
Burgos,Briviesca,09,056,2,090562,09248
Burgos,Briviesca,09,056,2,090562,09249
Burgos,Briviesca,09,056,2,090562,09292
Burgos,Bugedo,09,057,8,090578,09293
Burgos,Buniel,09,058,4,090584,09230
Burgos,Burgos,09,059,7,090597,09001
Burgos,Burgos,09,059,7,090597,09002
Burgos,Burgos,09,059,7,090597,09003
Burgos,Burgos,09,059,7,090597,09004
Burgos,Burgos,09,059,7,090597,09005
Burgos,Burgos,09,059,7,090597,09006
Burgos,Burgos,09,059,7,090597,09007
Burgos,Burgos,09,059,7,090597,09192
Burgos,Burgos,09,059,7,090597,09193
Burgos,Burgos,09,059,7,090597,09199
Burgos,Busto de Bureba,09,060,1,090601,09244
Burgos,Cabañes de Esgueva,09,061,8,090618,09350
Burgos,Cabezón de la Sierra,09,062,3,090623,09612
Burgos,Cavia,09,063,9,090639,09239
Burgos,Caleruega,09,064,4,090644,09451
Burgos,Campillo de Aranda,09,065,7,090657,09493
Burgos,Campolara,09,066,0,090660,09650
Burgos,Canicosa de la Sierra,09,067,6,090676,09692
Burgos,Cantabrana,09,068,2,090682,09593
Burgos,Carazo,09,070,9,090709,09611
Burgos,Carcedo de Bureba,09,071,6,090716,09246
Burgos,Carcedo de Bureba,09,071,6,090716,09592
Burgos,Carcedo de Burgos,09,072,1,090721,09193
Burgos,Carcedo de Burgos,09,072,1,090721,09194
Burgos,Cardeñadijo,09,073,7,090737,09194
Burgos,Cardeñajimeno,09,074,2,090742,09193
Burgos,Cardeñajimeno,09,074,2,090742,09199
Burgos,Cardeñuela Riopico,09,075,5,090755,09192
Burgos,Carrias,09,076,8,090768,09248
Burgos,Cascajares de Bureba,09,077,4,090774,09280
Burgos,Cascajares de la Sierra,09,078,0,090780,09640
Burgos,Castellanos de Castro,09,079,3,090793,09227
Burgos,Castildelgado,09,082,9,090829,09259
Burgos,Castil de Peones,09,083,5,090835,09258
Burgos,Castrillo de la Reina,09,084,0,090840,09691
Burgos,Castrillo de la Vega,09,085,3,090853,09391
Burgos,Castrillo del Val,09,086,6,090866,09193
Burgos,Castrillo del Val,09,086,6,090866,09198
Burgos,Castrillo de Riopisuerga,09,088,8,090888,09108
Burgos,Castrillo Mota de Judíos,09,090,5,090905,09107
Burgos,Castrojeriz,09,091,2,090912,09109
Burgos,Castrojeriz,09,091,2,090912,09110
Burgos,Castrojeriz,09,091,2,090912,09119
Burgos,Cayuela,09,093,3,090933,09239
Burgos,Cebrecos,09,094,8,090948,09348
Burgos,Celada del Camino,09,095,1,090951,09226
Burgos,Cerezo de Río Tirón,09,098,6,090986,09270
Burgos,Cerratón de Juarros,09,100,3,091003,09292
Burgos,Ciadoncha,09,101,0,091010,09228
Burgos,Cillaperlata,09,102,5,091025,09213
Burgos,Cilleruelo de Abajo,09,103,1,091031,09349
Burgos,Cilleruelo de Arriba,09,104,6,091046,09349
Burgos,Ciruelos de Cervera,09,105,9,091059,09610
Burgos,Cogollos,09,108,4,091084,09320
Burgos,Cogollos,09,108,4,091084,09932
Burgos,Condado de Treviño,09,109,7,091097,01118
Burgos,Condado de Treviño,09,109,7,091097,01211
Burgos,Condado de Treviño,09,109,7,091097,09215
Burgos,Condado de Treviño,09,109,7,091097,09216
Burgos,Condado de Treviño,09,109,7,091097,09217
Burgos,Condado de Treviño,09,109,7,091097,09294
Burgos,Contreras,09,110,1,091101,09613
Burgos,Coruña del Conde,09,112,3,091123,09410
Burgos,Covarrubias,09,113,9,091139,09346
Burgos,Covarrubias,09,113,9,091139,09347
Burgos,Cubillo del Campo,09,114,4,091144,09352
Burgos,Cubo de Bureba,09,115,7,091157,09251
Burgos,"Cueva de Roa, La",09,117,6,091176,09319
Burgos,Cuevas de San Clemente,09,119,5,091195,09641
Burgos,Encío,09,120,9,091209,09219
Burgos,Encío,09,120,9,091209,09280
Burgos,Espinosa de Cervera,09,122,1,091221,09610
Burgos,Espinosa del Camino,09,123,7,091237,09258
Burgos,Espinosa de los Monteros,09,124,2,091242,09560
Burgos,Espinosa de los Monteros,09,124,2,091242,09566
Burgos,Espinosa de los Monteros,09,124,2,091242,09567
Burgos,Espinosa de los Monteros,09,124,2,091242,09569
Burgos,Estépar,09,125,5,091255,09230
Burgos,Estépar,09,125,5,091255,09239
Burgos,Fontioso,09,127,4,091274,09349
Burgos,Frandovínez,09,128,0,091280,09230
Burgos,Fresneda de la Sierra Tirón,09,129,3,091293,09267
Burgos,Fresneña,09,130,7,091307,09259
Burgos,Fresnillo de las Dueñas,09,131,4,091314,09491
Burgos,Fresno de Río Tirón,09,132,9,091329,09272
Burgos,Fresno de Rodilla,09,133,5,091335,09290
Burgos,Frías,09,134,0,091340,09211
Burgos,Fuentebureba,09,135,3,091353,09244
Burgos,Fuentecén,09,136,6,091366,09315
Burgos,Fuentelcésped,09,137,2,091372,09471
Burgos,Fuentelisendo,09,138,8,091388,09318
Burgos,Fuentemolinos,09,139,1,091391,09315
Burgos,Fuentenebro,09,140,5,091405,09461
Burgos,Fuentespina,09,141,2,091412,09471
Burgos,Galbarros,09,143,3,091433,09247
Burgos,"Gallega, La",09,144,8,091448,09612
Burgos,Grijalba,09,148,6,091486,09128
Burgos,Grisaleña,09,149,9,091499,09245
Burgos,Gumiel de Izán,09,151,9,091519,09370
Burgos,Gumiel de Mercado,09,152,4,091524,09443
Burgos,Hacinas,09,154,5,091545,09611
Burgos,Haza,09,155,8,091558,09463
Burgos,Hontanas,09,159,6,091596,09227
Burgos,Hontangas,09,160,0,091600,09462
Burgos,Hontoria de la Cantera,09,162,2,091622,09351
Burgos,Hontoria del Pinar,09,163,8,091638,09619
Burgos,Hontoria del Pinar,09,163,8,091638,09660
Burgos,Hontoria de Valdearados,09,164,3,091643,09450
Burgos,"Hormazas, Las",09,166,9,091669,09133
Burgos,"Hormazas, Las",09,166,9,091669,09150
Burgos,Hornillos del Camino,09,167,5,091675,09230
Burgos,"Horra, La",09,168,1,091681,09311
Burgos,Hortigüela,09,169,4,091694,09640
Burgos,Hoyales de Roa,09,170,8,091708,09316
Burgos,Huérmeces,09,172,0,091720,09125
Burgos,Huérmeces,09,172,0,091720,09150
Burgos,Huerta de Arriba,09,173,6,091736,09614
Burgos,Huerta de Rey,09,174,1,091741,09430
Burgos,Huerta de Rey,09,174,1,091741,09454
Burgos,Humada,09,175,4,091754,09124
Burgos,Hurones,09,176,7,091767,09191
Burgos,Ibeas de Juarros,09,177,3,091773,09194
Burgos,Ibeas de Juarros,09,177,3,091773,09198
Burgos,Ibrillos,09,178,9,091789,09259
Burgos,Iglesiarrubia,09,179,2,091792,09345
Burgos,Iglesias,09,180,6,091806,09227
Burgos,Isar,09,181,3,091813,09133
Burgos,Isar,09,181,3,091813,09653
Burgos,Isar,09,181,3,091813,09654
Burgos,Itero del Castillo,09,182,8,091828,09107
Burgos,Jaramillo de la Fuente,09,183,4,091834,09640
Burgos,Jaramillo Quemado,09,184,9,091849,09640
Burgos,Junta de Traslaloma,09,189,0,091890,09510
Burgos,Junta de Traslaloma,09,189,0,091890,09514
Burgos,Junta de Villalba de Losa,09,190,4,091904,09511
Burgos,Jurisdicción de Lara,09,191,1,091911,09640
Burgos,Jurisdicción de Lara,09,191,1,091911,09651
Burgos,Jurisdicción de San Zadornil,09,192,6,091926,01427
Burgos,Lerma,09,194,7,091947,09340
Burgos,Lerma,09,194,7,091947,09341
Burgos,Lerma,09,194,7,091947,09347
Burgos,Lerma,09,194,7,091947,09348
Burgos,Lerma,09,194,7,091947,09349
Burgos,Llano de Bureba,09,195,0,091950,09246
Burgos,Madrigal del Monte,09,196,3,091963,09320
Burgos,Madrigalejo del Monte,09,197,9,091979,09390
Burgos,Mahamud,09,198,5,091985,09228
Burgos,Mambrilla de Castrejón,09,199,8,091998,09317
Burgos,Mambrillas de Lara,09,200,2,092002,09640
Burgos,Mambrillas de Lara,09,200,2,092002,09642
Burgos,Mamolar,09,201,9,092019,09612
Burgos,Manciles,09,202,4,092024,09133
Burgos,Mazuela,09,206,1,092061,09228
Burgos,Mecerreyes,09,208,3,092083,09346
Burgos,Medina de Pomar,09,209,6,092096,09500
Burgos,Medina de Pomar,09,209,6,092096,09512
Burgos,Medina de Pomar,09,209,6,092096,09513
Burgos,Medina de Pomar,09,209,6,092096,09514
Burgos,Medina de Pomar,09,209,6,092096,09515
Burgos,Melgar de Fernamental,09,211,7,092117,09100
Burgos,Melgar de Fernamental,09,211,7,092117,09108
Burgos,Melgar de Fernamental,09,211,7,092117,09121
Burgos,Merindad de Cuesta-Urria,09,213,8,092138,09212
Burgos,Merindad de Cuesta-Urria,09,213,8,092138,09515
Burgos,Merindad de Cuesta-Urria,09,213,8,092138,09549
Burgos,Merindad de Cuesta-Urria,09,213,8,092138,09594
Burgos,Merindad de Montija,09,214,3,092143,09514
Burgos,Merindad de Montija,09,214,3,092143,09569
Burgos,Merindad de Sotoscueva,09,215,6,092156,09557
Burgos,Merindad de Sotoscueva,09,215,6,092156,09567
Burgos,Merindad de Sotoscueva,09,215,6,092156,09568
Burgos,Merindad de Valdeporres,09,216,9,092169,09557
Burgos,Merindad de Valdeporres,09,216,9,092169,09573
Burgos,Merindad de Valdeporres,09,216,9,092169,09574
Burgos,Merindad de Valdivielso,09,217,5,092175,09559
Burgos,Milagros,09,218,1,092181,09460
Burgos,Miranda de Ebro,09,219,4,092194,09200
Burgos,Miranda de Ebro,09,219,4,092194,09218
Burgos,Miranda de Ebro,09,219,4,092194,09219
Burgos,Miranda de Ebro,09,219,4,092194,09221
Burgos,Miranda de Ebro,09,219,4,092194,09293
Burgos,Miranda de Ebro,09,219,4,092194,26212
Burgos,Miraveche,09,220,8,092208,09252
Burgos,Modúbar de la Emparedada,09,221,5,092215,09620
Burgos,Monasterio de la Sierra,09,223,6,092236,09613
Burgos,Monasterio de Rodilla,09,224,1,092241,09292
Burgos,Moncalvillo,09,225,4,092254,09691
Burgos,Monterrubio de la Demanda,09,226,7,092267,09615
Burgos,Montorio,09,227,3,092273,09125
Burgos,Moradillo de Roa,09,228,9,092289,09462
Burgos,Nava de Roa,09,229,2,092292,09318
Burgos,Navas de Bureba,09,230,6,092306,09249
Burgos,Nebreda,09,231,3,092313,09348
Burgos,Neila,09,232,8,092328,09679
Burgos,Olmedillo de Roa,09,235,2,092352,09311
Burgos,Olmillos de Muñó,09,236,5,092365,09228
Burgos,Oña,09,238,7,092387,09211
Burgos,Oña,09,238,7,092387,09246
Burgos,Oña,09,238,7,092387,09249
Burgos,Oña,09,238,7,092387,09530
Burgos,Oña,09,238,7,092387,09559
Burgos,Oña,09,238,7,092387,09593
Burgos,Oquillas,09,239,0,092390,09350
Burgos,Orbaneja Riopico,09,241,1,092411,09192
Burgos,Padilla de Abajo,09,242,6,092426,09109
Burgos,Padilla de Arriba,09,243,2,092432,09108
Burgos,Padrones de Bureba,09,244,7,092447,09593
Burgos,Palacios de la Sierra,09,246,3,092463,09680
Burgos,Palacios de Riopisuerga,09,247,9,092479,09107
Burgos,Palazuelos de la Sierra,09,248,5,092485,09649
Burgos,Palazuelos de Muñó,09,249,8,092498,09226
Burgos,Pampliega,09,250,1,092501,09220
Burgos,Pampliega,09,250,1,092501,09226
Burgos,Pancorbo,09,251,8,092518,09280
Burgos,Pardilla,09,253,9,092539,09462
Burgos,Partido de la Sierra en Tobalina,09,255,7,092557,09211
Burgos,Pedrosa de Duero,09,256,0,092560,09314
Burgos,Pedrosa de Duero,09,256,0,092560,09317
Burgos,Pedrosa del Páramo,09,257,6,092576,09133
Burgos,Pedrosa del Príncipe,09,258,2,092582,09119
Burgos,Pedrosa de Río Úrbel,09,259,5,092595,09131
Burgos,Peñaranda de Duero,09,261,6,092616,09410
Burgos,Peñaranda de Duero,09,261,6,092616,09490
Burgos,Peral de Arlanza,09,262,1,092621,09342
Burgos,Piérnigas,09,265,5,092655,09246
Burgos,Pineda de la Sierra,09,266,8,092668,09199
Burgos,Pineda Trasmonte,09,267,4,092674,09349
Burgos,Pinilla de los Barruecos,09,268,0,092680,09612
Burgos,Pinilla de los Moros,09,269,3,092693,09613
Burgos,Pinilla Trasmonte,09,270,7,092707,09354
Burgos,Poza de la Sal,09,272,9,092729,09246
Burgos,Poza de la Sal,09,272,9,092729,09592
Burgos,Prádanos de Bureba,09,273,5,092735,09248
Burgos,Pradoluengo,09,274,0,092740,09260
Burgos,Pradoluengo,09,274,0,092740,09268
Burgos,Presencio,09,275,3,092753,09228
Burgos,"Puebla de Arganzón, La",09,276,6,092766,09294
Burgos,Puentedura,09,277,2,092772,09347
Burgos,Quemada,09,279,1,092791,09454
Burgos,Quintanabureba,09,280,5,092805,09246
Burgos,Quintana del Pidio,09,281,2,092812,09370
Burgos,Quintanaélez,09,283,3,092833,09244
Burgos,Quintanaortuño,09,287,0,092870,09140
Burgos,Quintanapalla,09,288,6,092886,09290
Burgos,Quintanar de la Sierra,09,289,9,092899,09670
Burgos,Quintanavides,09,292,5,092925,09292
Burgos,Quintanilla de la Mata,09,294,6,092946,09349
Burgos,Quintanilla del Coco,09,295,9,092959,09348
Burgos,"Quintanillas, Las",09,297,8,092978,09131
Burgos,Quintanilla San García,09,298,4,092984,09271
Burgos,Quintanilla Vivar,09,301,8,093018,09140
Burgos,Rabanera del Pinar,09,302,3,093023,09660
Burgos,Rábanos,09,303,9,093039,09199
Burgos,Rábanos,09,303,9,093039,09268
Burgos,Rábanos,09,303,9,093039,09269
Burgos,Rabé de las Calzadas,09,304,4,093044,09130
Burgos,Rebolledo de la Torre,09,306,0,093060,34492
Burgos,Redecilla del Camino,09,307,6,093076,09259
Burgos,Redecilla del Campo,09,308,2,093082,09259
Burgos,Redecilla del Campo,09,308,2,093082,09270
Burgos,Regumiel de la Sierra,09,309,5,093095,09693
Burgos,Reinoso,09,310,9,093109,09248
Burgos,Retuerta,09,311,6,093116,09347
Burgos,"Revilla y Ahedo, La",09,312,1,093121,09613
Burgos,Revilla del Campo,09,314,2,093142,09194
Burgos,Revilla del Campo,09,314,2,093142,09647
Burgos,Revillarruz,09,315,5,093155,09260
Burgos,Revillarruz,09,315,5,093155,09620
Burgos,Revilla Vallejera,09,316,8,093168,09117
Burgos,Rezmondo,09,317,4,093174,09108
Burgos,Riocavado de la Sierra,09,318,0,093180,09615
Burgos,Roa,09,321,4,093214,09300
Burgos,Rojas,09,323,5,093235,09246
Burgos,Royuela de Río Franco,09,325,3,093253,09344
Burgos,Royuela de Río Franco,09,325,3,093253,09345
Burgos,Rubena,09,326,6,093266,09199
Burgos,Rublacedo de Abajo,09,327,2,093272,09592
Burgos,Rucandio,09,328,8,093288,09593
Burgos,Salas de Bureba,09,329,1,093291,09593
Burgos,Salas de los Infantes,09,330,5,093305,09600
Burgos,Salas de los Infantes,09,330,5,093305,09613
Burgos,Salas de los Infantes,09,330,5,093305,09615
Burgos,Saldaña de Burgos,09,332,7,093327,09620
Burgos,Salinillas de Bureba,09,334,8,093348,09247
Burgos,San Adrián de Juarros,09,335,1,093351,09198
Burgos,San Juan del Monte,09,337,0,093370,09490
Burgos,San Mamés de Burgos,09,338,6,093386,09230
Burgos,San Martín de Rubiales,09,339,9,093399,09317
Burgos,San Millán de Lara,09,340,3,093403,09640
Burgos,Santa Cecilia,09,343,1,093431,09341
Burgos,Santa Cruz de la Salceda,09,345,9,093459,09471
Burgos,Santa Cruz del Valle Urbión,09,346,2,093462,09268
Burgos,Santa Gadea del Cid,09,347,8,093478,09219
Burgos,Santa Inés,09,348,4,093484,09390
Burgos,Santa María del Campo,09,350,0,093500,09342
Burgos,Santa María del Invierno,09,351,7,093517,09292
Burgos,Santa María del Mercadillo,09,352,2,093522,09353
Burgos,Santa María Ribarredonda,09,353,8,093538,09219
Burgos,Santa Olalla de Bureba,09,354,3,093543,09292
Burgos,Santibáñez de Esgueva,09,355,6,093556,09350
Burgos,Santibáñez del Val,09,356,9,093569,09617
Burgos,Santibáñez del Val,09,356,9,093569,09618
Burgos,Santo Domingo de Silos,09,358,1,093581,09610
Burgos,San Vicente del Valle,09,360,8,093608,09268
Burgos,Sargentes de la Lora,09,361,5,093615,09143
Burgos,Sargentes de la Lora,09,361,5,093615,09144
Burgos,Sargentes de la Lora,09,361,5,093615,09145
Burgos,Sarracín,09,362,0,093620,09620
Burgos,Sasamón,09,363,6,093636,09109
Burgos,Sasamón,09,363,6,093636,09123
Burgos,"Sequera de Haza, La",09,365,4,093654,09462
Burgos,Solarana,09,366,7,093667,09348
Burgos,Sordillos,09,368,9,093689,09128
Burgos,Sotillo de la Ribera,09,369,2,093692,09440
Burgos,Sotillo de la Ribera,09,369,2,093692,09441
Burgos,Sotragero,09,372,8,093728,09197
Burgos,Sotresgudo,09,373,4,093734,09135
Burgos,Sotresgudo,09,373,4,093734,09136
Burgos,Sotresgudo,09,373,4,093734,34492
Burgos,Susinos del Páramo,09,374,9,093749,09133
Burgos,Tamarón,09,375,2,093752,09227
Burgos,Tardajos,09,377,1,093771,09130
Burgos,Tejada,09,378,7,093787,09616
Burgos,Terradillos de Esgueva,09,380,4,093804,09442
Burgos,Tinieblas de la Sierra,09,381,1,093811,09640
Burgos,Tinieblas de la Sierra,09,381,1,093811,09649
Burgos,Tobar,09,382,6,093826,09133
Burgos,Tordómar,09,384,7,093847,09341
Burgos,Torrecilla del Monte,09,386,3,093863,09390
Burgos,Torregalindo,09,387,9,093879,09493
Burgos,Torrelara,09,388,5,093885,09645
Burgos,Torrepadre,09,389,8,093898,09342
Burgos,Torrepadre,09,389,8,093898,09345
Burgos,Torresandino,09,390,2,093902,09310
Burgos,Tórtoles de Esgueva,09,391,9,093919,09310
Burgos,Tórtoles de Esgueva,09,391,9,093919,09312
Burgos,Tosantos,09,392,4,093924,09258
Burgos,Trespaderne,09,394,5,093945,09213
Burgos,Trespaderne,09,394,5,093945,09540
Burgos,Trespaderne,09,394,5,093945,09549
Burgos,Tubilla del Agua,09,395,8,093958,09143
Burgos,Tubilla del Agua,09,395,8,093958,09145
Burgos,Tubilla del Lago,09,396,1,093961,09453
Burgos,Úrbel del Castillo,09,398,3,093983,09125
Burgos,Vadocondes,09,400,0,094000,09491
Burgos,Valdeande,09,403,8,094038,09453
Burgos,Valdezate,09,405,6,094056,09318
Burgos,Valdorros,09,406,9,094069,09320
Burgos,Valmala,09,407,5,094075,09268
Burgos,Vallarta de Bureba,09,408,1,094081,09245
Burgos,Valle de Manzanedo,09,409,4,094094,09558
Burgos,Valle de Manzanedo,09,409,4,094094,09572
Burgos,Valle de Mena,09,410,8,094108,09580
Burgos,Valle de Mena,09,410,8,094108,09585
Burgos,Valle de Mena,09,410,8,094108,09586
Burgos,Valle de Mena,09,410,8,094108,09587
Burgos,Valle de Mena,09,410,8,094108,09588
Burgos,Valle de Mena,09,410,8,094108,09589
Burgos,Valle de Oca,09,411,5,094115,09258
Burgos,Valle de Tobalina,09,412,0,094120,09210
Burgos,Valle de Tobalina,09,412,0,094120,09211
Burgos,Valle de Tobalina,09,412,0,094120,09212
Burgos,Valle de Tobalina,09,412,0,094120,09213
Burgos,Valle de Tobalina,09,412,0,094120,09549
Burgos,Valle de Valdebezana,09,413,6,094136,09571
Burgos,Valle de Valdebezana,09,413,6,094136,09572
Burgos,Valle de Valdelaguna,09,414,1,094141,09614
Burgos,Valle de Valdelucio,09,415,4,094154,09127
Burgos,Valle de Zamanzas,09,416,7,094167,09146
Burgos,Vallejera,09,417,3,094173,09117
Burgos,Valles de Palenzuela,09,418,9,094189,09338
Burgos,Valluércanes,09,419,2,094192,09219
Burgos,"Vid y Barrios, La",09,421,3,094213,09471
Burgos,"Vid y Barrios, La",09,421,3,094213,09491
Burgos,"Vid de Bureba, La",09,422,8,094228,09249
Burgos,Vileña,09,423,4,094234,09249
Burgos,Viloria de Rioja,09,424,9,094249,09259
Burgos,Vilviestre del Pinar,09,425,2,094252,09690
Burgos,Villadiego,09,427,1,094271,09120
Burgos,Villadiego,09,427,1,094271,09124
Burgos,Villadiego,09,427,1,094271,09125
Burgos,Villadiego,09,427,1,094271,09128
Burgos,Villadiego,09,427,1,094271,09129
Burgos,Villadiego,09,427,1,094271,09133
Burgos,Villaescusa de Roa,09,428,7,094287,09314
Burgos,Villaescusa la Sombría,09,429,0,094290,09292
Burgos,Villaespasa,09,430,4,094304,09640
Burgos,Villaespasa,09,430,4,094304,09650
Burgos,Villafranca Montes de Oca,09,431,1,094311,09257
Burgos,Villafranca Montes de Oca,09,431,1,094311,09258
Burgos,Villafruela,09,432,6,094326,09344
Burgos,Villagalijo,09,433,2,094332,09268
Burgos,Villagonzalo Pedernales,09,434,7,094347,09195
Burgos,Villahoz,09,437,9,094379,09343
Burgos,Villalba de Duero,09,438,5,094385,09443
Burgos,Villalbilla de Burgos,09,439,8,094398,09001
Burgos,Villalbilla de Burgos,09,439,8,094398,09195
Burgos,Villalbilla de Gumiel,09,440,2,094402,09453
Burgos,Villaldemiro,09,441,9,094419,09227
Burgos,Villalmanzo,09,442,4,094424,09390
Burgos,Villamayor de los Montes,09,443,0,094430,09339
Burgos,Villamayor de Treviño,09,444,5,094445,09128
Burgos,Villambistia,09,445,8,094458,09258
Burgos,Villamedianilla,09,446,1,094461,09117
Burgos,Villamiel de la Sierra,09,447,7,094477,09649
Burgos,Villangómez,09,448,3,094483,09339
Burgos,Villanueva de Argaño,09,449,6,094496,09652
Burgos,Villanueva de Carazo,09,450,9,094509,09611
Burgos,Villanueva de Gumiel,09,451,6,094516,09450
Burgos,Villanueva de Teba,09,454,2,094542,09219
Burgos,Villaquirán de la Puebla,09,455,5,094555,09119
Burgos,Villaquirán de los Infantes,09,456,8,094568,09118
Burgos,Villaquirán de los Infantes,09,456,8,094568,09226
Burgos,Villariezo,09,458,0,094580,09195
Burgos,Villasandino,09,460,7,094607,09109
Burgos,Villasur de Herreros,09,463,5,094635,09199
Burgos,Villatuelda,09,464,0,094640,09310
Burgos,Villaverde del Monte,09,466,6,094666,09228
Burgos,Villaverde del Monte,09,466,6,094666,09339
Burgos,Villaverde-Mogina,09,467,2,094672,09226
Burgos,Villayerno Morquillas,09,471,2,094712,09191
Burgos,Villazopeque,09,472,7,094727,09226
Burgos,Villegas,09,473,3,094733,09128
Burgos,Villoruebo,09,476,4,094764,09640
Burgos,Villoruebo,09,476,4,094764,09646
Burgos,Vizcaínos,09,478,6,094786,09613
Burgos,Zael,09,480,3,094803,09339
Burgos,Zarzosa de Río Pisuerga,09,482,5,094825,09108
Burgos,Zazuar,09,483,1,094831,09490
Burgos,Zuñeda,09,485,9,094859,09245
Burgos,Quintanilla del Agua y Tordueles,09,901,2,099012,09347
Burgos,Valle de Santibáñez,09,902,7,099027,09131
Burgos,Valle de Santibáñez,09,902,7,099027,09150
Burgos,Valle de Santibáñez,09,902,7,099027,09159
Burgos,Villarcayo de Merindad de Castilla la Vieja,09,903,3,099033,09513
Burgos,Villarcayo de Merindad de Castilla la Vieja,09,903,3,099033,09550
Burgos,Villarcayo de Merindad de Castilla la Vieja,09,903,3,099033,09553
Burgos,Villarcayo de Merindad de Castilla la Vieja,09,903,3,099033,09554
Burgos,Villarcayo de Merindad de Castilla la Vieja,09,903,3,099033,09555
Burgos,Villarcayo de Merindad de Castilla la Vieja,09,903,3,099033,09556
Burgos,Villarcayo de Merindad de Castilla la Vieja,09,903,3,099033,09557
Burgos,Villarcayo de Merindad de Castilla la Vieja,09,903,3,099033,09558
Burgos,Valle de las Navas,09,904,8,099048,09191
Burgos,Valle de las Navas,09,904,8,099048,09591
Burgos,Valle de Sedano,09,905,1,099051,09142
Burgos,Valle de Sedano,09,905,1,099051,09145
Burgos,Valle de Sedano,09,905,1,099051,09146
Burgos,Valle de Sedano,09,905,1,099051,09551
Burgos,Merindad de Río Ubierna,09,906,4,099064,09140
Burgos,Merindad de Río Ubierna,09,906,4,099064,09141
Burgos,Merindad de Río Ubierna,09,906,4,099064,09142
Burgos,Merindad de Río Ubierna,09,906,4,099064,09197
Burgos,Merindad de Río Ubierna,09,906,4,099064,09591
Burgos,Alfoz de Quintanadueñas,09,907,0,099070,09131
Burgos,Alfoz de Quintanadueñas,09,907,0,099070,09197
Burgos,Valle de Losa,09,908,6,099086,09510
Burgos,Valle de Losa,09,908,6,099086,09511
Burgos,Valle de Losa,09,908,6,099086,09512
Cáceres,Abadía,10,001,5,100015,10748
Cáceres,Abertura,10,002,0,100020,10262
Cáceres,Acebo,10,003,6,100036,10857
Cáceres,Acehúche,10,004,1,100041,10879
Cáceres,Aceituna,10,005,4,100054,10666
Cáceres,Ahigal,10,006,7,100067,10650
Cáceres,Albalá,10,007,3,100073,10187
Cáceres,Alcántara,10,008,9,100089,10980
Cáceres,Alcántara,10,008,9,100089,10990
Cáceres,Alcollarín,10,009,2,100092,10135
Cáceres,Alcuéscar,10,010,6,100106,10160
Cáceres,Aldeacentenera,10,011,3,100113,10251
Cáceres,Aldeacentenera,10,011,3,100113,20251
Cáceres,Aldea del Cano,10,012,8,100128,10163
Cáceres,"Aldea del Obispo, La",10,013,4,100134,10291
Cáceres,Aldeanueva de la Vera,10,014,9,100149,10440
Cáceres,Aldeanueva del Camino,10,015,2,100152,10740
Cáceres,Aldehuela del Jerte,10,016,5,100165,10671
Cáceres,Alía,10,017,1,100171,10137
Cáceres,Aliseda,10,018,7,100187,10550
Cáceres,Almaraz,10,019,0,100190,10350
Cáceres,Almoharín,10,020,4,100204,10132
Cáceres,Arroyo de la Luz,10,021,1,100211,10900
Cáceres,Arroyomolinos de la Vera,10,022,6,100226,10410
Cáceres,Arroyomolinos,10,023,2,100232,10161
Cáceres,Baños de Montemayor,10,024,7,100247,10750
Cáceres,Barrado,10,025,0,100250,10696
Cáceres,Belvís de Monroy,10,026,3,100263,10394
Cáceres,Benquerencia,10,027,9,100279,10185
Cáceres,Berrocalejo,10,028,5,100285,10392
Cáceres,Berzocana,10,029,8,100298,10129
Cáceres,Bohonal de Ibor,10,030,2,100302,10320
Cáceres,Botija,10,031,9,100319,10188
Cáceres,Brozas,10,032,4,100324,10950
Cáceres,Cabañas del Castillo,10,033,0,100330,10372
Cáceres,Cabañas del Castillo,10,033,0,100330,10373
Cáceres,Cabezabellosa,10,034,5,100345,10729
Cáceres,Cabezuela del Valle,10,035,8,100358,10610
Cáceres,Cabrero,10,036,1,100361,10616
Cáceres,Cáceres,10,037,7,100377,10000
Cáceres,Cáceres,10,037,7,100377,10001
Cáceres,Cáceres,10,037,7,100377,10002
Cáceres,Cáceres,10,037,7,100377,10003
Cáceres,Cáceres,10,037,7,100377,10004
Cáceres,Cáceres,10,037,7,100377,10005
Cáceres,Cáceres,10,037,7,100377,10164
Cáceres,Cáceres,10,037,7,100377,10195
Cáceres,Cáceres,10,037,7,100377,10199
Cáceres,Cáceres,10,037,7,100377,10910
Cáceres,Cáceres,10,037,7,100377,10920
Cáceres,Cachorrilla,10,038,3,100383,10881
Cáceres,Cadalso,10,039,6,100396,10865
Cáceres,Calzadilla,10,040,0,100400,10817
Cáceres,Caminomorisco,10,041,7,100417,10620
Cáceres,Caminomorisco,10,041,7,100417,10623
Cáceres,Caminomorisco,10,041,7,100417,10624
Cáceres,Caminomorisco,10,041,7,100417,10629
Cáceres,Caminomorisco,10,041,7,100417,10630
Cáceres,Campillo de Deleitosa,10,042,2,100422,10329
Cáceres,Campo Lugar,10,043,8,100438,10134
Cáceres,Cañamero,10,044,3,100443,10136
Cáceres,Cañaveral,10,045,6,100456,10820
Cáceres,Cañaveral,10,045,6,100456,10829
Cáceres,Carbajo,10,046,9,100469,10511
Cáceres,Carcaboso,10,047,5,100475,10670
Cáceres,Carcaboso,10,047,5,100475,10671
Cáceres,Carrascalejo,10,048,1,100481,10331
Cáceres,Casar de Cáceres,10,049,4,100494,10190
Cáceres,Casar de Palomero,10,050,7,100507,10630
Cáceres,Casar de Palomero,10,050,7,100507,10640
Cáceres,Casar de Palomero,10,050,7,100507,10649
Cáceres,Casares de las Hurdes,10,051,4,100514,10628
Cáceres,Casas de Don Antonio,10,052,9,100529,10162
Cáceres,Casas de Don Gómez,10,053,5,100535,10818
Cáceres,Casas del Castañar,10,054,0,100540,10616
Cáceres,Casas del Monte,10,055,3,100553,10730
Cáceres,Casas de Millán,10,056,6,100566,10592
Cáceres,Casas de Miravete,10,057,2,100572,10360
Cáceres,Casatejada,10,058,8,100588,10520
Cáceres,Casillas de Coria,10,059,1,100591,10818
Cáceres,Castañar de Ibor,10,060,5,100605,10340
Cáceres,Ceclavín,10,061,2,100612,10870
Cáceres,Cedillo,10,062,7,100627,10513
Cáceres,Cerezo,10,063,3,100633,10663
Cáceres,Cilleros,10,064,8,100648,10895
Cáceres,Collado de la Vera,10,065,1,100651,10317
Cáceres,Collado de la Vera,10,065,1,100651,10414
Cáceres,Conquista de la Sierra,10,066,4,100664,10240
Cáceres,Coria,10,067,0,100670,10800
Cáceres,Coria,10,067,0,100670,10811
Cáceres,Cuacos de Yuste,10,068,6,100686,10430
Cáceres,"Cumbre, La",10,069,9,100699,10270
Cáceres,Deleitosa,10,070,3,100703,10370
Cáceres,Descargamaría,10,071,0,100710,10866
Cáceres,Eljas,10,072,5,100725,10891
Cáceres,Escurial,10,073,1,100731,10133
Cáceres,Fresnedoso de Ibor,10,075,9,100759,10328
Cáceres,Galisteo,10,076,2,100762,10691
Cáceres,Garciaz,10,077,8,100778,10250
Cáceres,"Garganta, La",10,078,4,100784,10759
Cáceres,Garganta la Olla,10,079,7,100797,10412
Cáceres,Gargantilla,10,080,1,100801,10749
Cáceres,Gargüera,10,081,8,100818,10696
Cáceres,Garrovillas de Alconétar,10,082,3,100823,10940
Cáceres,Garvín,10,083,9,100839,10333
Cáceres,Gata,10,084,4,100844,10849
Cáceres,Gata,10,084,4,100844,10860
Cáceres,"Gordo, El",10,085,7,100857,10392
Cáceres,"Granja, La",10,086,0,100860,10711
Cáceres,Guadalupe,10,087,6,100876,10140
Cáceres,Guijo de Coria,10,088,2,100882,10815
Cáceres,Guijo de Galisteo,10,089,5,100895,10692
Cáceres,Guijo de Galisteo,10,089,5,100895,10811
Cáceres,Guijo de Galisteo,10,089,5,100895,10816
Cáceres,Guijo de Granadilla,10,090,9,100909,10665
Cáceres,Guijo de Granadilla,10,090,9,100909,10816
Cáceres,Guijo de Santa Bárbara,10,091,6,100916,10459
Cáceres,Herguijuela,10,092,1,100921,10230
Cáceres,Hernán-Pérez,10,093,7,100937,10868
Cáceres,Herrera de Alcántara,10,094,2,100942,10512
Cáceres,Herreruela,10,095,5,100955,10560
Cáceres,Hervás,10,096,8,100968,10700
Cáceres,Higuera de Albalat,10,097,4,100974,10359
Cáceres,Hinojal,10,098,0,100980,10192
Cáceres,Holguera,10,099,3,100993,10829
Cáceres,Hoyos,10,100,7,101007,10850
Cáceres,Huélaga,10,101,4,101014,10849
Cáceres,Ibahernando,10,102,9,101029,10280
Cáceres,Jaraicejo,10,103,5,101035,10380
Cáceres,Jaraíz de la Vera,10,104,0,101040,10400
Cáceres,Jarandilla de la Vera,10,105,3,101053,10450
Cáceres,Jarilla,10,106,6,101066,10728
Cáceres,Jerte,10,107,2,101072,10612
Cáceres,Ladrillar,10,108,8,101088,10624
Cáceres,Ladrillar,10,108,8,101088,10625
Cáceres,Logrosán,10,109,1,101091,10120
Cáceres,Losar de la Vera,10,110,5,101105,10460
Cáceres,Madrigal de la Vera,10,111,2,101112,10480
Cáceres,Madrigalejo,10,112,7,101127,10110
Cáceres,Madroñera,10,113,3,101133,10210
Cáceres,Madroñera,10,113,3,101133,10696
Cáceres,Majadas,10,114,8,101148,10420
Cáceres,Majadas,10,114,8,101148,10529
Cáceres,Malpartida de Cáceres,10,115,1,101151,10910
Cáceres,Malpartida de Plasencia,10,116,4,101164,10590
Cáceres,Malpartida de Plasencia,10,116,4,101164,10591
Cáceres,Malpartida de Plasencia,10,116,4,101164,10680
Cáceres,Malpartida de Plasencia,10,116,4,101164,10697
Cáceres,Marchagaz,10,117,0,101170,10662
Cáceres,Mata de Alcántara,10,118,6,101186,10970
Cáceres,Membrío,10,119,9,101199,10580
Cáceres,Mesas de Ibor,10,120,3,101203,10329
Cáceres,Miajadas,10,121,0,101210,10100
Cáceres,Miajadas,10,121,0,101210,10109
Cáceres,Millanes,10,122,5,101225,10394
Cáceres,Mirabel,10,123,1,101231,10540
Cáceres,Mohedas de Granadilla,10,124,6,101246,10664
Cáceres,Monroy,10,125,9,101259,10194
Cáceres,Montánchez,10,126,2,101262,10170
Cáceres,Montehermoso,10,127,8,101278,10810
Cáceres,Moraleja,10,128,4,101284,10840
Cáceres,Morcillo,10,129,7,101297,10811
Cáceres,Navaconcejo,10,130,1,101301,10613
Cáceres,Navalmoral de la Mata,10,131,8,101318,10300
Cáceres,Navalvillar de Ibor,10,132,3,101323,10341
Cáceres,Navalvillar de Ibor,10,132,3,101323,13500
Cáceres,Navas del Madroño,10,133,9,101339,10930
Cáceres,Navezuelas,10,134,4,101344,10374
Cáceres,Nuñomoral,10,135,7,101357,10623
Cáceres,Nuñomoral,10,135,7,101357,10626
Cáceres,Nuñomoral,10,135,7,101357,10627
Cáceres,Nuñomoral,10,135,7,101357,10628
Cáceres,Nuñomoral,10,135,7,101357,10629
Cáceres,Oliva de Plasencia,10,136,0,101360,10667
Cáceres,Palomero,10,137,6,101376,10660
Cáceres,Pasarón de la Vera,10,138,2,101382,10411
Cáceres,Pedroso de Acim,10,139,5,101395,10829
Cáceres,Peraleda de la Mata,10,140,9,101409,10335
Cáceres,Peraleda de San Román,10,141,6,101416,10334
Cáceres,Perales del Puerto,10,142,1,101421,10896
Cáceres,Pescueza,10,143,7,101437,10882
Cáceres,"Pesga, La",10,144,2,101442,10649
Cáceres,Piedras Albas,10,145,5,101455,10991
Cáceres,Pinofranqueado,10,146,8,101468,10630
Cáceres,Pinofranqueado,10,146,8,101468,10638
Cáceres,Pinofranqueado,10,146,8,101468,10639
Cáceres,Piornal,10,147,4,101474,10615
Cáceres,Plasencia,10,148,0,101480,10600
Cáceres,Plasencia,10,148,0,101480,10671
Cáceres,Plasencia,10,148,0,101480,10690
Cáceres,Plasenzuela,10,149,3,101493,10271
Cáceres,Portaje,10,150,6,101506,10883
Cáceres,Portezuelo,10,151,3,101513,10828
Cáceres,Pozuelo de Zarzón,10,152,8,101528,10813
Cáceres,Puerto de Santa Cruz,10,153,4,101534,10261
Cáceres,Rebollar,10,154,9,101549,10617
Cáceres,Riolobos,10,155,2,101552,10693
Cáceres,Riolobos,10,155,2,101552,10829
Cáceres,Robledillo de Gata,10,156,5,101565,10867
Cáceres,Robledillo de la Vera,10,157,1,101571,10493
Cáceres,Robledillo de Trujillo,10,158,7,101587,10261
Cáceres,Robledillo de Trujillo,10,158,7,101587,10269
Cáceres,Robledollano,10,159,0,101590,10371
Cáceres,Romangordo,10,160,4,101604,10359
Cáceres,Ruanes,10,161,1,101611,10272
Cáceres,Salorino,10,162,6,101626,10570
Cáceres,Salvatierra de Santiago,10,163,2,101632,10189
Cáceres,San Martín de Trevejo,10,164,7,101647,10892
Cáceres,Santa Ana,10,165,0,101650,10189
Cáceres,Santa Cruz de la Sierra,10,166,3,101663,10260
Cáceres,Santa Cruz de Paniagua,10,167,9,101679,10660
Cáceres,Santa Cruz de Paniagua,10,167,9,101679,10661
Cáceres,Santa Marta de Magasca,10,168,5,101685,10198
Cáceres,Santiago de Alcántara,10,169,8,101698,10510
Cáceres,Santiago del Campo,10,170,2,101702,10191
Cáceres,Santibáñez el Alto,10,171,9,101719,10859
Cáceres,Santibáñez el Bajo,10,172,4,101724,10666
Cáceres,Saucedilla,10,173,0,101730,10390
Cáceres,Segura de Toro,10,174,5,101745,10739
Cáceres,Serradilla,10,175,8,101758,10530
Cáceres,Serradilla,10,175,8,101758,10695
Cáceres,Serrejón,10,176,1,101761,10528
Cáceres,Sierra de Fuentes,10,177,7,101777,10181
Cáceres,Talaván,10,178,3,101783,10193
Cáceres,Talaveruela de la Vera,10,179,6,101796,10491
Cáceres,Talayuela,10,180,0,101800,10310
Cáceres,Talayuela,10,180,0,101800,10318
Cáceres,Talayuela,10,180,0,101800,10319
Cáceres,Tejeda de Tiétar,10,181,7,101817,10420
Cáceres,Tejeda de Tiétar,10,181,7,101817,10697
Cáceres,Toril,10,182,2,101822,10521
Cáceres,Toril,10,182,2,101822,10591
Cáceres,Tornavacas,10,183,8,101838,10611
Cáceres,"Torno, El",10,184,3,101843,10617
Cáceres,Torrecilla de los Ángeles,10,185,6,101856,10869
Cáceres,Torrecillas de la Tiesa,10,186,9,101869,10252
Cáceres,Torre de Don Miguel,10,187,5,101875,10864
Cáceres,Torre de Santa María,10,188,1,101881,10186
Cáceres,Torrejoncillo,10,189,4,101894,10830
Cáceres,Torrejoncillo,10,189,4,101894,10839
Cáceres,Torrejón el Rubio,10,190,8,101908,10694
Cáceres,Torremenga,10,191,5,101915,10413
Cáceres,Torremocha,10,192,0,101920,10184
Cáceres,Torreorgaz,10,193,6,101936,10182
Cáceres,Torrequemada,10,194,1,101941,10183
Cáceres,Trujillo,10,195,4,101954,10200
Cáceres,Trujillo,10,195,4,101954,10220
Cáceres,Trujillo,10,195,4,101954,10290
Cáceres,Trujillo,10,195,4,101954,10291
Cáceres,Trujillo,10,195,4,101954,10292
Cáceres,Valdastillas,10,196,7,101967,10614
Cáceres,Valdecañas de Tajo,10,197,3,101973,10329
Cáceres,Valdefuentes,10,198,9,101989,10180
Cáceres,Valdehúncar,10,199,2,101992,10393
Cáceres,Valdelacasa de Tajo,10,200,6,102006,10332
Cáceres,Valdemorales,10,201,3,102013,10131
Cáceres,Valdeobispo,10,202,8,102028,10672
Cáceres,Valencia de Alcántara,10,203,4,102034,10500
Cáceres,Valencia de Alcántara,10,203,4,102034,10509
Cáceres,Valencia de Alcántara,10,203,4,102034,10514
Cáceres,Valencia de Alcántara,10,203,4,102034,10515
Cáceres,Valencia de Alcántara,10,203,4,102034,10516
Cáceres,Valencia de Alcántara,10,203,4,102034,10519
Cáceres,Valverde de la Vera,10,204,9,102049,10490
Cáceres,Valverde del Fresno,10,205,2,102052,10890
Cáceres,Viandar de la Vera,10,206,5,102065,10492
Cáceres,Villa del Campo,10,207,1,102071,10814
Cáceres,Villa del Rey,10,208,7,102087,10960
Cáceres,Villamesías,10,209,0,102090,10263
Cáceres,Villamiel,10,210,4,102104,10893
Cáceres,Villanueva de la Sierra,10,211,1,102111,10812
Cáceres,Villanueva de la Vera,10,212,6,102126,10470
Cáceres,Villar del Pedroso,10,213,2,102132,10330
Cáceres,Villar del Pedroso,10,213,2,102132,10331
Cáceres,Villar de Plasencia,10,214,7,102147,10720
Cáceres,Villasbuenas de Gata,10,215,0,102150,10858
Cáceres,Zarza de Granadilla,10,216,3,102163,10710
Cáceres,Zarza de Montánchez,10,217,9,102179,10189
Cáceres,Zarza la Mayor,10,218,5,102185,10880
Cáceres,Zorita,10,219,8,102198,10130
Cáceres,Rosalejo,10,901,6,109016,10391
Cáceres,Vegaviana,10,902,1,109021,10848
Cáceres,Alagón del Río,10,903,7,109037,10690
Cáceres,Tiétar,10,904,2,109042,10319
Cáceres,Pueblonuevo de Miramontes,10,905,5,109055,10318
Cádiz,Alcalá de los Gazules,11,001,2,110012,11180
Cádiz,Alcalá del Valle,11,002,7,110027,11693
Cádiz,Algar,11,003,3,110033,11639
Cádiz,Algeciras,11,004,8,110048,11201
Cádiz,Algeciras,11,004,8,110048,11202
Cádiz,Algeciras,11,004,8,110048,11203
Cádiz,Algeciras,11,004,8,110048,11204
Cádiz,Algeciras,11,004,8,110048,11205
Cádiz,Algeciras,11,004,8,110048,11206
Cádiz,Algeciras,11,004,8,110048,11207
Cádiz,Algeciras,11,004,8,110048,11390
Cádiz,Algodonales,11,005,1,110051,11680
Cádiz,Algodonales,11,005,1,110051,11689
Cádiz,Arcos de la Frontera,11,006,4,110064,11620
Cádiz,Arcos de la Frontera,11,006,4,110064,11630
Cádiz,Arcos de la Frontera,11,006,4,110064,11638
Cádiz,Barbate,11,007,0,110070,11150
Cádiz,Barbate,11,007,0,110070,11159
Cádiz,Barbate,11,007,0,110070,11160
Cádiz,Barbate,11,007,0,110070,11393
Cádiz,"Barrios, Los",11,008,6,110086,11370
Cádiz,"Barrios, Los",11,008,6,110086,11379
Cádiz,Benaocaz,11,009,9,110099,11612
Cádiz,Bornos,11,010,3,110103,11640
Cádiz,Bornos,11,010,3,110103,11649
Cádiz,Bornos,11,010,3,110103,11660
Cádiz,"Bosque, El",11,011,0,110110,11670
Cádiz,Cádiz,11,012,5,110125,11001
Cádiz,Cádiz,11,012,5,110125,11002
Cádiz,Cádiz,11,012,5,110125,11003
Cádiz,Cádiz,11,012,5,110125,11004
Cádiz,Cádiz,11,012,5,110125,11005
Cádiz,Cádiz,11,012,5,110125,11006
Cádiz,Cádiz,11,012,5,110125,11007
Cádiz,Cádiz,11,012,5,110125,11008
Cádiz,Cádiz,11,012,5,110125,11009
Cádiz,Cádiz,11,012,5,110125,11010
Cádiz,Cádiz,11,012,5,110125,11011
Cádiz,Cádiz,11,012,5,110125,11012
Cádiz,Castellar de la Frontera,11,013,1,110131,11350
Cádiz,Conil de la Frontera,11,014,6,110146,11140
Cádiz,Conil de la Frontera,11,014,6,110146,11149
Cádiz,Chiclana de la Frontera,11,015,9,110159,11130
Cádiz,Chiclana de la Frontera,11,015,9,110159,11139
Cádiz,Chipiona,11,016,2,110162,11550
Cádiz,Espera,11,017,8,110178,11648
Cádiz,"Gastor, El",11,018,4,110184,11687
Cádiz,Grazalema,11,019,7,110197,11610
Cádiz,Grazalema,11,019,7,110197,11679
Cádiz,Jerez de la Frontera,11,020,1,110201,11400
Cádiz,Jerez de la Frontera,11,020,1,110201,11401
Cádiz,Jerez de la Frontera,11,020,1,110201,11402
Cádiz,Jerez de la Frontera,11,020,1,110201,11403
Cádiz,Jerez de la Frontera,11,020,1,110201,11404
Cádiz,Jerez de la Frontera,11,020,1,110201,11405
Cádiz,Jerez de la Frontera,11,020,1,110201,11406
Cádiz,Jerez de la Frontera,11,020,1,110201,11407
Cádiz,Jerez de la Frontera,11,020,1,110201,11408
Cádiz,Jerez de la Frontera,11,020,1,110201,11570
Cádiz,Jerez de la Frontera,11,020,1,110201,11579
Cádiz,Jerez de la Frontera,11,020,1,110201,11590
Cádiz,Jerez de la Frontera,11,020,1,110201,11591
Cádiz,Jerez de la Frontera,11,020,1,110201,11592
Cádiz,Jerez de la Frontera,11,020,1,110201,11593
Cádiz,Jerez de la Frontera,11,020,1,110201,11594
Cádiz,Jerez de la Frontera,11,020,1,110201,11595
Cádiz,Jerez de la Frontera,11,020,1,110201,11596
Cádiz,Jimena de la Frontera,11,021,8,110218,11320
Cádiz,Jimena de la Frontera,11,021,8,110218,11330
Cádiz,Jimena de la Frontera,11,021,8,110218,11339
Cádiz,"Línea de la Concepción, La",11,022,3,110223,11300
Cádiz,Medina Sidonia,11,023,9,110239,11170
Cádiz,Medina Sidonia,11,023,9,110239,11179
Cádiz,Olvera,11,024,4,110244,11690
Cádiz,Paterna de Rivera,11,025,7,110257,11178
Cádiz,Prado del Rey,11,026,0,110260,11660
Cádiz,"Puerto de Santa María, El",11,027,6,110276,11500
Cádiz,Puerto Real,11,028,2,110282,11510
Cádiz,Puerto Real,11,028,2,110282,11518
Cádiz,Puerto Real,11,028,2,110282,11519
Cádiz,Puerto Serrano,11,029,5,110295,11659
Cádiz,Rota,11,030,9,110309,11520
Cádiz,San Fernando,11,031,6,110316,11100
Cádiz,Sanlúcar de Barrameda,11,032,1,110321,11540
Cádiz,Sanlúcar de Barrameda,11,032,1,110321,11549
Cádiz,San Roque,11,033,7,110337,11310
Cádiz,San Roque,11,033,7,110337,11311
Cádiz,San Roque,11,033,7,110337,11312
Cádiz,San Roque,11,033,7,110337,11313
Cádiz,San Roque,11,033,7,110337,11314
Cádiz,San Roque,11,033,7,110337,11360
Cádiz,San Roque,11,033,7,110337,11368
Cádiz,San Roque,11,033,7,110337,11369
Cádiz,Setenil de las Bodegas,11,034,2,110342,11692
Cádiz,Tarifa,11,035,5,110355,11380
Cádiz,Tarifa,11,035,5,110355,11390
Cádiz,Tarifa,11,035,5,110355,11391
Cádiz,Tarifa,11,035,5,110355,11392
Cádiz,Tarifa,11,035,5,110355,11393
Cádiz,Tarifa,11,035,5,110355,11693
Cádiz,Torre Alháquime,11,036,8,110368,11691
Cádiz,Trebujena,11,037,4,110374,11560
Cádiz,Ubrique,11,038,0,110380,11600
Cádiz,Vejer de la Frontera,11,039,3,110393,11150
Cádiz,Vejer de la Frontera,11,039,3,110393,11158
Cádiz,Vejer de la Frontera,11,039,3,110393,11159
Cádiz,Vejer de la Frontera,11,039,3,110393,11179
Cádiz,Vejer de la Frontera,11,039,3,110393,11180
Cádiz,Villaluenga del Rosario,11,040,7,110407,11611
Cádiz,Villamartín,11,041,4,110414,11650
Cádiz,Zahara,11,042,9,110429,11688
Cádiz,Benalup-Casas Viejas,11,901,3,119013,11190
Cádiz,San José del Valle,11,902,8,119028,11580
Cádiz,San Martín del Tesorillo,11,903,4,119034,11340
Castellón/Castelló,Atzeneta del Maestrat,12,001,7,120017,12132
Castellón/Castelló,Atzeneta del Maestrat,12,001,7,120017,12133
Castellón/Castelló,Aín,12,002,2,120022,12222
Castellón/Castelló,Albocàsser,12,003,8,120038,12140
Castellón/Castelló,Alcalà de Xivert,12,004,3,120043,12570
Castellón/Castelló,Alcalà de Xivert,12,004,3,120043,12579
Castellón/Castelló,"Alcora, l'",12,005,6,120056,12110
Castellón/Castelló,"Alcora, l'",12,005,6,120056,12119
Castellón/Castelló,"Alcora, l'",12,005,6,120056,12121
Castellón/Castelló,Alcudia de Veo,12,006,9,120069,12222
Castellón/Castelló,Alfondeguilla,12,007,5,120075,12609
Castellón/Castelló,Algimia de Almonacid,12,008,1,120081,12414
Castellón/Castelló,Almassora,12,009,4,120094,12550
Castellón/Castelló,Almedíjar,12,010,8,120108,12413
Castellón/Castelló,Almenara,12,011,5,120115,12590
Castellón/Castelló,Almenara,12,011,5,120115,12591
Castellón/Castelló,Altura,12,012,0,120120,12410
Castellón/Castelló,Altura,12,012,0,120120,12530
Castellón/Castelló,Arañuel,12,013,6,120136,12232
Castellón/Castelló,Ares del Maestrat,12,014,1,120141,12165
Castellón/Castelló,Argelita,12,015,4,120154,12230
Castellón/Castelló,Artana,12,016,7,120167,12527
Castellón/Castelló,Ayódar,12,017,3,120173,12224
Castellón/Castelló,Azuébar,12,018,9,120189,12490
Castellón/Castelló,Barracas,12,020,6,120206,12420
Castellón/Castelló,Betxí,12,021,3,120213,12549
Castellón/Castelló,Bejís,12,022,8,120228,12430
Castellón/Castelló,Bejís,12,022,8,120228,12469
Castellón/Castelló,Benafer,12,024,9,120249,12449
Castellón/Castelló,Benafigos,12,025,2,120252,12134
Castellón/Castelló,Benassal,12,026,5,120265,12160
Castellón/Castelló,Benicarló,12,027,1,120271,12580
Castellón/Castelló,Benicàssim/Benicasim,12,028,7,120287,12560
Castellón/Castelló,Benlloc,12,029,0,120290,12181
Castellón/Castelló,Borriol,12,031,1,120311,12190
Castellón/Castelló,Borriana/Burriana,12,032,6,120326,12530
Castellón/Castelló,Cabanes,12,033,2,120332,12180
Castellón/Castelló,Cabanes,12,033,2,120332,12595
Castellón/Castelló,Càlig,12,034,7,120347,12589
Castellón/Castelló,Canet lo Roig,12,036,3,120363,12350
Castellón/Castelló,Castell de Cabres,12,037,9,120379,12319
Castellón/Castelló,Castellfort,12,038,5,120385,12159
Castellón/Castelló,Castellnovo,12,039,8,120398,12413
Castellón/Castelló,Castelló de la Plana/Castellón de la Plana,12,040,2,120402,12001
Castellón/Castelló,Castelló de la Plana/Castellón de la Plana,12,040,2,120402,12002
Castellón/Castelló,Castelló de la Plana/Castellón de la Plana,12,040,2,120402,12003
Castellón/Castelló,Castelló de la Plana/Castellón de la Plana,12,040,2,120402,12004
Castellón/Castelló,Castelló de la Plana/Castellón de la Plana,12,040,2,120402,12005
Castellón/Castelló,Castelló de la Plana/Castellón de la Plana,12,040,2,120402,12006
Castellón/Castelló,Castelló de la Plana/Castellón de la Plana,12,040,2,120402,12100
Castellón/Castelló,Castillo de Villamalefa,12,041,9,120419,12123
Castellón/Castelló,Catí,12,042,4,120424,12513
Castellón/Castelló,Caudiel,12,043,0,120430,12440
Castellón/Castelló,Cervera del Maestre,12,044,5,120445,12578
Castellón/Castelló,Cinctorres,12,045,8,120458,12318
Castellón/Castelló,Cirat,12,046,1,120461,12231
Castellón/Castelló,Cirat,12,046,1,120461,12232
Castellón/Castelló,Cortes de Arenoso,12,048,3,120483,12126
Castellón/Castelló,Cortes de Arenoso,12,048,3,120483,12127
Castellón/Castelló,Costur,12,049,6,120496,12119
Castellón/Castelló,"Coves de Vinromà, les",12,050,9,120509,12185
Castellón/Castelló,"Coves de Vinromà, les",12,050,9,120509,12186
Castellón/Castelló,Culla,12,051,6,120516,12163
Castellón/Castelló,Xert,12,052,1,120521,12360
Castellón/Castelló,Xert,12,052,1,120521,12370
Castellón/Castelló,Chilches/Xilxes,12,053,7,120537,12592
Castellón/Castelló,Xodos/Chodos,12,055,5,120555,12134
Castellón/Castelló,Chóvar,12,056,8,120568,12499
Castellón/Castelló,Eslida,12,057,4,120574,12528
Castellón/Castelló,Espadilla,12,058,0,120580,12230
Castellón/Castelló,Fanzara,12,059,3,120593,12230
Castellón/Castelló,Figueroles,12,060,7,120607,12122
Castellón/Castelló,Forcall,12,061,4,120614,12131
Castellón/Castelló,Forcall,12,061,4,120614,12310
Castellón/Castelló,Fuente la Reina,12,063,5,120635,12428
Castellón/Castelló,Fuentes de Ayódar,12,064,0,120640,12225
Castellón/Castelló,Gaibiel,12,065,3,120653,12415
Castellón/Castelló,Geldo,12,067,2,120672,12412
Castellón/Castelló,Herbers,12,068,8,120688,12317
Castellón/Castelló,Higueras,12,069,1,120691,12449
Castellón/Castelló,"Jana, la",12,070,5,120705,12340
Castellón/Castelló,Jérica,12,071,2,120712,12450
Castellón/Castelló,Llucena/Lucena del Cid,12,072,7,120727,12120
Castellón/Castelló,Ludiente,12,073,3,120733,12123
Castellón/Castelló,"Llosa, la",12,074,8,120748,12591
Castellón/Castelló,"Mata de Morella, la",12,075,1,120751,12312
Castellón/Castelló,Matet,12,076,4,120764,12415
Castellón/Castelló,Moncofa,12,077,0,120770,12593
Castellón/Castelló,Montán,12,078,6,120786,12447
Castellón/Castelló,Montanejos,12,079,9,120799,12448
Castellón/Castelló,Morella,12,080,3,120803,12300
Castellón/Castelló,Morella,12,080,3,120803,12311
Castellón/Castelló,Morella,12,080,3,120803,12313
Castellón/Castelló,Morella,12,080,3,120803,12314
Castellón/Castelló,Morella,12,080,3,120803,12316
Castellón/Castelló,Morella,12,080,3,120803,12319
Castellón/Castelló,Navajas,12,081,0,120810,12470
Castellón/Castelló,Nules,12,082,5,120825,12520
Castellón/Castelló,Nules,12,082,5,120825,12529
Castellón/Castelló,Olocau del Rey,12,083,1,120831,12312
Castellón/Castelló,Onda,12,084,6,120846,12200
Castellón/Castelló,Onda,12,084,6,120846,12220
Castellón/Castelló,Orpesa/Oropesa del Mar,12,085,9,120859,12594
Castellón/Castelló,Palanques,12,087,8,120878,12311
Castellón/Castelló,Pavías,12,088,4,120884,12449
Castellón/Castelló,Peníscola/Peñíscola,12,089,7,120897,12598
Castellón/Castelló,Pina de Montalgrao,12,090,1,120901,12429
Castellón/Castelló,Portell de Morella,12,091,8,120918,12318
Castellón/Castelló,Puebla de Arenoso,12,092,3,120923,12428
Castellón/Castelló,"Pobla de Benifassà, la",12,093,9,120939,12599
Castellón/Castelló,"Pobla Tornesa, la",12,094,4,120944,12191
Castellón/Castelló,Ribesalbes,12,095,7,120957,12210
Castellón/Castelló,Rossell,12,096,0,120960,12511
Castellón/Castelló,Rossell,12,096,0,120960,12512
Castellón/Castelló,Rossell,12,096,0,120960,12599
Castellón/Castelló,Sacañet,12,097,6,120976,12469
Castellón/Castelló,"Salzadella, la",12,098,2,120982,12186
Castellón/Castelló,Sant Jordi/San Jorge,12,099,5,120995,12320
Castellón/Castelló,Sant Mateu,12,100,9,121009,12170
Castellón/Castelló,San Rafael del Río,12,101,6,121016,12510
Castellón/Castelló,Santa Magdalena de Pulpis,12,102,1,121021,12597
Castellón/Castelló,"Serratella, la",12,103,7,121037,12184
Castellón/Castelló,Segorbe,12,104,2,121042,12400
Castellón/Castelló,Segorbe,12,104,2,121042,12412
Castellón/Castelló,Segorbe,12,104,2,121042,12414
Castellón/Castelló,Sierra Engarcerán,12,105,5,121055,12164
Castellón/Castelló,Sierra Engarcerán,12,105,5,121055,12166
Castellón/Castelló,Sierra Engarcerán,12,105,5,121055,12182
Castellón/Castelló,Soneja,12,106,8,121068,12480
Castellón/Castelló,Sot de Ferrer,12,107,4,121074,12489
Castellón/Castelló,Suera/Sueras,12,108,0,121080,12223
Castellón/Castelló,Tales,12,109,3,121093,12221
Castellón/Castelló,Teresa,12,110,7,121107,12469
Castellón/Castelló,Tírig,12,111,4,121114,12179
Castellón/Castelló,Todolella,12,112,9,121129,12312
Castellón/Castelló,Toga,12,113,5,121135,12230
Castellón/Castelló,Torás,12,114,0,121140,12431
Castellón/Castelló,"Toro, El",12,115,3,121153,12429
Castellón/Castelló,Torralba del Pinar,12,116,6,121166,12225
Castellón/Castelló,Torreblanca,12,117,2,121172,12596
Castellón/Castelló,Torrechiva,12,118,8,121188,12232
Castellón/Castelló,"Torre d'en Besora, la",12,119,1,121191,12161
Castellón/Castelló,"Torre d'en Doménec, la",12,120,5,121205,12184
Castellón/Castelló,Traiguera,12,121,2,121212,12330
Castellón/Castelló,"Useres, les/Useras",12,122,7,121227,12118
Castellón/Castelló,"Useres, les/Useras",12,122,7,121227,12131
Castellón/Castelló,Vallat,12,123,3,121233,12230
Castellón/Castelló,Vall d'Alba,12,124,8,121248,12193
Castellón/Castelló,Vall d'Alba,12,124,8,121248,12194
Castellón/Castelló,Vall de Almonacid,12,125,1,121251,12414
Castellón/Castelló,"Vall d'Uixó, la",12,126,4,121264,12600
Castellón/Castelló,Vallibona,12,127,0,121270,12123
Castellón/Castelló,Vallibona,12,127,0,121270,12315
Castellón/Castelló,Vilafamés,12,128,6,121286,12192
Castellón/Castelló,Vilafranca/Villafranca del Cid,12,129,9,121299,12150
Castellón/Castelló,Villahermosa del Río,12,130,3,121303,12124
Castellón/Castelló,Villamalur,12,131,0,121310,12224
Castellón/Castelló,Vilanova d'Alcolea,12,132,5,121325,12183
Castellón/Castelló,Villanueva de Viver,12,133,1,121331,12428
Castellón/Castelló,Vilar de Canes,12,134,6,121346,12162
Castellón/Castelló,Vila-real,12,135,9,121359,12540
Castellón/Castelló,"Vilavella, la",12,136,2,121362,12526
Castellón/Castelló,Villores,12,137,8,121378,12311
Castellón/Castelló,Vinaròs,12,138,4,121384,12500
Castellón/Castelló,Vistabella del Maestrat,12,139,7,121397,12135
Castellón/Castelló,Viver,12,140,1,121401,12460
Castellón/Castelló,Viver,12,140,1,121401,12469
Castellón/Castelló,Zorita del Maestrazgo,12,141,8,121418,12311
Castellón/Castelló,Zucaina,12,142,3,121423,12125
Castellón/Castelló,"Alqueries, les/Alquerías del Niño Perdido",12,901,8,129018,12539
Castellón/Castelló,Sant Joan de Moró,12,902,3,129023,12130
Ciudad Real,Abenójar,13,001,3,130013,13180
Ciudad Real,Abenójar,13,001,3,130013,13473
Ciudad Real,Agudo,13,002,8,130028,13410
Ciudad Real,Alamillo,13,003,4,130034,13413
Ciudad Real,Albaladejo,13,004,9,130049,13340
Ciudad Real,Alcázar de San Juan,13,005,2,130052,13600
Ciudad Real,Alcázar de San Juan,13,005,2,130052,13690
Ciudad Real,Alcázar de San Juan,13,005,2,130052,13720
Ciudad Real,Alcoba,13,006,5,130065,13115
Ciudad Real,Alcoba,13,006,5,130065,13116
Ciudad Real,Alcolea de Calatrava,13,007,1,130071,13107
Ciudad Real,Alcubillas,13,008,7,130087,13391
Ciudad Real,Aldea del Rey,13,009,0,130090,13380
Ciudad Real,Alhambra,13,010,4,130104,13248
Ciudad Real,Alhambra,13,010,4,130104,13390
Ciudad Real,Almadén,13,011,1,130111,13400
Ciudad Real,Almadenejos,13,012,6,130126,13414
Ciudad Real,Almadenejos,13,012,6,130126,13480
Ciudad Real,Almagro,13,013,2,130132,13270
Ciudad Real,Almedina,13,014,7,130147,13328
Ciudad Real,Almodóvar del Campo,13,015,0,130150,13189
Ciudad Real,Almodóvar del Campo,13,015,0,130150,13192
Ciudad Real,Almodóvar del Campo,13,015,0,130150,13415
Ciudad Real,Almodóvar del Campo,13,015,0,130150,13459
Ciudad Real,Almodóvar del Campo,13,015,0,130150,13460
Ciudad Real,Almodóvar del Campo,13,015,0,130150,13470
Ciudad Real,Almodóvar del Campo,13,015,0,130150,13473
Ciudad Real,Almodóvar del Campo,13,015,0,130150,13580
Ciudad Real,Almodóvar del Campo,13,015,0,130150,13596
Ciudad Real,Almodóvar del Campo,13,015,0,130150,13598
Ciudad Real,Almodóvar del Campo,13,015,0,130150,14449
Ciudad Real,Almuradiel,13,016,3,130163,13760
Ciudad Real,Almuradiel,13,016,3,130163,13768
Ciudad Real,Anchuras,13,017,9,130179,13117
Ciudad Real,Anchuras,13,017,9,130179,13118
Ciudad Real,Arenas de San Juan,13,018,5,130185,13679
Ciudad Real,Argamasilla de Alba,13,019,8,130198,13710
Ciudad Real,Argamasilla de Calatrava,13,020,2,130202,13440
Ciudad Real,Arroba de los Montes,13,021,9,130219,13193
Ciudad Real,Ballesteros de Calatrava,13,022,4,130224,13432
Ciudad Real,Bolaños de Calatrava,13,023,0,130230,13260
Ciudad Real,Brazatortas,13,024,5,130245,13449
Ciudad Real,Brazatortas,13,024,5,130245,13450
Ciudad Real,Cabezarados,13,025,8,130258,13192
Ciudad Real,Cabezarrubias del Puerto,13,026,1,130261,13591
Ciudad Real,Calzada de Calatrava,13,027,7,130277,13370
Ciudad Real,Calzada de Calatrava,13,027,7,130277,13739
Ciudad Real,Calzada de Calatrava,13,027,7,130277,13779
Ciudad Real,Campo de Criptana,13,028,3,130283,13610
Ciudad Real,Cañada de Calatrava,13,029,6,130296,13430
Ciudad Real,Caracuel de Calatrava,13,030,0,130300,13433
Ciudad Real,Carrión de Calatrava,13,031,7,130317,13150
Ciudad Real,Carrizosa,13,032,2,130322,13329
Ciudad Real,Castellar de Santiago,13,033,8,130338,13750
Ciudad Real,Ciudad Real,13,034,3,130343,13001
Ciudad Real,Ciudad Real,13,034,3,130343,13002
Ciudad Real,Ciudad Real,13,034,3,130343,13003
Ciudad Real,Ciudad Real,13,034,3,130343,13004
Ciudad Real,Ciudad Real,13,034,3,130343,13005
Ciudad Real,Ciudad Real,13,034,3,130343,13195
Ciudad Real,Ciudad Real,13,034,3,130343,13196
Ciudad Real,Corral de Calatrava,13,035,6,130356,13190
Ciudad Real,"Cortijos, Los",13,036,9,130369,13427
Ciudad Real,Cózar,13,037,5,130375,13345
Ciudad Real,Chillón,13,038,1,130381,13412
Ciudad Real,Daimiel,13,039,4,130394,13250
Ciudad Real,Fernán Caballero,13,040,8,130408,13140
Ciudad Real,Fontanarejo,13,041,5,130415,13193
Ciudad Real,Fuencaliente,13,042,0,130420,13130
Ciudad Real,Fuenllana,13,043,6,130436,13333
Ciudad Real,Fuente el Fresno,13,044,1,130441,13428
Ciudad Real,Fuente el Fresno,13,044,1,130441,13680
Ciudad Real,Granátula de Calatrava,13,045,4,130454,13360
Ciudad Real,Guadalmez,13,046,7,130467,13490
Ciudad Real,Herencia,13,047,3,130473,13640
Ciudad Real,Hinojosas de Calatrava,13,048,9,130489,13590
Ciudad Real,Horcajo de los Montes,13,049,2,130492,13110
Ciudad Real,"Labores, Las",13,050,5,130505,13660
Ciudad Real,Luciana,13,051,2,130512,13108
Ciudad Real,Malagón,13,052,7,130527,13129
Ciudad Real,Malagón,13,052,7,130527,13420
Ciudad Real,Malagón,13,052,7,130527,13428
Ciudad Real,Malagón,13,052,7,130527,13429
Ciudad Real,Manzanares,13,053,3,130533,13200
Ciudad Real,Membrilla,13,054,8,130548,13230
Ciudad Real,Mestanza,13,055,1,130551,13592
Ciudad Real,Mestanza,13,055,1,130551,13594
Ciudad Real,Miguelturra,13,056,4,130564,13170
Ciudad Real,Miguelturra,13,056,4,130564,13650
Ciudad Real,Montiel,13,057,0,130570,13326
Ciudad Real,Moral de Calatrava,13,058,6,130586,13350
Ciudad Real,Navalpino,13,059,9,130599,13193
Ciudad Real,Navas de Estena,13,060,3,130603,13194
Ciudad Real,Pedro Muñoz,13,061,0,130610,13620
Ciudad Real,Picón,13,062,5,130625,13196
Ciudad Real,Piedrabuena,13,063,1,130631,13100
Ciudad Real,Poblete,13,064,6,130646,13195
Ciudad Real,Porzuna,13,065,9,130659,13120
Ciudad Real,Porzuna,13,065,9,130659,13129
Ciudad Real,Porzuna,13,065,9,130659,13194
Ciudad Real,Pozuelo de Calatrava,13,066,2,130662,13179
Ciudad Real,"Pozuelos de Calatrava, Los",13,067,8,130678,13191
Ciudad Real,Puebla de Don Rodrigo,13,068,4,130684,13109
Ciudad Real,Puebla del Príncipe,13,069,7,130697,13342
Ciudad Real,Puerto Lápice,13,070,1,130701,13650
Ciudad Real,Puertollano,13,071,8,130718,13500
Ciudad Real,Puertollano,13,071,8,130718,13597
Ciudad Real,Retuerta del Bullaque,13,072,3,130723,13194
Ciudad Real,Saceruela,13,073,9,130739,13414
Ciudad Real,San Carlos del Valle,13,074,4,130744,13247
Ciudad Real,San Lorenzo de Calatrava,13,075,7,130757,13779
Ciudad Real,Santa Cruz de los Cáñamos,13,076,0,130760,13327
Ciudad Real,Santa Cruz de Mudela,13,077,6,130776,13730
Ciudad Real,Socuéllamos,13,078,2,130782,13630
Ciudad Real,"Solana, La",13,079,5,130795,13240
Ciudad Real,Solana del Pino,13,080,9,130809,13593
Ciudad Real,Terrinches,13,081,6,130816,13341
Ciudad Real,Tomelloso,13,082,1,130821,13629
Ciudad Real,Tomelloso,13,082,1,130821,13700
Ciudad Real,Torralba de Calatrava,13,083,7,130837,13160
Ciudad Real,Torre de Juan Abad,13,084,2,130842,13344
Ciudad Real,Torrenueva,13,085,5,130855,13740
Ciudad Real,Valdemanco del Esteras,13,086,8,130868,13411
Ciudad Real,Valdepeñas,13,087,4,130874,13300
Ciudad Real,Valdepeñas,13,087,4,130874,13310
Ciudad Real,Valenzuela de Calatrava,13,088,0,130880,13279
Ciudad Real,Villahermosa,13,089,3,130893,13331
Ciudad Real,Villahermosa,13,089,3,130893,13332
Ciudad Real,Villamanrique,13,090,7,130907,13343
Ciudad Real,Villamayor de Calatrava,13,091,4,130914,13595
Ciudad Real,Villanueva de la Fuente,13,092,9,130929,13330
Ciudad Real,Villanueva de los Infantes,13,093,5,130935,13320
Ciudad Real,Villanueva de San Carlos,13,094,0,130940,13379
Ciudad Real,Villar del Pozo,13,095,3,130953,13431
Ciudad Real,Villarrubia de los Ojos,13,096,6,130966,13670
Ciudad Real,Villarta de San Juan,13,097,2,130972,13210
Ciudad Real,Viso del Marqués,13,098,8,130988,13738
Ciudad Real,Viso del Marqués,13,098,8,130988,13739
Ciudad Real,Viso del Marqués,13,098,8,130988,13768
Ciudad Real,Viso del Marqués,13,098,8,130988,13770
Ciudad Real,"Robledo, El",13,901,4,139014,13114
Ciudad Real,Ruidera,13,902,9,139029,13249
Ciudad Real,Arenales de San Gregorio,13,903,5,139035,13619
Ciudad Real,Llanos del Caudillo,13,904,0,139040,13220
Córdoba,Adamuz,14,001,8,140018,14430
Córdoba,Adamuz,14,001,8,140018,14439
Córdoba,Aguilar de la Frontera,14,002,3,140023,14920
Córdoba,Alcaracejos,14,003,9,140039,14480
Córdoba,Almedinilla,14,004,4,140044,14812
Córdoba,Almedinilla,14,004,4,140044,14813
Córdoba,Almodóvar del Río,14,005,7,140057,14720
Córdoba,Almodóvar del Río,14,005,7,140057,14729
Córdoba,Añora,14,006,0,140060,14450
Córdoba,Baena,14,007,6,140076,14850
Córdoba,Baena,14,007,6,140076,14859
Córdoba,Belalcázar,14,008,2,140082,14280
Córdoba,Belmez,14,009,5,140095,14209
Córdoba,Belmez,14,009,5,140095,14240
Córdoba,Benamejí,14,010,9,140109,14910
Córdoba,Benamejí,14,010,9,140109,14915
Córdoba,"Blázquez, Los",14,011,6,140116,14208
Córdoba,Bujalance,14,012,1,140121,14650
Córdoba,Bujalance,14,012,1,140121,14659
Córdoba,Cabra,14,013,7,140137,14811
Córdoba,Cabra,14,013,7,140137,14940
Córdoba,Cañete de las Torres,14,014,2,140142,14660
Córdoba,Carcabuey,14,015,5,140155,14810
Córdoba,Carcabuey,14,015,5,140155,14811
Córdoba,Cardeña,14,016,8,140168,14445
Córdoba,Cardeña,14,016,8,140168,14446
Córdoba,Cardeña,14,016,8,140168,14447
Córdoba,"Carlota, La",14,017,4,140174,14100
Córdoba,"Carlota, La",14,017,4,140174,14111
Córdoba,"Carlota, La",14,017,4,140174,14191
Córdoba,"Carpio, El",14,018,0,140180,14620
Córdoba,Castro del Río,14,019,3,140193,14840
Córdoba,Castro del Río,14,019,3,140193,14858
Córdoba,Conquista,14,020,7,140207,14448
Córdoba,Córdoba,14,021,4,140214,14001
Córdoba,Córdoba,14,021,4,140214,14002
Córdoba,Córdoba,14,021,4,140214,14003
Córdoba,Córdoba,14,021,4,140214,14004
Córdoba,Córdoba,14,021,4,140214,14005
Córdoba,Córdoba,14,021,4,140214,14006
Córdoba,Córdoba,14,021,4,140214,14007
Córdoba,Córdoba,14,021,4,140214,14008
Córdoba,Córdoba,14,021,4,140214,14009
Córdoba,Córdoba,14,021,4,140214,14010
Córdoba,Córdoba,14,021,4,140214,14011
Córdoba,Córdoba,14,021,4,140214,14012
Córdoba,Córdoba,14,021,4,140214,14013
Córdoba,Córdoba,14,021,4,140214,14014
Córdoba,Córdoba,14,021,4,140214,14029
Córdoba,Córdoba,14,021,4,140214,14190
Córdoba,Córdoba,14,021,4,140214,14192
Córdoba,Córdoba,14,021,4,140214,14193
Córdoba,Córdoba,14,021,4,140214,14330
Córdoba,Córdoba,14,021,4,140214,14350
Córdoba,Córdoba,14,021,4,140214,14610
Córdoba,Córdoba,14,021,4,140214,14710
Córdoba,Córdoba,14,021,4,140214,14711
Córdoba,Córdoba,14,021,4,140214,14719
Córdoba,Córdoba,14,021,4,140214,14820
Córdoba,Doña Mencía,14,022,9,140229,14860
Córdoba,Dos Torres,14,023,5,140235,14460
Córdoba,Encinas Reales,14,024,0,140240,14913
Córdoba,Espejo,14,025,3,140253,14830
Córdoba,Espiel,14,026,6,140266,14200
Córdoba,Espiel,14,026,6,140266,14210
Córdoba,Espiel,14,026,6,140266,14220
Córdoba,Espiel,14,026,6,140266,14320
Córdoba,Fernán-Núñez,14,027,2,140272,14520
Córdoba,Fuente la Lancha,14,028,8,140288,14260
Córdoba,Fuente Obejuna,14,029,1,140291,14209
Córdoba,Fuente Obejuna,14,029,1,140291,14249
Córdoba,Fuente Obejuna,14,029,1,140291,14290
Córdoba,Fuente Obejuna,14,029,1,140291,14297
Córdoba,Fuente Obejuna,14,029,1,140291,14298
Córdoba,Fuente Obejuna,14,029,1,140291,14299
Córdoba,Fuente Palmera,14,030,5,140305,14110
Córdoba,Fuente Palmera,14,030,5,140305,14112
Córdoba,Fuente Palmera,14,030,5,140305,14113
Córdoba,Fuente Palmera,14,030,5,140305,14115
Córdoba,Fuente Palmera,14,030,5,140305,14120
Córdoba,Fuente Palmera,14,030,5,140305,14129
Córdoba,Fuente-Tójar,14,031,2,140312,14815
Córdoba,"Granjuela, La",14,032,7,140327,14207
Córdoba,Guadalcázar,14,033,3,140333,14130
Córdoba,"Guijo, El",14,034,8,140348,14413
Córdoba,Hinojosa del Duque,14,035,1,140351,14270
Córdoba,Hornachuelos,14,036,4,140364,14129
Córdoba,Hornachuelos,14,036,4,140364,14709
Córdoba,Hornachuelos,14,036,4,140364,14740
Córdoba,Iznájar,14,037,0,140370,14970
Córdoba,Iznájar,14,037,0,140370,14978
Córdoba,Iznájar,14,037,0,140370,14979
Córdoba,Iznájar,14,037,0,140370,18312
Córdoba,Lucena,14,038,6,140386,14511
Córdoba,Lucena,14,038,6,140386,14900
Córdoba,Lucena,14,038,6,140386,14911
Córdoba,Luque,14,039,9,140399,14880
Córdoba,Montalbán de Córdoba,14,040,3,140403,14548
Córdoba,Montemayor,14,041,0,140410,14530
Córdoba,Montilla,14,042,5,140425,14550
Córdoba,Montoro,14,043,1,140431,14600
Córdoba,Monturque,14,044,6,140446,14930
Córdoba,Moriles,14,045,9,140459,14510
Córdoba,Nueva Carteya,14,046,2,140462,14857
Córdoba,Obejo,14,047,8,140478,14310
Córdoba,Obejo,14,047,8,140478,14320
Córdoba,Obejo,14,047,8,140478,14350
Córdoba,Palenciana,14,048,4,140484,14914
Córdoba,Palma del Río,14,049,7,140497,14700
Córdoba,Pedro Abad,14,050,0,140500,14630
Córdoba,Pedroche,14,051,7,140517,14412
Córdoba,Peñarroya-Pueblonuevo,14,052,2,140522,14200
Córdoba,Posadas,14,053,8,140538,14730
Córdoba,Posadas,14,053,8,140538,14739
Córdoba,Pozoblanco,14,054,3,140543,14400
Córdoba,Priego de Córdoba,14,055,6,140556,14800
Córdoba,Priego de Córdoba,14,055,6,140556,14811
Córdoba,Priego de Córdoba,14,055,6,140556,14814
Córdoba,Priego de Córdoba,14,055,6,140556,14815
Córdoba,Priego de Córdoba,14,055,6,140556,14816
Córdoba,Priego de Córdoba,14,055,6,140556,14817
Córdoba,Puente Genil,14,056,9,140569,14500
Córdoba,Puente Genil,14,056,9,140569,14512
Córdoba,"Rambla, La",14,057,5,140575,14540
Córdoba,Rute,14,058,1,140581,14950
Córdoba,Rute,14,058,1,140581,14960
Córdoba,San Sebastián de los Ballesteros,14,059,4,140594,14150
Córdoba,Santaella,14,060,8,140608,14546
Córdoba,Santaella,14,060,8,140608,14547
Córdoba,Santaella,14,060,8,140608,14549
Córdoba,Santa Eufemia,14,061,5,140615,14491
Córdoba,Torrecampo,14,062,0,140620,14410
Córdoba,Valenzuela,14,063,6,140636,14670
Córdoba,Valsequillo,14,064,1,140641,14206
Córdoba,"Victoria, La",14,065,4,140654,14140
Córdoba,"Victoria, La",14,065,4,140654,14191
Córdoba,Villa del Río,14,066,7,140667,14640
Córdoba,Villafranca de Córdoba,14,067,3,140673,14420
Córdoba,Villaharta,14,068,9,140689,14210
Córdoba,Villanueva de Córdoba,14,069,2,140692,14440
Córdoba,Villanueva del Duque,14,070,6,140706,14250
Córdoba,Villanueva del Rey,14,071,3,140713,14230
Córdoba,Villaralto,14,072,8,140728,14490
Córdoba,Villaviciosa de Córdoba,14,073,4,140734,14300
Córdoba,Villaviciosa de Córdoba,14,073,4,140734,14320
Córdoba,"Viso, El",14,074,9,140749,14470
Córdoba,Zuheros,14,075,2,140752,14870
Córdoba,Fuente Carreteros,14,901,9,149019,14110
Córdoba,"Guijarrosa, La",14,902,4,149024,14547
"Coruña, A",Abegondo,15,001,1,150011,15318
"Coruña, A",Ames,15,002,6,150026,15220
"Coruña, A",Ames,15,002,6,150026,15229
"Coruña, A",Ames,15,002,6,150026,15864
"Coruña, A",Ames,15,002,6,150026,15870
"Coruña, A",Ames,15,002,6,150026,15895
"Coruña, A",Aranga,15,003,2,150032,15317
"Coruña, A",Ares,15,004,7,150047,15623
"Coruña, A",Ares,15,004,7,150047,15624
"Coruña, A",Ares,15,004,7,150047,15625
"Coruña, A",Arteixo,15,005,0,150050,15008
"Coruña, A",Arteixo,15,005,0,150050,15140
"Coruña, A",Arteixo,15,005,0,150050,15141
"Coruña, A",Arteixo,15,005,0,150050,15142
"Coruña, A",Arteixo,15,005,0,150050,15144
"Coruña, A",Arteixo,15,005,0,150050,15690
"Coruña, A",Arzúa,15,006,3,150063,15810
"Coruña, A",Arzúa,15,006,3,150063,15819
"Coruña, A",Arzúa,15,006,3,150063,15826
"Coruña, A","Baña, A",15,007,9,150079,15839
"Coruña, A","Baña, A",15,007,9,150079,15862
"Coruña, A","Baña, A",15,007,9,150079,15863
"Coruña, A",Bergondo,15,008,5,150085,15165
"Coruña, A",Bergondo,15,008,5,150085,15166
"Coruña, A",Bergondo,15,008,5,150085,15167
"Coruña, A",Bergondo,15,008,5,150085,15319
"Coruña, A",Bergondo,15,008,5,150085,15640
"Coruña, A",Betanzos,15,009,8,150098,15300
"Coruña, A",Betanzos,15,009,8,150098,15319
"Coruña, A",Boimorto,15,010,2,150102,15816
"Coruña, A",Boimorto,15,010,2,150102,15817
"Coruña, A",Boimorto,15,010,2,150102,15818
"Coruña, A",Boiro,15,011,9,150119,15930
"Coruña, A",Boiro,15,011,9,150119,15937
"Coruña, A",Boiro,15,011,9,150119,15938
"Coruña, A",Boiro,15,011,9,150119,15939
"Coruña, A",Boiro,15,011,9,150119,15990
"Coruña, A",Boiro,15,011,9,150119,15991
"Coruña, A",Boiro,15,011,9,150119,15992
"Coruña, A",Boqueixón,15,012,4,150124,15881
"Coruña, A",Boqueixón,15,012,4,150124,15882
"Coruña, A",Brión,15,013,0,150130,15280
"Coruña, A",Brión,15,013,0,150130,15285
"Coruña, A",Brión,15,013,0,150130,15865
"Coruña, A",Cabana de Bergantiños,15,014,5,150145,15110
"Coruña, A",Cabana de Bergantiños,15,014,5,150145,15115
"Coruña, A",Cabana de Bergantiños,15,014,5,150145,15116
"Coruña, A",Cabana de Bergantiños,15,014,5,150145,15119
"Coruña, A",Cabana de Bergantiños,15,014,5,150145,15149
"Coruña, A",Cabanas,15,015,8,150158,15611
"Coruña, A",Cabanas,15,015,8,150158,15612
"Coruña, A",Cabanas,15,015,8,150158,15621
"Coruña, A",Cabanas,15,015,8,150158,15622
"Coruña, A",Camariñas,15,016,1,150161,15121
"Coruña, A",Camariñas,15,016,1,150161,15122
"Coruña, A",Camariñas,15,016,1,150161,15123
"Coruña, A",Cambre,15,017,7,150177,15181
"Coruña, A",Cambre,15,017,7,150177,15650
"Coruña, A",Cambre,15,017,7,150177,15659
"Coruña, A",Cambre,15,017,7,150177,15660
"Coruña, A",Cambre,15,017,7,150177,15668
"Coruña, A",Cambre,15,017,7,150177,15669
"Coruña, A",Cambre,15,017,7,150177,15679
"Coruña, A","Capela, A",15,018,3,150183,15613
"Coruña, A",Carballo,15,019,6,150196,15100
"Coruña, A",Carballo,15,019,6,150196,15102
"Coruña, A",Carballo,15,019,6,150196,15105
"Coruña, A",Carballo,15,019,6,150196,15106
"Coruña, A",Carballo,15,019,6,150196,15107
"Coruña, A",Carballo,15,019,6,150196,15108
"Coruña, A",Carballo,15,019,6,150196,15109
"Coruña, A",Carnota,15,020,0,150200,15292
"Coruña, A",Carnota,15,020,0,150200,15293
"Coruña, A",Carnota,15,020,0,150200,15295
"Coruña, A",Carnota,15,020,0,150200,15296
"Coruña, A",Carral,15,021,7,150217,15175
"Coruña, A",Carral,15,021,7,150217,15182
"Coruña, A",Carral,15,021,7,150217,15183
"Coruña, A",Carral,15,021,7,150217,15184
"Coruña, A",Cedeira,15,022,2,150222,15347
"Coruña, A",Cedeira,15,022,2,150222,15350
"Coruña, A",Cedeira,15,022,2,150222,15357
"Coruña, A",Cedeira,15,022,2,150222,15358
"Coruña, A",Cedeira,15,022,2,150222,15359
"Coruña, A",Cedeira,15,022,2,150222,15555
"Coruña, A",Cee,15,023,8,150238,15138
"Coruña, A",Cee,15,023,8,150238,15270
"Coruña, A",Cee,15,023,8,150238,15298
"Coruña, A",Cee,15,023,8,150238,15299
"Coruña, A",Cerceda,15,024,3,150243,15185
"Coruña, A",Cerceda,15,024,3,150243,15186
"Coruña, A",Cerceda,15,024,3,150243,15187
"Coruña, A",Cerceda,15,024,3,150243,15188
"Coruña, A",Cerdido,15,025,6,150256,15530
"Coruña, A",Cerdido,15,025,6,150256,15569
"Coruña, A",Coirós,15,027,5,150275,15316
"Coruña, A",Corcubión,15,028,1,150281,15130
"Coruña, A",Corcubión,15,028,1,150281,15137
"Coruña, A",Coristanco,15,029,4,150294,15147
"Coruña, A",Coristanco,15,029,4,150294,15148
"Coruña, A","Coruña, A",15,030,8,150308,15001
"Coruña, A","Coruña, A",15,030,8,150308,15002
"Coruña, A","Coruña, A",15,030,8,150308,15003
"Coruña, A","Coruña, A",15,030,8,150308,15004
"Coruña, A","Coruña, A",15,030,8,150308,15005
"Coruña, A","Coruña, A",15,030,8,150308,15006
"Coruña, A","Coruña, A",15,030,8,150308,15007
"Coruña, A","Coruña, A",15,030,8,150308,15008
"Coruña, A","Coruña, A",15,030,8,150308,15009
"Coruña, A","Coruña, A",15,030,8,150308,15010
"Coruña, A","Coruña, A",15,030,8,150308,15011
"Coruña, A","Coruña, A",15,030,8,150308,15190
"Coruña, A",Culleredo,15,031,5,150315,15139
"Coruña, A",Culleredo,15,031,5,150315,15174
"Coruña, A",Culleredo,15,031,5,150315,15180
"Coruña, A",Culleredo,15,031,5,150315,15189
"Coruña, A",Culleredo,15,031,5,150315,15198
"Coruña, A",Culleredo,15,031,5,150315,15199
"Coruña, A",Culleredo,15,031,5,150315,15670
"Coruña, A",Curtis,15,032,0,150320,15310
"Coruña, A",Curtis,15,032,0,150320,15379
"Coruña, A",Dodro,15,033,6,150336,15916
"Coruña, A",Dodro,15,033,6,150336,15981
"Coruña, A",Dodro,15,033,6,150336,15982
"Coruña, A",Dumbría,15,034,1,150341,15151
"Coruña, A",Dumbría,15,034,1,150341,15152
"Coruña, A",Dumbría,15,034,1,150341,15297
"Coruña, A",Fene,15,035,4,150354,15500
"Coruña, A",Fene,15,035,4,150354,15509
"Coruña, A",Fene,15,035,4,150354,15520
"Coruña, A",Fene,15,035,4,150354,15528
"Coruña, A",Fene,15,035,4,150354,15627
"Coruña, A",Ferrol,15,036,7,150367,15401
"Coruña, A",Ferrol,15,036,7,150367,15402
"Coruña, A",Ferrol,15,036,7,150367,15403
"Coruña, A",Ferrol,15,036,7,150367,15404
"Coruña, A",Ferrol,15,036,7,150367,15405
"Coruña, A",Ferrol,15,036,7,150367,15406
"Coruña, A",Ferrol,15,036,7,150367,15590
"Coruña, A",Ferrol,15,036,7,150367,15592
"Coruña, A",Ferrol,15,036,7,150367,15593
"Coruña, A",Ferrol,15,036,7,150367,15594
"Coruña, A",Ferrol,15,036,7,150367,15595
"Coruña, A",Fisterra,15,037,3,150373,15153
"Coruña, A",Fisterra,15,037,3,150373,15154
"Coruña, A",Fisterra,15,037,3,150373,15155
"Coruña, A",Frades,15,038,9,150389,15685
"Coruña, A",Frades,15,038,9,150389,15686
"Coruña, A",Irixoa,15,039,2,150392,15313
"Coruña, A",Laxe,15,040,6,150406,15117
"Coruña, A",Laxe,15,040,6,150406,15118
"Coruña, A","Laracha, A",15,041,3,150413,15145
"Coruña, A","Laracha, A",15,041,3,150413,15146
"Coruña, A",Lousame,15,042,8,150428,15212
"Coruña, A",Lousame,15,042,8,150428,15214
"Coruña, A",Lousame,15,042,8,150428,15215
"Coruña, A",Lousame,15,042,8,150428,15216
"Coruña, A",Lousame,15,042,8,150428,15218
"Coruña, A",Malpica de Bergantiños,15,043,4,150434,15111
"Coruña, A",Malpica de Bergantiños,15,043,4,150434,15112
"Coruña, A",Malpica de Bergantiños,15,043,4,150434,15113
"Coruña, A",Mañón,15,044,9,150449,15337
"Coruña, A",Mañón,15,044,9,150449,15339
"Coruña, A",Mazaricos,15,045,2,150452,15238
"Coruña, A",Mazaricos,15,045,2,150452,15256
"Coruña, A",Mazaricos,15,045,2,150452,15258
"Coruña, A",Melide,15,046,5,150465,15800
"Coruña, A",Melide,15,046,5,150465,15805
"Coruña, A",Melide,15,046,5,150465,15809
"Coruña, A",Mesía,15,047,1,150471,15685
"Coruña, A",Mesía,15,047,1,150471,15686
"Coruña, A",Mesía,15,047,1,150471,15689
"Coruña, A",Miño,15,048,7,150487,15608
"Coruña, A",Miño,15,048,7,150487,15630
"Coruña, A",Miño,15,048,7,150487,15635
"Coruña, A",Miño,15,048,7,150487,15639
"Coruña, A",Moeche,15,049,0,150490,15563
"Coruña, A",Moeche,15,049,0,150490,15564
"Coruña, A",Monfero,15,050,3,150503,15315
"Coruña, A",Monfero,15,050,3,150503,15609
"Coruña, A",Monfero,15,050,3,150503,15617
"Coruña, A",Monfero,15,050,3,150503,15619
"Coruña, A",Mugardos,15,051,0,150510,15620
"Coruña, A",Mugardos,15,051,0,150510,15626
"Coruña, A",Mugardos,15,051,0,150510,15627
"Coruña, A",Muxía,15,052,5,150525,15124
"Coruña, A",Muxía,15,052,5,150525,15125
"Coruña, A",Muros,15,053,1,150531,15240
"Coruña, A",Muros,15,053,1,150531,15250
"Coruña, A",Muros,15,053,1,150531,15259
"Coruña, A",Muros,15,053,1,150531,15290
"Coruña, A",Muros,15,053,1,150531,15291
"Coruña, A",Narón,15,054,6,150546,15540
"Coruña, A",Narón,15,054,6,150546,15541
"Coruña, A",Narón,15,054,6,150546,15570
"Coruña, A",Narón,15,054,6,150546,15572
"Coruña, A",Narón,15,054,6,150546,15573
"Coruña, A",Narón,15,054,6,150546,15578
"Coruña, A",Narón,15,054,6,150546,15596
"Coruña, A",Narón,15,054,6,150546,15597
"Coruña, A",Neda,15,055,9,150559,15510
"Coruña, A",Neda,15,055,9,150559,15577
"Coruña, A",Neda,15,055,9,150559,15579
"Coruña, A",Negreira,15,056,2,150562,15830
"Coruña, A",Negreira,15,056,2,150562,15838
"Coruña, A",Negreira,15,056,2,150562,15839
"Coruña, A",Negreira,15,056,2,150562,15863
"Coruña, A",Noia,15,057,8,150578,15200
"Coruña, A",Noia,15,057,8,150578,15210
"Coruña, A",Noia,15,057,8,150578,15211
"Coruña, A",Noia,15,057,8,150578,15213
"Coruña, A",Noia,15,057,8,150578,15218
"Coruña, A",Oleiros,15,058,4,150584,15171
"Coruña, A",Oleiros,15,058,4,150584,15172
"Coruña, A",Oleiros,15,058,4,150584,15173
"Coruña, A",Oleiros,15,058,4,150584,15176
"Coruña, A",Oleiros,15,058,4,150584,15177
"Coruña, A",Oleiros,15,058,4,150584,15178
"Coruña, A",Oleiros,15,058,4,150584,15179
"Coruña, A",Ordes,15,059,7,150597,15680
"Coruña, A",Ordes,15,059,7,150597,15684
"Coruña, A",Ordes,15,059,7,150597,15685
"Coruña, A",Ordes,15,059,7,150597,15687
"Coruña, A",Ordes,15,059,7,150597,15689
"Coruña, A",Oroso,15,060,1,150601,15688
"Coruña, A",Oroso,15,060,1,150601,15888
"Coruña, A",Ortigueira,15,061,8,150618,15330
"Coruña, A",Ortigueira,15,061,8,150618,15332
"Coruña, A",Ortigueira,15,061,8,150618,15338
"Coruña, A",Ortigueira,15,061,8,150618,15339
"Coruña, A",Ortigueira,15,061,8,150618,15340
"Coruña, A",Ortigueira,15,061,8,150618,15349
"Coruña, A",Ortigueira,15,061,8,150618,15367
"Coruña, A",Ortigueira,15,061,8,150618,15368
"Coruña, A",Outes,15,062,3,150623,15230
"Coruña, A",Outes,15,062,3,150623,15236
"Coruña, A",Outes,15,062,3,150623,15237
"Coruña, A",Outes,15,062,3,150623,15239
"Coruña, A",Outes,15,062,3,150623,15286
"Coruña, A",Outes,15,062,3,150623,15287
"Coruña, A",Outes,15,062,3,150623,15288
"Coruña, A",Paderne,15,064,4,150644,15314
"Coruña, A",Paderne,15,064,4,150644,15319
"Coruña, A",Padrón,15,065,7,150657,15900
"Coruña, A",Padrón,15,065,7,150657,15910
"Coruña, A",Padrón,15,065,7,150657,15914
"Coruña, A",Padrón,15,065,7,150657,15915
"Coruña, A",Padrón,15,065,7,150657,15917
"Coruña, A",Padrón,15,065,7,150657,15980
"Coruña, A","Pino, O",15,066,0,150660,15821
"Coruña, A","Pino, O",15,066,0,150660,15823
"Coruña, A","Pino, O",15,066,0,150660,15824
"Coruña, A","Pino, O",15,066,0,150660,15825
"Coruña, A","Pino, O",15,066,0,150660,15887
"Coruña, A","Pobra do Caramiñal, A",15,067,6,150676,15940
"Coruña, A","Pobra do Caramiñal, A",15,067,6,150676,15948
"Coruña, A","Pobra do Caramiñal, A",15,067,6,150676,15949
"Coruña, A",Ponteceso,15,068,2,150682,15110
"Coruña, A",Ponteceso,15,068,2,150682,15114
"Coruña, A",Pontedeume,15,069,5,150695,15600
"Coruña, A",Pontedeume,15,069,5,150695,15607
"Coruña, A",Pontedeume,15,069,5,150695,15609
"Coruña, A",Pontedeume,15,069,5,150695,15614
"Coruña, A","Pontes de García Rodríguez, As",15,070,9,150709,15320
"Coruña, A","Pontes de García Rodríguez, As",15,070,9,150709,15324
"Coruña, A","Pontes de García Rodríguez, As",15,070,9,150709,15325
"Coruña, A","Pontes de García Rodríguez, As",15,070,9,150709,15326
"Coruña, A","Pontes de García Rodríguez, As",15,070,9,150709,15327
"Coruña, A","Pontes de García Rodríguez, As",15,070,9,150709,15328
"Coruña, A","Pontes de García Rodríguez, As",15,070,9,150709,15329
"Coruña, A","Pontes de García Rodríguez, As",15,070,9,150709,15582
"Coruña, A",Porto do Son,15,071,6,150716,15970
"Coruña, A",Porto do Son,15,071,6,150716,15978
"Coruña, A",Porto do Son,15,071,6,150716,15979
"Coruña, A",Porto do Son,15,071,6,150716,15994
"Coruña, A",Porto do Son,15,071,6,150716,15995
"Coruña, A",Porto do Son,15,071,6,150716,15996
"Coruña, A",Porto do Son,15,071,6,150716,15998
"Coruña, A",Porto do Son,15,071,6,150716,15999
"Coruña, A",Rianxo,15,072,1,150721,15920
"Coruña, A",Rianxo,15,072,1,150721,15928
"Coruña, A",Rianxo,15,072,1,150721,15983
"Coruña, A",Rianxo,15,072,1,150721,15984
"Coruña, A",Rianxo,15,072,1,150721,15985
"Coruña, A",Ribeira,15,073,7,150737,15959
"Coruña, A",Ribeira,15,073,7,150737,15960
"Coruña, A",Ribeira,15,073,7,150737,15965
"Coruña, A",Ribeira,15,073,7,150737,15966
"Coruña, A",Ribeira,15,073,7,150737,15967
"Coruña, A",Ribeira,15,073,7,150737,15968
"Coruña, A",Ribeira,15,073,7,150737,15969
"Coruña, A",Ribeira,15,073,7,150737,15993
"Coruña, A",Rois,15,074,2,150742,15281
"Coruña, A",Rois,15,074,2,150742,15282
"Coruña, A",Rois,15,074,2,150742,15911
"Coruña, A",Rois,15,074,2,150742,15912
"Coruña, A",Rois,15,074,2,150742,15913
"Coruña, A",Rois,15,074,2,150742,15980
"Coruña, A",Sada,15,075,5,150755,15160
"Coruña, A",Sada,15,075,5,150755,15168
"Coruña, A",Sada,15,075,5,150755,15169
"Coruña, A",San Sadurniño,15,076,8,150768,15560
"Coruña, A",San Sadurniño,15,076,8,150768,15561
"Coruña, A",San Sadurniño,15,076,8,150768,15562
"Coruña, A",San Sadurniño,15,076,8,150768,15576
"Coruña, A",San Sadurniño,15,076,8,150768,15580
"Coruña, A",San Sadurniño,15,076,8,150768,15598
"Coruña, A",Santa Comba,15,077,4,150774,15837
"Coruña, A",Santa Comba,15,077,4,150774,15840
"Coruña, A",Santa Comba,15,077,4,150774,15841
"Coruña, A",Santa Comba,15,077,4,150774,15845
"Coruña, A",Santa Comba,15,077,4,150774,15846
"Coruña, A",Santa Comba,15,077,4,150774,15847
"Coruña, A",Santa Comba,15,077,4,150774,15848
"Coruña, A",Santa Comba,15,077,4,150774,15860
"Coruña, A",Santa Comba,15,077,4,150774,15861
"Coruña, A",Santiago de Compostela,15,078,0,150780,15688
"Coruña, A",Santiago de Compostela,15,078,0,150780,15701
"Coruña, A",Santiago de Compostela,15,078,0,150780,15702
"Coruña, A",Santiago de Compostela,15,078,0,150780,15703
"Coruña, A",Santiago de Compostela,15,078,0,150780,15704
"Coruña, A",Santiago de Compostela,15,078,0,150780,15705
"Coruña, A",Santiago de Compostela,15,078,0,150780,15706
"Coruña, A",Santiago de Compostela,15,078,0,150780,15707
"Coruña, A",Santiago de Compostela,15,078,0,150780,15820
"Coruña, A",Santiago de Compostela,15,078,0,150780,15884
"Coruña, A",Santiago de Compostela,15,078,0,150780,15890
"Coruña, A",Santiago de Compostela,15,078,0,150780,15892
"Coruña, A",Santiago de Compostela,15,078,0,150780,15893
"Coruña, A",Santiago de Compostela,15,078,0,150780,15896
"Coruña, A",Santiago de Compostela,15,078,0,150780,15897
"Coruña, A",Santiago de Compostela,15,078,0,150780,15898
"Coruña, A",Santiago de Compostela,15,078,0,150780,15899
"Coruña, A",Santiso,15,079,3,150793,15808
"Coruña, A",Sobrado,15,080,7,150807,15813
"Coruña, A",Sobrado,15,080,7,150807,15814
"Coruña, A",Sobrado,15,080,7,150807,15815
"Coruña, A","Somozas, As",15,081,4,150814,15565
"Coruña, A","Somozas, As",15,081,4,150814,15566
"Coruña, A","Somozas, As",15,081,4,150814,15567
"Coruña, A","Somozas, As",15,081,4,150814,15568
"Coruña, A",Teo,15,082,9,150829,15866
"Coruña, A",Teo,15,082,9,150829,15883
"Coruña, A",Teo,15,082,9,150829,15886
"Coruña, A",Teo,15,082,9,150829,15894
"Coruña, A",Toques,15,083,5,150835,15806
"Coruña, A",Tordoia,15,084,0,150840,15683
"Coruña, A",Tordoia,15,084,0,150840,15684
"Coruña, A",Tordoia,15,084,0,150840,15689
"Coruña, A",Touro,15,085,3,150853,15822
"Coruña, A",Touro,15,085,3,150853,15823
"Coruña, A",Touro,15,085,3,150853,15824
"Coruña, A",Touro,15,085,3,150853,15828
"Coruña, A",Trazo,15,086,6,150866,15686
"Coruña, A",Trazo,15,086,6,150866,15687
"Coruña, A",Valdoviño,15,087,2,150872,15542
"Coruña, A",Valdoviño,15,087,2,150872,15543
"Coruña, A",Valdoviño,15,087,2,150872,15550
"Coruña, A",Valdoviño,15,087,2,150872,15551
"Coruña, A",Valdoviño,15,087,2,150872,15552
"Coruña, A",Valdoviño,15,087,2,150872,15553
"Coruña, A",Valdoviño,15,087,2,150872,15554
"Coruña, A",Val do Dubra,15,088,8,150888,15871
"Coruña, A",Val do Dubra,15,088,8,150888,15872
"Coruña, A",Val do Dubra,15,088,8,150888,15873
"Coruña, A",Val do Dubra,15,088,8,150888,15874
"Coruña, A",Vedra,15,089,1,150891,15880
"Coruña, A",Vedra,15,089,1,150891,15885
"Coruña, A",Vilasantar,15,090,5,150905,15807
"Coruña, A",Vilarmaior,15,091,2,150912,15615
"Coruña, A",Vilarmaior,15,091,2,150912,15616
"Coruña, A",Vilarmaior,15,091,2,150912,15637
"Coruña, A",Vilarmaior,15,091,2,150912,15638
"Coruña, A",Vimianzo,15,092,7,150927,15126
"Coruña, A",Vimianzo,15,092,7,150927,15127
"Coruña, A",Vimianzo,15,092,7,150927,15128
"Coruña, A",Vimianzo,15,092,7,150927,15129
"Coruña, A",Vimianzo,15,092,7,150927,15150
"Coruña, A",Zas,15,093,3,150933,15150
"Coruña, A",Zas,15,093,3,150933,15656
"Coruña, A",Zas,15,093,3,150933,15850
"Coruña, A",Zas,15,093,3,150933,15851
"Coruña, A",Zas,15,093,3,150933,15855
"Coruña, A",Zas,15,093,3,150933,15856
"Coruña, A",Zas,15,093,3,150933,15857
"Coruña, A",Zas,15,093,3,150933,15858
"Coruña, A",Zas,15,093,3,150933,15859
"Coruña, A",Cariño,15,901,2,159012,15360
"Coruña, A",Cariño,15,901,2,159012,15365
"Coruña, A",Cariño,15,901,2,159012,15366
"Coruña, A",Cariño,15,901,2,159012,15369
"Coruña, A",Oza-Cesuras,15,902,7,159027,15380
"Coruña, A",Oza-Cesuras,15,902,7,159027,15386
"Coruña, A",Oza-Cesuras,15,902,7,159027,15387
"Coruña, A",Oza-Cesuras,15,902,7,159027,15388
"Coruña, A",Oza-Cesuras,15,902,7,159027,15389
"Coruña, A",Oza-Cesuras,15,902,7,159027,15390
"Coruña, A",Oza-Cesuras,15,902,7,159027,15391
Cuenca,Abia de la Obispalía,16,001,4,160014,16195
Cuenca,"Acebrón, El",16,002,9,160029,16412
Cuenca,Alarcón,16,003,5,160035,16214
Cuenca,Albaladejo del Cuende,16,004,0,160040,16111
Cuenca,Albalate de las Nogueras,16,005,3,160053,16841
Cuenca,Albendea,16,006,6,160066,16812
Cuenca,"Alberca de Záncara, La",16,007,2,160072,16620
Cuenca,Alcalá de la Vega,16,008,8,160088,16315
Cuenca,Alcantud,16,009,1,160091,16812
Cuenca,Alcázar del Rey,16,010,5,160105,16464
Cuenca,Alcohujate,16,011,2,160112,16537
Cuenca,Alconchel de la Estrella,16,012,7,160127,16433
Cuenca,Algarra,16,013,3,160133,16338
Cuenca,Aliaguilla,16,014,8,160148,16313
Cuenca,"Almarcha, La",16,015,1,160151,16740
Cuenca,Almendros,16,016,4,160164,16420
Cuenca,Almodóvar del Pinar,16,017,0,160170,16215
Cuenca,Almonacid del Marquesado,16,018,6,160186,16431
Cuenca,Altarejos,16,019,9,160199,16195
Cuenca,Altarejos,16,019,9,160199,16780
Cuenca,Arandilla del Arroyo,16,020,3,160203,16812
Cuenca,Arcos de la Sierra,16,022,5,160225,16141
Cuenca,Chillarón de Cuenca,16,023,1,160231,16190
Cuenca,Chillarón de Cuenca,16,023,1,160231,16191
Cuenca,Chillarón de Cuenca,16,023,1,160231,16194
Cuenca,Arguisuelas,16,024,6,160246,16360
Cuenca,Arrancacepas,16,025,9,160259,16855
Cuenca,Atalaya del Cañavate,16,026,2,160262,16710
Cuenca,Barajas de Melo,16,027,8,160278,16460
Cuenca,Barchín del Hoyo,16,029,7,160297,16118
Cuenca,Bascuñana de San Pedro,16,030,1,160301,16191
Cuenca,Beamud,16,031,8,160318,16152
Cuenca,Belinchón,16,032,3,160323,16470
Cuenca,Belmonte,16,033,9,160339,16640
Cuenca,Belmontejo,16,034,4,160344,16779
Cuenca,Beteta,16,035,7,160357,16870
Cuenca,Beteta,16,035,7,160357,16879
Cuenca,Beteta,16,035,7,160357,16893
Cuenca,Boniches,16,036,0,160360,16311
Cuenca,Buciegas,16,038,2,160382,16851
Cuenca,Buenache de Alarcón,16,039,5,160395,16114
Cuenca,Buenache de la Sierra,16,040,9,160409,16192
Cuenca,Buendía,16,041,6,160416,16512
Cuenca,Campillo de Altobuey,16,042,1,160421,16210
Cuenca,Campillos-Paravientos,16,043,7,160437,16311
Cuenca,Campillos-Sierra,16,044,2,160442,16316
Cuenca,Canalejas del Arroyo,16,045,5,160455,16857
Cuenca,Cañada del Hoyo,16,046,8,160468,16340
Cuenca,Cañada Juncosa,16,047,4,160474,16720
Cuenca,Cañamares,16,048,0,160480,16890
Cuenca,"Cañavate, El",16,049,3,160493,16738
Cuenca,Cañaveras,16,050,6,160506,16850
Cuenca,Cañaveruelas,16,051,3,160513,16537
Cuenca,Cañete,16,052,8,160528,16300
Cuenca,Cañizares,16,053,4,160534,16878
Cuenca,Cañizares,16,053,4,160534,16891
Cuenca,Cañizares,16,053,4,160534,16892
Cuenca,Carboneras de Guadazaón,16,055,2,160552,16350
Cuenca,Cardenete,16,056,5,160565,16373
Cuenca,Carrascosa,16,057,1,160571,16879
Cuenca,Carrascosa,16,057,1,160571,16891
Cuenca,Carrascosa de Haro,16,058,7,160587,16649
Cuenca,Casas de Benítez,16,060,4,160604,16707
Cuenca,Casas de Fernando Alonso,16,061,1,160611,16610
Cuenca,Casas de Garcimolina,16,062,6,160626,16338
Cuenca,Casas de Guijarro,16,063,2,160632,16708
Cuenca,Casas de Haro,16,064,7,160647,16611
Cuenca,Casas de los Pinos,16,065,0,160650,16612
Cuenca,Casasimarro,16,066,3,160663,16239
Cuenca,Castejón,16,067,9,160679,16856
Cuenca,Castillejo de Iniesta,16,068,5,160685,16250
Cuenca,Castillejo-Sierra,16,070,2,160702,16141
Cuenca,Castillo-Albaráñez,16,071,9,160719,16854
Cuenca,Castillo de Garcimuñoz,16,072,4,160724,16623
Cuenca,Cervera del Llano,16,073,0,160730,16444
Cuenca,"Cierva, La",16,074,5,160745,16340
Cuenca,Cuenca,16,078,3,160783,16001
Cuenca,Cuenca,16,078,3,160783,16002
Cuenca,Cuenca,16,078,3,160783,16003
Cuenca,Cuenca,16,078,3,160783,16004
Cuenca,Cuenca,16,078,3,160783,16146
Cuenca,Cuenca,16,078,3,160783,16191
Cuenca,Cuenca,16,078,3,160783,16193
Cuenca,Cuenca,16,078,3,160783,16194
Cuenca,Cueva del Hierro,16,079,6,160796,16879
Cuenca,Chumillas,16,081,7,160817,16216
Cuenca,Enguídanos,16,082,2,160822,16372
Cuenca,Fresneda de Altarejos,16,083,8,160838,16781
Cuenca,Fresneda de la Sierra,16,084,3,160843,16141
Cuenca,"Frontera, La",16,085,6,160856,16144
Cuenca,Fuente de Pedro Naharro,16,086,9,160869,16411
Cuenca,Fuentelespino de Haro,16,087,5,160875,16647
Cuenca,Fuentelespino de Moya,16,088,1,160881,16311
Cuenca,Fuentes,16,089,4,160894,16193
Cuenca,Fuertescusa,16,091,5,160915,16890
Cuenca,Gabaldón,16,092,0,160920,16214
Cuenca,Garaballa,16,093,6,160936,16312
Cuenca,Gascueña,16,094,1,160941,16532
Cuenca,Graja de Campalbo,16,095,4,160954,16339
Cuenca,Graja de Iniesta,16,096,7,160967,16251
Cuenca,Henarejos,16,097,3,160973,16312
Cuenca,"Herrumblar, El",16,098,9,160989,16290
Cuenca,"Hinojosa, La",16,099,2,160992,16435
Cuenca,"Hinojosos, Los",16,100,6,161006,16417
Cuenca,"Hito, El",16,101,3,161013,16441
Cuenca,Honrubia,16,102,8,161028,16730
Cuenca,Hontanaya,16,103,4,161034,16421
Cuenca,Hontecillas,16,104,9,161049,16118
Cuenca,Horcajo de Santiago,16,106,5,161065,16410
Cuenca,Huélamo,16,107,1,161071,16152
Cuenca,Huelves,16,108,7,161087,16465
Cuenca,Huérguina,16,109,0,161090,16311
Cuenca,Huerta de la Obispalía,16,110,4,161104,16195
Cuenca,Huerta del Marquesado,16,111,1,161111,16316
Cuenca,Huete,16,112,6,161126,16500
Cuenca,Huete,16,112,6,161126,16520
Cuenca,Huete,16,112,6,161126,16521
Cuenca,Huete,16,112,6,161126,16532
Cuenca,Huete,16,112,6,161126,16540
Cuenca,Huete,16,112,6,161126,16541
Cuenca,Huete,16,112,6,161126,16550
Cuenca,Iniesta,16,113,2,161132,16235
Cuenca,Iniesta,16,113,2,161132,16236
Cuenca,Iniesta,16,113,2,161132,16290
Cuenca,Laguna del Marquesado,16,115,0,161150,16316
Cuenca,Lagunaseca,16,116,3,161163,16878
Cuenca,Landete,16,117,9,161179,16330
Cuenca,Landete,16,117,9,161179,16339
Cuenca,Ledaña,16,118,5,161185,16237
Cuenca,Leganiel,16,119,8,161198,16461
Cuenca,"Majadas, Las",16,121,9,161219,16142
Cuenca,Mariana,16,122,4,161224,16143
Cuenca,Masegosa,16,123,0,161230,16878
Cuenca,"Mesas, Las",16,124,5,161245,16650
Cuenca,Minglanilla,16,125,8,161258,16260
Cuenca,Mira,16,126,1,161261,16393
Cuenca,Monreal del Llano,16,128,3,161283,16649
Cuenca,Montalbanejo,16,129,6,161296,16434
Cuenca,Montalbo,16,130,0,161300,16440
Cuenca,Monteagudo de las Salinas,16,131,7,161317,16360
Cuenca,Monteagudo de las Salinas,16,131,7,161317,16361
Cuenca,Mota de Altarejos,16,132,2,161322,16780
Cuenca,Mota del Cuervo,16,133,8,161338,16630
Cuenca,Motilla del Palancar,16,134,3,161343,16200
Cuenca,Moya,16,135,6,161356,16337
Cuenca,Moya,16,135,6,161356,16338
Cuenca,Narboneta,16,137,5,161375,16371
Cuenca,Olivares de Júcar,16,139,4,161394,16760
Cuenca,Olmeda de la Cuesta,16,140,8,161408,16852
Cuenca,Olmeda del Rey,16,141,5,161415,16216
Cuenca,Olmedilla de Alarcón,16,142,0,161420,16118
Cuenca,Olmedilla de Eliz,16,143,6,161436,16853
Cuenca,Osa de la Vega,16,145,4,161454,16423
Cuenca,Pajarón,16,146,7,161467,16390
Cuenca,Pajaroncillo,16,147,3,161473,16390
Cuenca,Palomares del Campo,16,148,9,161489,16160
Cuenca,Palomera,16,149,2,161492,16192
Cuenca,Paracuellos,16,150,5,161505,16373
Cuenca,Paredes,16,151,2,161512,16465
Cuenca,"Parra de las Vegas, La",16,152,7,161527,16113
Cuenca,"Pedernoso, El",16,153,3,161533,16638
Cuenca,"Pedroñeras, Las",16,154,8,161548,16660
Cuenca,"Peral, El",16,155,1,161551,16240
Cuenca,"Peraleja, La",16,156,4,161564,16532
Cuenca,"Pesquera, La",16,157,0,161570,16269
Cuenca,"Picazo, El",16,158,6,161586,16211
Cuenca,Pinarejo,16,159,9,161599,16622
Cuenca,Pineda de Gigüela,16,160,3,161603,16541
Cuenca,Piqueras del Castillo,16,161,0,161610,16118
Cuenca,Portalrubio de Guadamejud,16,162,5,161625,16522
Cuenca,Portilla,16,163,1,161631,16141
Cuenca,Poyatos,16,165,9,161659,16878
Cuenca,Pozoamargo,16,166,2,161662,16708
Cuenca,Pozorrubio de Santiago,16,167,8,161678,16414
Cuenca,"Pozuelo, El",16,169,7,161697,16812
Cuenca,Priego,16,170,1,161701,16800
Cuenca,"Provencio, El",16,171,8,161718,16670
Cuenca,Puebla de Almenara,16,172,3,161723,16421
Cuenca,"Valle de Altomira, El",16,173,9,161739,16510
Cuenca,"Valle de Altomira, El",16,173,9,161739,16512
Cuenca,Puebla del Salvador,16,174,4,161744,16269
Cuenca,Quintanar del Rey,16,175,7,161757,16220
Cuenca,Rada de Haro,16,176,0,161760,16649
Cuenca,Reíllo,16,177,6,161776,16390
Cuenca,Rozalén del Monte,16,181,6,161816,16452
Cuenca,Saceda-Trasierra,16,185,5,161855,16463
Cuenca,Saelices,16,186,8,161868,16430
Cuenca,Salinas del Manzano,16,187,4,161874,16317
Cuenca,Salmeroncillos,16,188,0,161880,16813
Cuenca,Salvacañete,16,189,3,161893,16318
Cuenca,San Clemente,16,190,7,161907,16600
Cuenca,San Lorenzo de la Parrilla,16,191,4,161914,16770
Cuenca,San Martín de Boniches,16,192,9,161929,16370
Cuenca,San Pedro Palmiches,16,193,5,161935,16810
Cuenca,San Pedro Palmiches,16,193,5,161935,16813
Cuenca,Santa Cruz de Moya,16,194,0,161940,16336
Cuenca,Santa Cruz de Moya,16,194,0,161940,16339
Cuenca,Santa María del Campo Rus,16,195,3,161953,16621
Cuenca,Santa María de los Llanos,16,196,6,161966,16639
Cuenca,Santa María del Val,16,197,2,161972,16878
Cuenca,Sisante,16,198,8,161988,16700
Cuenca,Solera de Gabaldón,16,199,1,161991,16216
Cuenca,Talayuelas,16,202,7,162027,16320
Cuenca,Talayuelas,16,202,7,162027,16321
Cuenca,Tarancón,16,203,3,162033,16400
Cuenca,Tébar,16,204,8,162048,16710
Cuenca,Tejadillos,16,205,1,162051,16317
Cuenca,Tinajas,16,206,4,162064,16522
Cuenca,Torralba,16,209,9,162099,16842
Cuenca,Torrejoncillo del Rey,16,211,0,162110,16161
Cuenca,Torrejoncillo del Rey,16,211,0,162110,16162
Cuenca,Torrejoncillo del Rey,16,211,0,162110,16195
Cuenca,Torrubia del Campo,16,212,5,162125,16413
Cuenca,Torrubia del Castillo,16,213,1,162131,16739
Cuenca,Tragacete,16,215,9,162159,16150
Cuenca,Tresjuncos,16,216,2,162162,16422
Cuenca,Tribaldos,16,217,8,162178,16452
Cuenca,Uclés,16,218,4,162184,16452
Cuenca,Uña,16,219,7,162197,16152
Cuenca,Valdemeca,16,224,4,162244,16152
Cuenca,Valdemorillo de la Sierra,16,225,7,162257,16340
Cuenca,Valdemoro-Sierra,16,227,6,162276,16316
Cuenca,Valdeolivas,16,228,2,162282,16813
Cuenca,Valhermoso de la Fuente,16,231,6,162316,16214
Cuenca,Valsalobre,16,234,2,162342,16879
Cuenca,Valverde de Júcar,16,236,8,162368,16100
Cuenca,Valverdejo,16,237,4,162374,16214
Cuenca,Vara de Rey,16,238,0,162380,16709
Cuenca,Vega del Codorno,16,239,3,162393,16150
Cuenca,Vellisca,16,240,7,162407,16510
Cuenca,Villaconejos de Trabaque,16,242,9,162429,16860
Cuenca,Villaescusa de Haro,16,243,5,162435,16647
Cuenca,Villagarcía del Llano,16,244,0,162440,16236
Cuenca,Villagarcía del Llano,16,244,0,162440,16238
Cuenca,Villalba de la Sierra,16,245,3,162453,16140
Cuenca,Villalba del Rey,16,246,6,162466,16535
Cuenca,Villalgordo del Marquesado,16,247,2,162472,16646
Cuenca,Villalpardo,16,248,8,162488,16270
Cuenca,Villamayor de Santiago,16,249,1,162491,16415
Cuenca,Villanueva de Guadamejud,16,250,4,162504,16531
Cuenca,Villanueva de la Jara,16,251,1,162511,16211
Cuenca,Villanueva de la Jara,16,251,1,162511,16230
Cuenca,Villanueva de la Jara,16,251,1,162511,16234
Cuenca,Villar de Cañas,16,253,2,162532,16433
Cuenca,Villar de Domingo García,16,254,7,162547,16191
Cuenca,Villar de Domingo García,16,254,7,162547,16840
Cuenca,Villar de la Encina,16,255,0,162550,16648
Cuenca,Villar del Humo,16,258,5,162585,16370
Cuenca,Villar del Infantado,16,259,8,162598,16813
Cuenca,Villar de Olalla,16,263,0,162630,16195
Cuenca,Villar de Olalla,16,263,0,162630,16196
Cuenca,Villarejo de Fuentes,16,264,5,162645,16432
Cuenca,Villarejo de la Peñuela,16,265,8,162658,16541
Cuenca,Villarejo-Periesteban,16,266,1,162661,16771
Cuenca,Villares del Saz,16,269,6,162696,16442
Cuenca,Villarrubio,16,270,0,162700,16420
Cuenca,Villarta,16,271,7,162717,16280
Cuenca,Villas de la Ventosa,16,272,2,162722,16843
Cuenca,Villaverde y Pasaconsol,16,273,8,162738,16111
Cuenca,Víllora,16,274,3,162743,16371
Cuenca,Vindel,16,275,6,162756,16812
Cuenca,Yémeda,16,276,9,162769,16373
Cuenca,Zafra de Záncara,16,277,5,162775,16771
Cuenca,Zafrilla,16,278,1,162781,16317
Cuenca,Zarza de Tajo,16,279,4,162794,16470
Cuenca,Zarzuela,16,280,8,162808,16146
Cuenca,Campos del Paraíso,16,901,5,169015,16550
Cuenca,Campos del Paraíso,16,901,5,169015,16555
Cuenca,Valdetórtola,16,902,0,169020,16122
Cuenca,"Valeras, Las",16,903,6,169036,16120
Cuenca,"Valeras, Las",16,903,6,169036,16216
Cuenca,Fuentenava de Jábaga,16,904,1,169041,16190
Cuenca,Fuentenava de Jábaga,16,904,1,169041,16191
Cuenca,Fuentenava de Jábaga,16,904,1,169041,16194
Cuenca,Arcas,16,905,4,169054,16123
Cuenca,"Valdecolmenas, Los",16,906,7,169067,16541
Cuenca,Pozorrubielos de la Mancha,16,908,9,169089,16212
Cuenca,Sotorribas,16,909,2,169092,16143
Cuenca,Sotorribas,16,909,2,169092,16144
Cuenca,Sotorribas,16,909,2,169092,16145
Cuenca,Villar y Velasco,16,910,6,169106,16542
Girona,Agullana,17,001,0,170010,17707
Girona,Aiguaviva,17,002,5,170025,17181
Girona,Albanyà,17,003,1,170031,17733
Girona,Albanyà,17,003,1,170031,17734
Girona,Albons,17,004,6,170046,17136
Girona,"Far d'Empordà, El",17,005,9,170059,17469
Girona,Alp,17,006,2,170062,17537
Girona,Alp,17,006,2,170062,17538
Girona,Amer,17,007,8,170078,17170
Girona,Anglès,17,008,4,170084,17160
Girona,Arbúcies,17,009,7,170097,17401
Girona,Arbúcies,17,009,7,170097,17402
Girona,Argelaguer,17,010,1,170101,17853
Girona,"Armentera, L'",17,011,8,170118,17472
Girona,Avinyonet de Puigventós,17,012,3,170123,17742
Girona,Begur,17,013,9,170139,17213
Girona,Begur,17,013,9,170139,17255
Girona,"Vajol, La",17,014,4,170144,17707
Girona,Banyoles,17,015,7,170157,17820
Girona,Bàscara,17,016,0,170160,17468
Girona,Bàscara,17,016,0,170160,17483
Girona,Bellcaire d'Empordà,17,018,2,170182,17141
Girona,Besalú,17,019,5,170195,17850
Girona,Bescanó,17,020,9,170209,17162
Girona,Bescanó,17,020,9,170209,17182
Girona,Beuda,17,021,6,170216,17850
Girona,"Bisbal d'Empordà, La",17,022,1,170221,17100
Girona,Blanes,17,023,7,170237,17300
Girona,Bolvir,17,024,2,170242,17539
Girona,Bordils,17,025,5,170255,17462
Girona,Borrassà,17,026,8,170268,17770
Girona,Breda,17,027,4,170274,17400
Girona,Brunyola i Sant Martí Sapresa,17,028,0,170280,17441
Girona,Boadella i les Escaules,17,029,3,170293,17723
Girona,Cabanes,17,030,7,170307,17761
Girona,Cabanelles,17,031,4,170314,17746
Girona,Cabanelles,17,031,4,170314,17747
Girona,Cadaqués,17,032,9,170329,17488
Girona,Caldes de Malavella,17,033,5,170335,17455
Girona,Caldes de Malavella,17,033,5,170335,17456
Girona,Calonge i Sant Antoni,17,034,0,170340,17251
Girona,Calonge i Sant Antoni,17,034,0,170340,17252
Girona,Camós,17,035,3,170353,17834
Girona,Campdevànol,17,036,6,170366,17530
Girona,Campelles,17,037,2,170372,17534
Girona,Campllong,17,038,8,170388,17459
Girona,Camprodon,17,039,1,170391,17867
Girona,Canet d'Adri,17,040,5,170405,17199
Girona,Cantallops,17,041,2,170412,17708
Girona,Capmany,17,042,7,170427,17750
Girona,Queralbs,17,043,3,170433,17534
Girona,Cassà de la Selva,17,044,8,170448,17244
Girona,Castellfollit de la Roca,17,046,4,170464,17856
Girona,Castelló d'Empúries,17,047,0,170470,17486
Girona,Castelló d'Empúries,17,047,0,170470,17487
Girona,"Castell d'Aro, Platja d'Aro i s'Agaró",17,048,6,170486,17248
Girona,"Castell d'Aro, Platja d'Aro i s'Agaró",17,048,6,170486,17249
Girona,"Castell d'Aro, Platja d'Aro i s'Agaró",17,048,6,170486,17250
Girona,Celrà,17,049,9,170499,17460
Girona,Cervià de Ter,17,050,2,170502,17464
Girona,Cistella,17,051,9,170519,17741
Girona,Siurana,17,052,4,170524,17469
Girona,Colera,17,054,5,170545,17496
Girona,Colomers,17,055,8,170558,17144
Girona,Cornellà del Terri,17,056,1,170561,17844
Girona,Corçà,17,057,7,170577,17121
Girona,Crespià,17,058,3,170583,17832
Girona,Darnius,17,060,0,170600,17722
Girona,Das,17,061,7,170617,17538
Girona,"Escala, L'",17,062,2,170622,17130
Girona,Espinelves,17,063,8,170638,17405
Girona,Espolla,17,064,3,170643,17753
Girona,Esponellà,17,065,6,170656,17832
Girona,Figueres,17,066,9,170669,17484
Girona,Figueres,17,066,9,170669,17600
Girona,Flaçà,17,067,5,170675,17463
Girona,Foixà,17,068,1,170681,17132
Girona,Foixà,17,068,1,170681,17133
Girona,Foixà,17,068,1,170681,17463
Girona,Fontanals de Cerdanya,17,069,4,170694,17538
Girona,Fontanilles,17,070,8,170708,17257
Girona,Fontcoberta,17,071,5,170715,17833
Girona,Fornells de la Selva,17,073,6,170736,17458
Girona,Fortià,17,074,1,170741,17469
Girona,Garrigàs,17,075,4,170754,17476
Girona,Garrigoles,17,076,7,170767,17466
Girona,Garriguella,17,077,3,170773,17780
Girona,Ger,17,078,9,170789,17539
Girona,Girona,17,079,2,170792,17001
Girona,Girona,17,079,2,170792,17002
Girona,Girona,17,079,2,170792,17003
Girona,Girona,17,079,2,170792,17004
Girona,Girona,17,079,2,170792,17005
Girona,Girona,17,079,2,170792,17006
Girona,Girona,17,079,2,170792,17007
Girona,Girona,17,079,2,170792,17461
Girona,Gombrèn,17,080,6,170806,17531
Girona,Gualta,17,081,3,170813,17257
Girona,Guils de Cerdanya,17,082,8,170828,17528
Girona,Hostalric,17,083,4,170834,17450
Girona,Isòvol,17,084,9,170849,17539
Girona,Jafre,17,085,2,170852,17143
Girona,"Jonquera, La",17,086,5,170865,17700
Girona,"Jonquera, La",17,086,5,170865,17709
Girona,Juià,17,087,1,170871,17462
Girona,Lladó,17,088,7,170887,17745
Girona,Llagostera,17,089,0,170890,17240
Girona,Llambilles,17,090,4,170904,17243
Girona,Llanars,17,091,1,170911,17869
Girona,Llançà,17,092,6,170926,17490
Girona,Llers,17,093,2,170932,17730
Girona,Llívia,17,094,7,170947,17527
Girona,Lloret de Mar,17,095,0,170950,17310
Girona,"Llosses, Les",17,096,3,170963,17512
Girona,"Llosses, Les",17,096,3,170963,17513
Girona,"Llosses, Les",17,096,3,170963,17532
Girona,Madremanya,17,097,9,170979,17462
Girona,Maià de Montcal,17,098,5,170985,17851
Girona,Meranges,17,099,8,170998,17539
Girona,Masarac i Vilarnadal,17,100,2,171002,17762
Girona,Masarac i Vilarnadal,17,100,2,171002,17763
Girona,Massanes,17,101,9,171019,17452
Girona,Maçanet de Cabrenys,17,102,4,171024,17720
Girona,Maçanet de Cabrenys,17,102,4,171024,17721
Girona,Maçanet de la Selva,17,103,0,171030,17412
Girona,Mieres,17,105,8,171058,17830
Girona,Mollet de Peralada,17,106,1,171061,17752
Girona,Molló,17,107,7,171077,17868
Girona,Montagut i Oix,17,109,6,171096,17855
Girona,Montagut i Oix,17,109,6,171096,17856
Girona,Mont-ras,17,110,0,171100,17253
Girona,Navata,17,111,7,171117,17744
Girona,Ogassa,17,112,2,171122,17861
Girona,Olot,17,114,3,171143,17800
Girona,Olot,17,114,3,171143,17810
Girona,Olot,17,114,3,171143,17812
Girona,Ordis,17,115,6,171156,17772
Girona,Osor,17,116,9,171169,17161
Girona,Palafrugell,17,117,5,171175,17124
Girona,Palafrugell,17,117,5,171175,17200
Girona,Palafrugell,17,117,5,171175,17210
Girona,Palafrugell,17,117,5,171175,17211
Girona,Palafrugell,17,117,5,171175,17212
Girona,Palamós,17,118,1,171181,17230
Girona,Palau de Santa Eulàlia,17,119,4,171194,17476
Girona,Palau-saverdera,17,120,8,171208,17495
Girona,Palau-sator,17,121,5,171215,17256
Girona,Palol de Revardit,17,123,6,171236,17843
Girona,Pals,17,124,1,171241,17256
Girona,Pardines,17,125,4,171254,17534
Girona,Parlavà,17,126,7,171267,17113
Girona,Parlavà,17,126,7,171267,17133
Girona,Pau,17,128,9,171289,17494
Girona,Pedret i Marzà,17,129,2,171292,17493
Girona,"Pera, La",17,130,6,171306,17120
Girona,Peralada,17,132,8,171328,17491
Girona,Peralada,17,132,8,171328,17492
Girona,"Planes d'Hostoles, Les",17,133,4,171334,17172
Girona,"Planes d'Hostoles, Les",17,133,4,171334,17173
Girona,Planoles,17,134,9,171349,17535
Girona,Pont de Molins,17,135,2,171352,17706
Girona,Pontós,17,136,5,171365,17773
Girona,Porqueres,17,137,1,171371,17834
Girona,Porqueres,17,137,1,171371,17846
Girona,Portbou,17,138,7,171387,17497
Girona,"Preses, Les",17,139,0,171390,17178
Girona,"Port de la Selva, El",17,140,4,171404,17489
Girona,Puigcerdà,17,141,1,171411,17520
Girona,Puigcerdà,17,141,1,171411,17529
Girona,Quart,17,142,6,171426,17241
Girona,Quart,17,142,6,171426,17242
Girona,Rabós,17,143,2,171432,17754
Girona,Rabós,17,143,2,171432,17755
Girona,Regencós,17,144,7,171447,17214
Girona,Ribes de Freser,17,145,0,171450,17534
Girona,Riells i Viabrea,17,146,3,171463,17404
Girona,Ripoll,17,147,9,171479,17500
Girona,Riudarenes,17,148,5,171485,17421
Girona,Riudaura,17,149,8,171498,17179
Girona,Riudellots de la Selva,17,150,1,171501,17457
Girona,Riumors,17,151,8,171518,17469
Girona,Roses,17,152,3,171523,17480
Girona,Rupià,17,153,9,171539,17131
Girona,Sales de Llierca,17,154,4,171544,17853
Girona,Salt,17,155,7,171557,17190
Girona,Sant Andreu Salou,17,157,6,171576,17454
Girona,Sant Climent Sescebes,17,158,2,171582,17751
Girona,Sant Feliu de Buixalleu,17,159,5,171595,17451
Girona,Sant Feliu de Guíxols,17,160,9,171609,17220
Girona,Sant Feliu de Guíxols,17,160,9,171609,17248
Girona,Sant Feliu de Pallerols,17,161,6,171616,17174
Girona,Sant Ferriol,17,162,1,171621,17830
Girona,Sant Ferriol,17,162,1,171621,17850
Girona,Sant Gregori,17,163,7,171637,17150
Girona,Sant Gregori,17,163,7,171637,17151
Girona,Sant Gregori,17,163,7,171637,17164
Girona,Sant Gregori,17,163,7,171637,17199
Girona,Sant Hilari Sacalm,17,164,2,171642,17403
Girona,Sant Jaume de Llierca,17,165,5,171655,17854
Girona,Sant Jordi Desvalls,17,166,8,171668,17464
Girona,Sant Joan de les Abadesses,17,167,4,171674,17860
Girona,Sant Joan de Mollet,17,168,0,171680,17463
Girona,Sant Julià de Ramis,17,169,3,171693,17481
Girona,Sant Julià de Ramis,17,169,3,171693,17482
Girona,Vallfogona de Ripollès,17,170,7,171707,17862
Girona,Sant Llorenç de la Muga,17,171,4,171714,17732
Girona,Sant Martí de Llémena,17,172,9,171729,17152
Girona,Sant Martí de Llémena,17,172,9,171729,17153
Girona,Sant Martí de Llémena,17,172,9,171729,17164
Girona,Sant Martí Vell,17,173,5,171735,17462
Girona,Sant Miquel de Campmajor,17,174,0,171740,17831
Girona,Sant Miquel de Fluvià,17,175,3,171753,17475
Girona,Sant Mori,17,176,6,171766,17467
Girona,Sant Pau de Segúries,17,177,2,171772,17864
Girona,Sant Pere Pescador,17,178,8,171788,17470
Girona,Santa Coloma de Farners,17,180,5,171805,17430
Girona,Santa Cristina d'Aro,17,181,2,171812,17245
Girona,Santa Cristina d'Aro,17,181,2,171812,17246
Girona,Santa Llogaia d'Àlguema,17,182,7,171827,17771
Girona,Sant Aniol de Finestres,17,183,3,171833,17154
Girona,Santa Pau,17,184,8,171848,17811
Girona,Sant Joan les Fonts,17,185,1,171851,17857
Girona,Sarrià de Ter,17,186,4,171864,17840
Girona,"Saus, Camallera i Llampaies",17,187,0,171870,17465
Girona,"Saus, Camallera i Llampaies",17,187,0,171870,17467
Girona,"Selva de Mar, La",17,188,6,171886,17489
Girona,"Cellera de Ter, La",17,189,9,171899,17165
Girona,"Cellera de Ter, La",17,189,9,171899,17166
Girona,Serinyà,17,190,3,171903,17852
Girona,Serra de Daró,17,191,0,171910,17133
Girona,Setcases,17,192,5,171925,17869
Girona,Sils,17,193,1,171931,17410
Girona,Susqueda,17,194,6,171946,17166
Girona,Susqueda,17,194,6,171946,17171
Girona,"Tallada d'Empordà, La",17,195,9,171959,17134
Girona,Terrades,17,196,2,171962,17731
Girona,Torrent,17,197,8,171978,17123
Girona,Torroella de Fluvià,17,198,4,171984,17474
Girona,Torroella de Montgrí,17,199,7,171997,17130
Girona,Torroella de Montgrí,17,199,7,171997,17141
Girona,Torroella de Montgrí,17,199,7,171997,17257
Girona,Torroella de Montgrí,17,199,7,171997,17258
Girona,Tortellà,17,200,1,172001,17853
Girona,Toses,17,201,8,172018,17536
Girona,Tossa de Mar,17,202,3,172023,17320
Girona,Ultramort,17,203,9,172039,17133
Girona,Ullà,17,204,4,172044,17140
Girona,Ullastret,17,205,7,172057,17114
Girona,Urús,17,206,0,172060,17538
Girona,"Vall d'en Bas, La",17,207,6,172076,17176
Girona,"Vall d'en Bas, La",17,207,6,172076,17177
Girona,"Vall d'en Bas, La",17,207,6,172076,17178
Girona,"Vall d'en Bas, La",17,207,6,172076,17179
Girona,"Vall de Bianya, La",17,208,2,172082,17813
Girona,"Vall de Bianya, La",17,208,2,172082,17858
Girona,Vall-llobrega,17,209,5,172095,17253
Girona,Ventalló,17,210,9,172109,17473
Girona,Ventalló,17,210,9,172109,17475
Girona,Verges,17,211,6,172116,17142
Girona,Vidrà,17,212,1,172121,17515
Girona,Vidreres,17,213,7,172137,17411
Girona,Vilabertran,17,214,2,172142,17760
Girona,Vilablareix,17,215,5,172155,17180
Girona,Viladasens,17,216,8,172168,17464
Girona,Viladamat,17,217,4,172174,17137
Girona,Vilademuls,17,218,0,172180,17468
Girona,Vilademuls,17,218,0,172180,17833
Girona,Viladrau,17,220,7,172207,17406
Girona,Vilafant,17,221,4,172214,17740
Girona,Vilaür,17,222,9,172229,17465
Girona,Vilaür,17,222,9,172229,17483
Girona,Vilajuïga,17,223,5,172235,17493
Girona,Vilallonga de Ter,17,224,0,172240,17869
Girona,Vilamacolum,17,225,3,172253,17474
Girona,Vilamalla,17,226,6,172266,17469
Girona,Vilamaniscle,17,227,2,172272,17781
Girona,Vilanant,17,228,8,172288,17741
Girona,Vilanant,17,228,8,172288,17743
Girona,Vila-sacra,17,230,5,172305,17485
Girona,Vilopriu,17,232,7,172327,17466
Girona,Vilobí d'Onyar,17,233,3,172333,17183
Girona,Vilobí d'Onyar,17,233,3,172333,17184
Girona,Vilobí d'Onyar,17,233,3,172333,17185
Girona,Biure,17,234,8,172348,17723
Girona,"Cruïlles, Monells i Sant Sadurní de l'Heura",17,901,1,179011,17116
Girona,"Cruïlles, Monells i Sant Sadurní de l'Heura",17,901,1,179011,17117
Girona,"Cruïlles, Monells i Sant Sadurní de l'Heura",17,901,1,179011,17118
Girona,"Cruïlles, Monells i Sant Sadurní de l'Heura",17,901,1,179011,17121
Girona,"Cruïlles, Monells i Sant Sadurní de l'Heura",17,901,1,179011,17244
Girona,Forallac,17,902,6,179026,17110
Girona,Forallac,17,902,6,179026,17111
Girona,Forallac,17,902,6,179026,17113
Girona,Sant Julià del Llor i Bonmatí,17,903,2,179032,17164
Granada,Agrón,18,001,6,180016,18132
Granada,Alamedilla,18,002,1,180021,18520
Granada,Albolote,18,003,7,180037,18220
Granada,Albolote,18,003,7,180037,18290
Granada,Albondón,18,004,2,180042,18708
Granada,Albuñán,18,005,5,180055,18518
Granada,Albuñol,18,006,8,180068,18700
Granada,Albuñol,18,006,8,180068,18760
Granada,Albuñol,18,006,8,180068,18770
Granada,Albuñuelas,18,007,4,180074,18659
Granada,Aldeire,18,010,7,180107,18514
Granada,Alfacar,18,011,4,180114,18170
Granada,Algarinejo,18,012,9,180129,18280
Granada,Algarinejo,18,012,9,180129,18295
Granada,Alhama de Granada,18,013,5,180135,18120
Granada,Alhama de Granada,18,013,5,180135,18125
Granada,Alhendín,18,014,0,180140,18260
Granada,Alhendín,18,014,0,180140,18620
Granada,Alicún de Ortega,18,015,3,180153,18538
Granada,Almegíjar,18,016,6,180166,18438
Granada,Almuñécar,18,017,2,180172,18690
Granada,Almuñécar,18,017,2,180172,18697
Granada,Alquife,18,018,8,180188,18518
Granada,Arenas del Rey,18,020,5,180205,18126
Granada,Arenas del Rey,18,020,5,180205,18129
Granada,Armilla,18,021,2,180212,18100
Granada,Atarfe,18,022,7,180227,18230
Granada,Atarfe,18,022,7,180227,18290
Granada,Atarfe,18,022,7,180227,18330
Granada,Baza,18,023,3,180233,18800
Granada,Baza,18,023,3,180233,18860
Granada,Beas de Granada,18,024,8,180248,18184
Granada,Beas de Guadix,18,025,1,180251,18516
Granada,Benalúa,18,027,0,180270,18510
Granada,Benalúa de las Villas,18,028,6,180286,18566
Granada,Benamaurel,18,029,9,180299,18817
Granada,Bérchules,18,030,3,180303,18451
Granada,Bubión,18,032,5,180325,18412
Granada,Busquístar,18,033,1,180331,18416
Granada,Cacín,18,034,6,180346,18129
Granada,Cádiar,18,035,9,180359,18440
Granada,Cádiar,18,035,9,180359,18448
Granada,Cájar,18,036,2,180362,18199
Granada,Calicasas,18,037,8,180378,18290
Granada,Campotéjar,18,038,4,180384,18565
Granada,Caniles,18,039,7,180397,18810
Granada,Cáñar,18,040,1,180401,18418
Granada,Capileira,18,042,3,180423,18413
Granada,Carataunas,18,043,9,180439,18410
Granada,Cástaras,18,044,4,180444,18439
Granada,Castilléjar,18,045,7,180457,18818
Granada,Castril,18,046,0,180460,18816
Granada,Cenes de la Vega,18,047,6,180476,18190
Granada,Cijuela,18,048,2,180482,18339
Granada,Cogollos de Guadix,18,049,5,180495,18518
Granada,Cogollos de la Vega,18,050,8,180508,18211
Granada,Colomera,18,051,5,180515,18564
Granada,Cortes de Baza,18,053,6,180536,18814
Granada,Cortes de Baza,18,053,6,180536,18815
Granada,Cortes y Graena,18,054,1,180541,18517
Granada,Cúllar,18,056,7,180567,18850
Granada,Cúllar,18,056,7,180567,18859
Granada,Cúllar,18,056,7,180567,18891
Granada,Cúllar Vega,18,057,3,180573,18195
Granada,Chauchina,18,059,2,180592,18330
Granada,Chauchina,18,059,2,180592,18339
Granada,Chimeneas,18,061,3,180613,18329
Granada,Churriana de la Vega,18,062,8,180628,18194
Granada,Darro,18,063,4,180634,18181
Granada,Dehesas de Guadix,18,064,9,180649,18538
Granada,Dehesas Viejas,18,065,2,180652,18567
Granada,Deifontes,18,066,5,180665,18570
Granada,Diezma,18,067,1,180671,18180
Granada,Dílar,18,068,7,180687,18152
Granada,Dílar,18,068,7,180687,18512
Granada,Dólar,18,069,0,180690,18512
Granada,Dúdar,18,070,4,180704,18192
Granada,Dúrcal,18,071,1,180711,18650
Granada,Escúzar,18,072,6,180726,18130
Granada,Ferreira,18,074,7,180747,18513
Granada,Fonelas,18,076,3,180763,18515
Granada,Fornes,18,077,9,180779,18127
Granada,Freila,18,078,5,180785,18812
Granada,Fuente Vaqueros,18,079,8,180798,18340
Granada,Galera,18,082,4,180824,18840
Granada,Gobernador,18,083,0,180830,18540
Granada,Gobernador,18,083,0,180830,18563
Granada,Gójar,18,084,5,180845,18150
Granada,Gor,18,085,8,180858,18870
Granada,Gorafe,18,086,1,180861,18890
Granada,Granada,18,087,7,180877,18001
Granada,Granada,18,087,7,180877,18002
Granada,Granada,18,087,7,180877,18003
Granada,Granada,18,087,7,180877,18004
Granada,Granada,18,087,7,180877,18005
Granada,Granada,18,087,7,180877,18006
Granada,Granada,18,087,7,180877,18007
Granada,Granada,18,087,7,180877,18008
Granada,Granada,18,087,7,180877,18009
Granada,Granada,18,087,7,180877,18010
Granada,Granada,18,087,7,180877,18011
Granada,Granada,18,087,7,180877,18012
Granada,Granada,18,087,7,180877,18013
Granada,Granada,18,087,7,180877,18014
Granada,Granada,18,087,7,180877,18015
Granada,Granada,18,087,7,180877,18016
Granada,Granada,18,087,7,180877,18182
Granada,Guadahortuna,18,088,3,180883,18560
Granada,Guadix,18,089,6,180896,18500
Granada,Guadix,18,089,6,180896,18515
Granada,Guadix,18,089,6,180896,18519
Granada,Guadix,18,089,6,180896,18860
Granada,Guadix,18,089,6,180896,18880
Granada,Gualchos,18,093,8,180938,18614
Granada,Gualchos,18,093,8,180938,18740
Granada,Güéjar Sierra,18,094,3,180943,18160
Granada,Güéjar Sierra,18,094,3,180943,18191
Granada,Güevéjar,18,095,6,180956,18212
Granada,Huélago,18,096,9,180969,18540
Granada,Huéneja,18,097,5,180975,18512
Granada,Huéscar,18,098,1,180981,18830
Granada,Huétor de Santillán,18,099,4,180994,18183
Granada,Huétor Tájar,18,100,8,181008,18360
Granada,Huétor Vega,18,101,5,181015,18198
Granada,Íllora,18,102,0,181020,18260
Granada,Íllora,18,102,0,181020,18293
Granada,Íllora,18,102,0,181020,18350
Granada,Íllora,18,102,0,181020,18380
Granada,Íllora,18,102,0,181020,18381
Granada,Ítrabo,18,103,6,181036,18612
Granada,Iznalloz,18,105,4,181054,18550
Granada,Iznalloz,18,105,4,181054,18567
Granada,Játar,18,106,7,181067,18127
Granada,Jayena,18,107,3,181073,18127
Granada,Jérez del Marquesado,18,108,9,181089,18518
Granada,Jete,18,109,2,181092,18699
Granada,Jun,18,111,3,181113,18213
Granada,Juviles,18,112,8,181128,18452
Granada,"Calahorra, La",18,114,9,181149,18512
Granada,Láchar,18,115,2,181152,18327
Granada,Láchar,18,115,2,181152,18328
Granada,Lanjarón,18,116,5,181165,18420
Granada,Lanteira,18,117,1,181171,18518
Granada,Lecrín,18,119,0,181190,18656
Granada,Lentegí,18,120,4,181204,18699
Granada,Lobras,18,121,1,181211,18449
Granada,Loja,18,122,6,181226,18300
Granada,Loja,18,122,6,181226,18311
Granada,Loja,18,122,6,181226,18312
Granada,Loja,18,122,6,181226,18313
Granada,Loja,18,122,6,181226,18314
Granada,Loja,18,122,6,181226,18360
Granada,Lugros,18,123,2,181232,18516
Granada,Lújar,18,124,7,181247,18614
Granada,"Malahá, La",18,126,3,181263,18130
Granada,Maracena,18,127,9,181279,18200
Granada,Marchal,18,128,5,181285,18516
Granada,Moclín,18,132,4,181324,18247
Granada,Moclín,18,132,4,181324,18248
Granada,Moclín,18,132,4,181324,18249
Granada,Moclín,18,132,4,181324,18569
Granada,Molvízar,18,133,0,181330,18611
Granada,Monachil,18,134,5,181345,18193
Granada,Monachil,18,134,5,181345,18196
Granada,Montefrío,18,135,8,181358,18270
Granada,Montejícar,18,136,1,181361,18561
Granada,Montillana,18,137,7,181377,18569
Granada,Moraleda de Zafayona,18,138,3,181383,18370
Granada,Motril,18,140,0,181400,18600
Granada,Motril,18,140,0,181400,18613
Granada,Motril,18,140,0,181400,18614
Granada,Motril,18,140,0,181400,18730
Granada,Murtas,18,141,7,181417,18490
Granada,Murtas,18,141,7,181417,18492
Granada,Nigüelas,18,143,8,181438,18657
Granada,Nívar,18,144,3,181443,18214
Granada,Ogíjares,18,145,6,181456,18151
Granada,Orce,18,146,9,181469,18858
Granada,Órgiva,18,147,5,181475,18400
Granada,Órgiva,18,147,5,181475,18410
Granada,Órgiva,18,147,5,181475,18418
Granada,Órgiva,18,147,5,181475,18710
Granada,Otívar,18,148,1,181481,18698
Granada,Villa de Otura,18,149,4,181494,18630
Granada,Padul,18,150,7,181507,18640
Granada,Pampaneira,18,151,4,181514,18411
Granada,Pedro Martínez,18,152,9,181529,18530
Granada,Peligros,18,153,5,181535,18210
Granada,"Peza, La",18,154,0,181540,18181
Granada,"Peza, La",18,154,0,181540,18517
Granada,Pinos Genil,18,157,2,181572,18191
Granada,Pinos Puente,18,158,8,181588,18240
Granada,Pinos Puente,18,158,8,181588,18291
Granada,Pinos Puente,18,158,8,181588,18328
Granada,Píñar,18,159,1,181591,18562
Granada,Píñar,18,159,1,181591,18568
Granada,Polícar,18,161,2,181612,18516
Granada,Polopos,18,162,7,181627,18710
Granada,Polopos,18,162,7,181627,18750
Granada,Pórtugos,18,163,3,181633,18415
Granada,Puebla de Don Fadrique,18,164,8,181648,18820
Granada,Pulianas,18,165,1,181651,18197
Granada,Purullena,18,167,0,181670,18515
Granada,Purullena,18,167,0,181670,18519
Granada,Quéntar,18,168,6,181686,18192
Granada,Quéntar,18,168,6,181686,18517
Granada,Rubite,18,170,3,181703,18711
Granada,Salar,18,171,0,181710,18310
Granada,Salobreña,18,173,1,181731,18610
Granada,Salobreña,18,173,1,181731,18680
Granada,Santa Cruz del Comercio,18,174,6,181746,18129
Granada,Santa Fe,18,175,9,181759,18320
Granada,Santa Fe,18,175,9,181759,18329
Granada,Santa Fe,18,175,9,181759,18330
Granada,Soportújar,18,176,2,181762,18410
Granada,Sorvilán,18,177,8,181778,18710
Granada,Sorvilán,18,177,8,181778,18713
Granada,Torre-Cardela,18,178,4,181784,18563
Granada,Torvizcón,18,179,7,181797,18430
Granada,Trevélez,18,180,1,181801,18417
Granada,Turón,18,181,8,181818,18491
Granada,Ugíjar,18,182,3,181823,18480
Granada,Ugíjar,18,182,3,181823,18492
Granada,Ugíjar,18,182,3,181823,18494
Granada,Válor,18,183,9,181839,18470
Granada,Vélez de Benaudalla,18,184,4,181844,18616
Granada,Vélez de Benaudalla,18,184,4,181844,18670
Granada,Ventas de Huelma,18,185,7,181857,18131
Granada,Villanueva de las Torres,18,187,6,181876,18539
Granada,Villanueva Mesía,18,188,2,181882,18369
Granada,Víznar,18,189,5,181895,18179
Granada,Zafarraya,18,192,1,181921,18128
Granada,"Zubia, La",18,193,7,181937,18140
Granada,Zújar,18,194,2,181942,18811
Granada,"Taha, La",18,901,7,189017,18414
Granada,"Valle, El",18,902,2,189022,18658
Granada,Nevada,18,903,8,189038,18492
Granada,Nevada,18,903,8,189038,18494
Granada,Alpujarra de la Sierra,18,904,3,189043,18450
Granada,Alpujarra de la Sierra,18,904,3,189043,18460
Granada,"Gabias, Las",18,905,6,189056,18110
Granada,"Guájares, Los",18,906,9,189069,18615
Granada,Valle del Zalabí,18,907,5,189075,18511
Granada,Villamena,18,908,1,189081,18659
Granada,Morelábor,18,909,4,189094,18540
Granada,"Pinar, El",18,910,8,189108,18658
Granada,"Pinar, El",18,910,8,189108,18660
Granada,Vegas del Genil,18,911,5,189115,18101
Granada,Vegas del Genil,18,911,5,189115,18102
Granada,Cuevas del Campo,18,912,0,189120,18813
Granada,Zagra,18,913,6,189136,18311
Granada,Valderrubio,18,914,1,189141,18250
Granada,Domingo Pérez de Granada,18,915,4,189154,18550
Granada,Domingo Pérez de Granada,18,915,4,189154,18567
Granada,Torrenueva Costa,18,916,7,189167,18720
Guadalajara,Abánades,19,001,9,190019,19432
Guadalajara,Ablanque,19,002,4,190024,19442
Guadalajara,Adobes,19,003,0,190030,19325
Guadalajara,Alaminos,19,004,5,190045,19490
Guadalajara,Alarilla,19,005,8,190058,19227
Guadalajara,Albalate de Zorita,19,006,1,190061,19117
Guadalajara,Albalate de Zorita,19,006,1,190061,19119
Guadalajara,Albares,19,007,7,190077,19112
Guadalajara,Albendiego,19,008,3,190083,19275
Guadalajara,Alcocer,19,009,6,190096,19125
Guadalajara,Alcolea de las Peñas,19,010,0,190100,19277
Guadalajara,Alcolea del Pinar,19,011,7,190117,19260
Guadalajara,Alcolea del Pinar,19,011,7,190117,19261
Guadalajara,Alcolea del Pinar,19,011,7,190117,19283
Guadalajara,Alcoroches,19,013,8,190138,19310
Guadalajara,Aldeanueva de Guadalajara,19,015,6,190156,19152
Guadalajara,Algar de Mesa,19,016,9,190169,19332
Guadalajara,Algora,19,017,5,190175,19268
Guadalajara,Alhóndiga,19,018,1,190181,19132
Guadalajara,Alique,19,019,4,190194,19129
Guadalajara,Almadrones,19,020,8,190208,19490
Guadalajara,Almoguera,19,021,5,190215,19115
Guadalajara,Almonacid de Zorita,19,022,0,190220,19118
Guadalajara,Almonacid de Zorita,19,022,0,190220,19119
Guadalajara,Alocén,19,023,6,190236,19133
Guadalajara,Alovera,19,024,1,190241,19208
Guadalajara,Alustante,19,027,3,190273,19320
Guadalajara,Angón,19,031,3,190313,19245
Guadalajara,Anguita,19,032,8,190328,19283
Guadalajara,Anguita,19,032,8,190328,19445
Guadalajara,Anquela del Ducado,19,033,4,190334,19286
Guadalajara,Anquela del Ducado,19,033,4,190334,19287
Guadalajara,Anquela del Pedregal,19,034,9,190349,19357
Guadalajara,Aranzueque,19,036,5,190365,19141
Guadalajara,Arbancón,19,037,1,190371,19237
Guadalajara,Arbeteta,19,038,7,190387,19492
Guadalajara,Argecilla,19,039,0,190390,19196
Guadalajara,Armallones,19,040,4,190404,19461
Guadalajara,Armuña de Tajuña,19,041,1,190411,19135
Guadalajara,Arroyo de las Fraguas,19,042,6,190426,19238
Guadalajara,Atanzón,19,043,2,190432,19153
Guadalajara,Atienza,19,044,7,190447,19270
Guadalajara,Atienza,19,044,7,190447,19276
Guadalajara,Atienza,19,044,7,190447,19277
Guadalajara,Auñón,19,045,0,190450,19130
Guadalajara,Azuqueca de Henares,19,046,3,190463,19200
Guadalajara,Baides,19,047,9,190479,19295
Guadalajara,Baños de Tajo,19,048,5,190485,19390
Guadalajara,Bañuelos,19,049,8,190498,19276
Guadalajara,Barriopedro,19,050,1,190501,19490
Guadalajara,Berninches,19,051,8,190518,19133
Guadalajara,"Bodera, La",19,052,3,190523,19278
Guadalajara,Brihuega,19,053,9,190539,19400
Guadalajara,Brihuega,19,053,9,190539,19411
Guadalajara,Brihuega,19,053,9,190539,19412
Guadalajara,Brihuega,19,053,9,190539,19413
Guadalajara,Brihuega,19,053,9,190539,19490
Guadalajara,Budia,19,054,4,190544,19133
Guadalajara,Budia,19,054,4,190544,19459
Guadalajara,Bujalaro,19,055,7,190557,19247
Guadalajara,Bustares,19,057,6,190576,19243
Guadalajara,Cabanillas del Campo,19,058,2,190582,19171
Guadalajara,Campillo de Dueñas,19,059,5,190595,19360
Guadalajara,Campillo de Ranas,19,060,9,190609,19223
Guadalajara,Campisábalos,19,061,6,190616,19275
Guadalajara,Canredondo,19,064,2,190642,19431
Guadalajara,Cantalojas,19,065,5,190655,19274
Guadalajara,Cantalojas,19,065,5,190655,19275
Guadalajara,Cañizar,19,066,8,190668,19197
Guadalajara,"Cardoso de la Sierra, El",19,067,4,190674,28190
Guadalajara,Casa de Uceda,19,070,7,190707,19184
Guadalajara,"Casar, El",19,071,4,190714,19170
Guadalajara,"Casar, El",19,071,4,190714,19185
Guadalajara,Casas de San Galindo,19,073,5,190735,19246
Guadalajara,Caspueñas,19,074,0,190740,19412
Guadalajara,Castejón de Henares,19,075,3,190753,19294
Guadalajara,Castellar de la Muela,19,076,6,190766,19328
Guadalajara,Castilforte,19,078,8,190788,19127
Guadalajara,Castilnuevo,19,079,1,190791,19391
Guadalajara,Cendejas de Enmedio,19,080,5,190805,19245
Guadalajara,Cendejas de la Torre,19,081,2,190812,19245
Guadalajara,Centenera,19,082,7,190827,19151
Guadalajara,Cifuentes,19,086,4,190864,19420
Guadalajara,Cifuentes,19,086,4,190864,19429
Guadalajara,Cifuentes,19,086,4,190864,19431
Guadalajara,Cifuentes,19,086,4,190864,19459
Guadalajara,Cifuentes,19,086,4,190864,19491
Guadalajara,Cincovillas,19,087,0,190870,19277
Guadalajara,Ciruelas,19,088,6,190886,19197
Guadalajara,Ciruelos del Pinar,19,089,9,190899,19285
Guadalajara,Cobeta,19,090,3,190903,19443
Guadalajara,Cogollor,19,091,0,190910,19490
Guadalajara,Cogolludo,19,092,5,190925,19229
Guadalajara,Cogolludo,19,092,5,190925,19230
Guadalajara,Cogolludo,19,092,5,190925,19237
Guadalajara,Condemios de Abajo,19,095,9,190959,19275
Guadalajara,Condemios de Arriba,19,096,2,190962,19244
Guadalajara,Condemios de Arriba,19,096,2,190962,19275
Guadalajara,Congostrina,19,097,8,190978,19243
Guadalajara,Copernal,19,098,4,190984,19292
Guadalajara,Corduente,19,099,7,190997,19341
Guadalajara,Corduente,19,099,7,190997,19343
Guadalajara,Corduente,19,099,7,190997,19344
Guadalajara,Corduente,19,099,7,190997,19390
Guadalajara,Corduente,19,099,7,190997,19392
Guadalajara,"Cubillo de Uceda, El",19,102,3,191023,19186
Guadalajara,Checa,19,103,9,191039,19310
Guadalajara,Chequilla,19,104,4,191044,19310
Guadalajara,Chiloeches,19,105,7,191057,19160
Guadalajara,Chillarón del Rey,19,106,0,191060,19128
Guadalajara,Driebes,19,107,6,191076,19116
Guadalajara,Durón,19,108,2,191082,19133
Guadalajara,Embid,19,109,5,191095,19339
Guadalajara,Escamilla,19,110,9,191109,19127
Guadalajara,Escariche,19,111,6,191116,19119
Guadalajara,Escopete,19,112,1,191121,19119
Guadalajara,Espinosa de Henares,19,113,7,191137,19247
Guadalajara,Espinosa de Henares,19,113,7,191137,19292
Guadalajara,Esplegares,19,114,2,191142,19445
Guadalajara,Establés,19,115,5,191155,19287
Guadalajara,Estriégana,19,116,8,191168,19262
Guadalajara,Fontanar,19,117,4,191174,19290
Guadalajara,Fuembellida,19,118,0,191180,19390
Guadalajara,Fuencemillán,19,119,3,191193,19237
Guadalajara,Fuentelahiguera de Albatages,19,120,7,191207,19182
Guadalajara,Fuentelencina,19,121,4,191214,19144
Guadalajara,Fuentelsaz,19,122,9,191229,19287
Guadalajara,Fuentelviejo,19,123,5,191235,19144
Guadalajara,Fuentenovilla,19,124,0,191240,19113
Guadalajara,Gajanejos,19,125,3,191253,19192
Guadalajara,Galápagos,19,126,6,191266,19174
Guadalajara,Galve de Sorbe,19,127,2,191272,19275
Guadalajara,Gascueña de Bornova,19,129,1,191291,19243
Guadalajara,Guadalajara,19,130,5,191305,19001
Guadalajara,Guadalajara,19,130,5,191305,19002
Guadalajara,Guadalajara,19,130,5,191305,19003
Guadalajara,Guadalajara,19,130,5,191305,19004
Guadalajara,Guadalajara,19,130,5,191305,19005
Guadalajara,Guadalajara,19,130,5,191305,19080
Guadalajara,Guadalajara,19,130,5,191305,19150
Guadalajara,Guadalajara,19,130,5,191305,19162
Guadalajara,Guadalajara,19,130,5,191305,19163
Guadalajara,Guadalajara,19,130,5,191305,19182
Guadalajara,Guadalajara,19,130,5,191305,19193
Guadalajara,Guadalajara,19,130,5,191305,19197
Guadalajara,Henche,19,132,7,191327,19491
Guadalajara,Heras de Ayuso,19,133,3,191333,19197
Guadalajara,Herrería,19,134,8,191348,19342
Guadalajara,Hiendelaencina,19,135,1,191351,19242
Guadalajara,Hijes,19,136,4,191364,19276
Guadalajara,Hita,19,138,6,191386,19248
Guadalajara,Hombrados,19,139,9,191399,19328
Guadalajara,Hontoba,19,142,5,191425,19119
Guadalajara,Horche,19,143,1,191431,19140
Guadalajara,Hortezuela de Océn,19,145,9,191459,19445
Guadalajara,"Huerce, La",19,146,2,191462,19238
Guadalajara,Huérmeces del Cerro,19,147,8,191478,19295
Guadalajara,Huertahernando,19,148,4,191484,19441
Guadalajara,Hueva,19,150,0,191500,19119
Guadalajara,Humanes,19,151,7,191517,19220
Guadalajara,Humanes,19,151,7,191517,19229
Guadalajara,Illana,19,152,2,191522,19119
Guadalajara,Iniéstola,19,153,8,191538,19283
Guadalajara,"Inviernas, Las",19,154,3,191543,19491
Guadalajara,Irueste,19,155,6,191556,19143
Guadalajara,Jadraque,19,156,9,191569,19240
Guadalajara,Jadraque,19,156,9,191569,19246
Guadalajara,Jirueque,19,157,5,191575,19245
Guadalajara,Ledanca,19,159,4,191594,19196
Guadalajara,Loranca de Tajuña,19,160,8,191608,19141
Guadalajara,Lupiana,19,161,5,191615,19142
Guadalajara,Luzaga,19,162,0,191620,19261
Guadalajara,Luzón,19,163,6,191636,19285
Guadalajara,Majaelrayo,19,165,4,191654,19223
Guadalajara,Málaga del Fresno,19,166,7,191667,19219
Guadalajara,Malaguilla,19,167,3,191673,19219
Guadalajara,Mandayona,19,168,9,191689,19294
Guadalajara,Mantiel,19,169,2,191692,19128
Guadalajara,Maranchón,19,170,6,191706,19280
Guadalajara,Maranchón,19,170,6,191706,19281
Guadalajara,Maranchón,19,170,6,191706,19287
Guadalajara,Marchamalo,19,171,3,191713,19180
Guadalajara,Masegoso de Tajuña,19,172,8,191728,19490
Guadalajara,Matarrubia,19,173,4,191734,19227
Guadalajara,Matillas,19,174,9,191749,19294
Guadalajara,Mazarete,19,175,2,191752,19286
Guadalajara,Mazuecos,19,176,5,191765,19114
Guadalajara,Medranda,19,177,1,191771,19246
Guadalajara,Megina,19,178,7,191787,19315
Guadalajara,Membrillera,19,179,0,191790,19247
Guadalajara,Miedes de Atienza,19,181,1,191811,19276
Guadalajara,"Mierla, La",19,182,6,191826,19225
Guadalajara,Milmarcos,19,183,2,191832,19287
Guadalajara,Millana,19,184,7,191847,19127
Guadalajara,"Miñosa, La",19,185,0,191850,19276
Guadalajara,"Miñosa, La",19,185,0,191850,19278
Guadalajara,Mirabueno,19,186,3,191863,19268
Guadalajara,Miralrío,19,187,9,191879,19246
Guadalajara,Mochales,19,188,5,191885,19332
Guadalajara,Mohernando,19,189,8,191898,19226
Guadalajara,Molina de Aragón,19,190,2,191902,19300
Guadalajara,Molina de Aragón,19,190,2,191902,19350
Guadalajara,Molina de Aragón,19,190,2,191902,19351
Guadalajara,Molina de Aragón,19,190,2,191902,19362
Guadalajara,Molina de Aragón,19,190,2,191902,19363
Guadalajara,Monasterio,19,191,9,191919,19239
Guadalajara,Mondéjar,19,192,4,191924,19110
Guadalajara,Montarrón,19,193,0,191930,19229
Guadalajara,Moratilla de los Meleros,19,194,5,191945,19144
Guadalajara,Morenilla,19,195,8,191958,19328
Guadalajara,Muduex,19,196,1,191961,19196
Guadalajara,"Navas de Jadraque, Las",19,197,7,191977,19243
Guadalajara,Negredo,19,198,3,191983,19245
Guadalajara,Ocentejo,19,199,6,191996,19432
Guadalajara,"Olivar, El",19,200,0,192000,19133
Guadalajara,Olmeda de Cobeta,19,201,7,192017,19443
Guadalajara,Olmeda de Cobeta,19,201,7,192017,19444
Guadalajara,"Olmeda de Jadraque, La",19,202,2,192022,19266
Guadalajara,"Ordial, El",19,203,8,192038,19238
Guadalajara,"Ordial, El",19,203,8,192038,19244
Guadalajara,Orea,19,204,3,192043,19311
Guadalajara,Pálmaces de Jadraque,19,208,1,192081,19245
Guadalajara,Pardos,19,209,4,192094,19336
Guadalajara,Paredes de Sigüenza,19,210,8,192108,19269
Guadalajara,Paredes de Sigüenza,19,210,8,192108,19277
Guadalajara,Pareja,19,211,5,192115,19128
Guadalajara,Pareja,19,211,5,192115,19129
Guadalajara,Pareja,19,211,5,192115,19492
Guadalajara,Pastrana,19,212,0,192120,19100
Guadalajara,"Pedregal, El",19,213,6,192136,19327
Guadalajara,Peñalén,19,214,1,192141,19462
Guadalajara,Peñalver,19,215,4,192154,19134
Guadalajara,Peralejos de las Truchas,19,216,7,192167,19313
Guadalajara,Peralveche,19,217,3,192173,19493
Guadalajara,Pinilla de Jadraque,19,218,9,192189,19246
Guadalajara,Pinilla de Molina,19,219,2,192192,19312
Guadalajara,Pioz,19,220,6,192206,19162
Guadalajara,Piqueras,19,221,3,192213,19325
Guadalajara,"Pobo de Dueñas, El",19,222,8,192228,19326
Guadalajara,Poveda de la Sierra,19,223,4,192234,19463
Guadalajara,Pozo de Almoguera,19,224,9,192249,19112
Guadalajara,Pozo de Guadalajara,19,225,2,192252,19161
Guadalajara,Pozo de Guadalajara,19,225,2,192252,19191
Guadalajara,Prádena de Atienza,19,226,5,192265,19243
Guadalajara,Prados Redondos,19,227,1,192271,19352
Guadalajara,Prados Redondos,19,227,1,192271,19353
Guadalajara,Prados Redondos,19,227,1,192271,19354
Guadalajara,Prados Redondos,19,227,1,192271,19391
Guadalajara,Puebla de Beleña,19,228,7,192287,19229
Guadalajara,Puebla de Valles,19,229,0,192290,19225
Guadalajara,Quer,19,230,4,192304,19209
Guadalajara,Rebollosa de Jadraque,19,231,1,192311,19245
Guadalajara,"Recuenco, El",19,232,6,192326,19492
Guadalajara,Renera,19,233,2,192332,19145
Guadalajara,Retiendas,19,234,7,192347,19225
Guadalajara,Riba de Saelices,19,235,0,192350,19441
Guadalajara,Rillo de Gallo,19,237,9,192379,19340
Guadalajara,Riofrío del Llano,19,238,5,192385,19269
Guadalajara,Robledillo de Mohernando,19,239,8,192398,19227
Guadalajara,Robledo de Corpes,19,240,2,192402,19243
Guadalajara,Romanillos de Atienza,19,241,9,192419,19276
Guadalajara,Romanones,19,242,4,192424,19143
Guadalajara,Rueda de la Sierra,19,243,0,192430,19339
Guadalajara,Sacecorbo,19,244,5,192445,19432
Guadalajara,Sacedón,19,245,8,192458,19120
Guadalajara,Sacedón,19,245,8,192458,19127
Guadalajara,Sacedón,19,245,8,192458,19128
Guadalajara,Saelices de la Sal,19,246,1,192461,19443
Guadalajara,Salmerón,19,247,7,192477,19126
Guadalajara,San Andrés del Congosto,19,248,3,192483,19237
Guadalajara,San Andrés del Rey,19,249,6,192496,19143
Guadalajara,Santiuste,19,250,9,192509,19245
Guadalajara,Saúca,19,251,6,192516,19262
Guadalajara,Sayatón,19,252,1,192521,19119
Guadalajara,Selas,19,254,2,192542,19346
Guadalajara,Setiles,19,255,5,192555,19324
Guadalajara,Sienes,19,256,8,192568,19269
Guadalajara,Sigüenza,19,257,4,192574,19250
Guadalajara,Sigüenza,19,257,4,192574,19262
Guadalajara,Sigüenza,19,257,4,192574,19263
Guadalajara,Sigüenza,19,257,4,192574,19264
Guadalajara,Sigüenza,19,257,4,192574,19265
Guadalajara,Sigüenza,19,257,4,192574,19266
Guadalajara,Sigüenza,19,257,4,192574,19267
Guadalajara,Sigüenza,19,257,4,192574,19268
Guadalajara,Sigüenza,19,257,4,192574,19269
Guadalajara,Solanillos del Extremo,19,258,0,192580,19491
Guadalajara,Somolinos,19,259,3,192593,19275
Guadalajara,"Sotillo, El",19,260,7,192607,19491
Guadalajara,Sotodosos,19,261,4,192614,19445
Guadalajara,Tamajón,19,262,9,192629,19222
Guadalajara,Tamajón,19,262,9,192629,19224
Guadalajara,Tamajón,19,262,9,192629,19225
Guadalajara,Taragudo,19,263,5,192635,19227
Guadalajara,Taravilla,19,264,0,192640,19314
Guadalajara,Tartanedo,19,265,3,192653,19287
Guadalajara,Tartanedo,19,265,3,192653,19332
Guadalajara,Tartanedo,19,265,3,192653,19333
Guadalajara,Tartanedo,19,265,3,192653,19334
Guadalajara,Tendilla,19,266,6,192666,19134
Guadalajara,Terzaga,19,267,2,192672,19312
Guadalajara,Tierzo,19,268,8,192688,19390
Guadalajara,"Toba, La",19,269,1,192691,19243
Guadalajara,Tordelrábano,19,270,5,192705,19277
Guadalajara,Tordellego,19,271,2,192712,19325
Guadalajara,Tordesilos,19,272,7,192727,19323
Guadalajara,Torija,19,274,8,192748,19190
Guadalajara,Torija,19,274,8,192748,19197
Guadalajara,Torrecuadrada de Molina,19,277,0,192770,19355
Guadalajara,Torrecuadradilla,19,278,6,192786,19431
Guadalajara,Torre del Burgo,19,279,9,192799,19197
Guadalajara,Torrejón del Rey,19,280,3,192803,19174
Guadalajara,Torremocha de Jadraque,19,281,0,192810,19245
Guadalajara,Torremocha del Campo,19,282,5,192825,19268
Guadalajara,Torremocha del Campo,19,282,5,192825,19432
Guadalajara,Torremocha del Campo,19,282,5,192825,19491
Guadalajara,Torremocha del Pinar,19,283,1,192831,19345
Guadalajara,Torremochuela,19,284,6,192846,19391
Guadalajara,Torrubia,19,285,9,192859,19337
Guadalajara,Tórtola de Henares,19,286,2,192862,19198
Guadalajara,Tortuera,19,287,8,192878,19338
Guadalajara,Tortuero,19,288,4,192884,19184
Guadalajara,Traíd,19,289,7,192897,19312
Guadalajara,Trijueque,19,290,1,192901,19192
Guadalajara,Trillo,19,291,8,192918,19450
Guadalajara,Trillo,19,291,8,192918,19458
Guadalajara,Trillo,19,291,8,192918,19492
Guadalajara,Uceda,19,293,9,192939,19187
Guadalajara,Uceda,19,293,9,192939,19188
Guadalajara,Ujados,19,294,4,192944,19276
Guadalajara,Utande,19,296,0,192960,19196
Guadalajara,Valdarachas,19,297,6,192976,19141
Guadalajara,Valdearenas,19,298,2,192982,19196
Guadalajara,Valdeavellano,19,299,5,192995,19142
Guadalajara,Valdeaveruelo,19,300,9,193009,19174
Guadalajara,Valdeaveruelo,19,300,9,193009,19185
Guadalajara,Valdeconcha,19,301,6,193016,19132
Guadalajara,Valdegrudas,19,302,1,193021,19412
Guadalajara,Valdelcubo,19,303,7,193037,19269
Guadalajara,Valdenuño Fernández,19,304,2,193042,19185
Guadalajara,Valdepeñas de la Sierra,19,305,5,193055,19184
Guadalajara,Valderrebollo,19,306,8,193068,19490
Guadalajara,Valdesotos,19,307,4,193074,19225
Guadalajara,Valfermoso de Tajuña,19,308,0,193080,19411
Guadalajara,Valhermoso,19,309,3,193093,19390
Guadalajara,Valtablado del Río,19,310,7,193107,19492
Guadalajara,Valverde de los Arroyos,19,311,4,193114,19224
Guadalajara,Viana de Jadraque,19,314,0,193140,19295
Guadalajara,Villanueva de Alcorón,19,317,2,193172,19460
Guadalajara,Villanueva de Argecilla,19,318,8,193188,19246
Guadalajara,Villanueva de la Torre,19,319,1,193191,19209
Guadalajara,Villanueva de la Torre,19,319,1,193191,19219
Guadalajara,Villares de Jadraque,19,321,2,193212,19243
Guadalajara,Villaseca de Henares,19,322,7,193227,19294
Guadalajara,Villaseca de Uceda,19,323,3,193233,19184
Guadalajara,Villel de Mesa,19,324,8,193248,19332
Guadalajara,Viñuelas,19,325,1,193251,19184
Guadalajara,Yebes,19,326,4,193264,19139
Guadalajara,Yebes,19,326,4,193264,19141
Guadalajara,Yebra,19,327,0,193270,19111
Guadalajara,Yélamos de Abajo,19,329,9,193299,19143
Guadalajara,Yélamos de Arriba,19,330,3,193303,19143
Guadalajara,Yunquera de Henares,19,331,0,193310,19210
Guadalajara,"Yunta, La",19,332,5,193325,19361
Guadalajara,Zaorejas,19,333,1,193331,19444
Guadalajara,Zaorejas,19,333,1,193331,19461
Guadalajara,Zaorejas,19,333,1,193331,19495
Guadalajara,Zarzuela de Jadraque,19,334,6,193346,19237
Guadalajara,Zorita de los Canes,19,335,9,193359,19119
Guadalajara,Semillas,19,901,0,199010,19237
Gipuzkoa,Abaltzisketa,20,001,3,200013,20269
Gipuzkoa,Aduna,20,002,8,200028,20150
Gipuzkoa,Aizarnazabal,20,003,4,200034,20749
Gipuzkoa,Albiztur,20,004,9,200049,20495
Gipuzkoa,Alegia,20,005,2,200052,20260
Gipuzkoa,Alkiza,20,006,5,200065,20494
Gipuzkoa,Altzo,20,007,1,200071,20268
Gipuzkoa,Amezketa,20,008,7,200087,20268
Gipuzkoa,Andoain,20,009,0,200090,20140
Gipuzkoa,Anoeta,20,010,4,200104,20270
Gipuzkoa,Antzuola,20,011,1,200111,20577
Gipuzkoa,Arama,20,012,6,200126,20248
Gipuzkoa,Aretxabaleta,20,013,2,200132,20550
Gipuzkoa,Asteasu,20,014,7,200147,20159
Gipuzkoa,Ataun,20,015,0,200150,20211
Gipuzkoa,Aia,20,016,3,200163,20809
Gipuzkoa,Aia,20,016,3,200163,20810
Gipuzkoa,Azkoitia,20,017,9,200179,20720
Gipuzkoa,Azpeitia,20,018,5,200185,20730
Gipuzkoa,Beasain,20,019,8,200198,20200
Gipuzkoa,Beizama,20,020,2,200202,20739
Gipuzkoa,Belauntza,20,021,9,200219,20491
Gipuzkoa,Berastegi,20,022,4,200224,20492
Gipuzkoa,Berastegi,20,022,4,200224,20493
Gipuzkoa,Berrobi,20,023,0,200230,20493
Gipuzkoa,Bidania-Goiatz,20,024,5,200245,20496
Gipuzkoa,Zegama,20,025,8,200258,20215
Gipuzkoa,Zerain,20,026,1,200261,20214
Gipuzkoa,Zestoa,20,027,7,200277,20740
Gipuzkoa,Zestoa,20,027,7,200277,20749
Gipuzkoa,Zizurkil,20,028,3,200283,20159
Gipuzkoa,Deba,20,029,6,200296,20820
Gipuzkoa,Deba,20,029,6,200296,20829
Gipuzkoa,Eibar,20,030,0,200300,20600
Gipuzkoa,Elduain,20,031,7,200317,20493
Gipuzkoa,Elgoibar,20,032,2,200322,20860
Gipuzkoa,Elgoibar,20,032,2,200322,20870
Gipuzkoa,Elgeta,20,033,8,200338,20690
Gipuzkoa,Eskoriatza,20,034,3,200343,20530
Gipuzkoa,Eskoriatza,20,034,3,200343,20540
Gipuzkoa,Ezkio-Itsaso,20,035,6,200356,20218
Gipuzkoa,Ezkio-Itsaso,20,035,6,200356,20709
Gipuzkoa,Hondarribia,20,036,9,200369,20280
Gipuzkoa,Gaintza,20,037,5,200375,20248
Gipuzkoa,Gabiria,20,038,1,200381,20217
Gipuzkoa,Getaria,20,039,4,200394,20808
Gipuzkoa,Hernani,20,040,8,200408,20120
Gipuzkoa,Hernani,20,040,8,200408,20128
Gipuzkoa,Hernialde,20,041,5,200415,20494
Gipuzkoa,Ibarra,20,042,0,200420,20400
Gipuzkoa,Idiazabal,20,043,6,200436,20213
Gipuzkoa,Ikaztegieta,20,044,1,200441,20267
Gipuzkoa,Irun,20,045,4,200454,20301
Gipuzkoa,Irun,20,045,4,200454,20302
Gipuzkoa,Irun,20,045,4,200454,20303
Gipuzkoa,Irun,20,045,4,200454,20304
Gipuzkoa,Irun,20,045,4,200454,20305
Gipuzkoa,Irura,20,046,7,200467,20271
Gipuzkoa,Itsasondo,20,047,3,200473,20249
Gipuzkoa,Larraul,20,048,9,200489,20159
Gipuzkoa,Lazkao,20,049,2,200492,20210
Gipuzkoa,Leaburu,20,050,5,200505,20491
Gipuzkoa,Legazpi,20,051,2,200512,20220
Gipuzkoa,Legazpi,20,051,2,200512,20230
Gipuzkoa,Legorreta,20,052,7,200527,20250
Gipuzkoa,Lezo,20,053,3,200533,20100
Gipuzkoa,Lizartza,20,054,8,200548,20490
Gipuzkoa,Arrasate/Mondragón,20,055,1,200551,20500
Gipuzkoa,Mutriku,20,056,4,200564,20830
Gipuzkoa,Mutiloa,20,057,0,200570,20214
Gipuzkoa,Olaberria,20,058,6,200586,20212
Gipuzkoa,Oñati,20,059,9,200599,20560
Gipuzkoa,Oñati,20,059,9,200599,20567
Gipuzkoa,Oñati,20,059,9,200599,20568
Gipuzkoa,Oñati,20,059,9,200599,20569
Gipuzkoa,Orexa,20,060,3,200603,20490
Gipuzkoa,Orio,20,061,0,200610,20810
Gipuzkoa,Ormaiztegi,20,062,5,200625,20216
Gipuzkoa,Oiartzun,20,063,1,200631,20180
Gipuzkoa,Pasaia,20,064,6,200646,20110
Gipuzkoa,Soraluze-Placencia de las Armas,20,065,9,200659,20590
Gipuzkoa,Errezil,20,066,2,200662,20737
Gipuzkoa,Errenteria,20,067,8,200678,20100
Gipuzkoa,Leintz-Gatzaga,20,068,4,200684,20530
Gipuzkoa,Donostia/San Sebastián,20,069,7,200697,20001
Gipuzkoa,Donostia/San Sebastián,20,069,7,200697,20002
Gipuzkoa,Donostia/San Sebastián,20,069,7,200697,20003
Gipuzkoa,Donostia/San Sebastián,20,069,7,200697,20004
Gipuzkoa,Donostia/San Sebastián,20,069,7,200697,20005
Gipuzkoa,Donostia/San Sebastián,20,069,7,200697,20006
Gipuzkoa,Donostia/San Sebastián,20,069,7,200697,20007
Gipuzkoa,Donostia/San Sebastián,20,069,7,200697,20008
Gipuzkoa,Donostia/San Sebastián,20,069,7,200697,20009
Gipuzkoa,Donostia/San Sebastián,20,069,7,200697,20010
Gipuzkoa,Donostia/San Sebastián,20,069,7,200697,20011
Gipuzkoa,Donostia/San Sebastián,20,069,7,200697,20012
Gipuzkoa,Donostia/San Sebastián,20,069,7,200697,20013
Gipuzkoa,Donostia/San Sebastián,20,069,7,200697,20014
Gipuzkoa,Donostia/San Sebastián,20,069,7,200697,20015
Gipuzkoa,Donostia/San Sebastián,20,069,7,200697,20016
Gipuzkoa,Donostia/San Sebastián,20,069,7,200697,20017
Gipuzkoa,Donostia/San Sebastián,20,069,7,200697,20018
Gipuzkoa,Donostia/San Sebastián,20,069,7,200697,20100
Gipuzkoa,Donostia/San Sebastián,20,069,7,200697,20160
Gipuzkoa,Segura,20,070,1,200701,20214
Gipuzkoa,Tolosa,20,071,8,200718,20267
Gipuzkoa,Tolosa,20,071,8,200718,20268
Gipuzkoa,Tolosa,20,071,8,200718,20400
Gipuzkoa,Urnieta,20,072,3,200723,20130
Gipuzkoa,Usurbil,20,073,9,200739,20170
Gipuzkoa,Bergara,20,074,4,200744,20570
Gipuzkoa,Bergara,20,074,4,200744,20578
Gipuzkoa,Bergara,20,074,4,200744,20580
Gipuzkoa,Villabona,20,075,7,200757,20150
Gipuzkoa,Ordizia,20,076,0,200760,20240
Gipuzkoa,Urretxu,20,077,6,200776,20700
Gipuzkoa,Zaldibia,20,078,2,200782,20247
Gipuzkoa,Zarautz,20,079,5,200795,20800
Gipuzkoa,Zumarraga,20,080,9,200809,20700
Gipuzkoa,Zumaia,20,081,6,200816,20750
Gipuzkoa,Mendaro,20,901,4,209014,20850
Gipuzkoa,Lasarte-Oria,20,902,9,209029,20160
Gipuzkoa,Astigarraga,20,903,5,209035,20115
Gipuzkoa,Baliarrain,20,904,0,209040,20259
Gipuzkoa,Orendain,20,905,3,209053,20269
Gipuzkoa,Altzaga,20,906,6,209066,20248
Gipuzkoa,Gaztelu,20,907,2,209072,20491
Huelva,Alájar,21,001,0,210010,21340
Huelva,Aljaraque,21,002,5,210025,21110
Huelva,Aljaraque,21,002,5,210025,21120
Huelva,"Almendro, El",21,003,1,210031,21593
Huelva,Almonaster la Real,21,004,6,210046,21290
Huelva,Almonaster la Real,21,004,6,210046,21330
Huelva,Almonaster la Real,21,004,6,210046,21342
Huelva,Almonaster la Real,21,004,6,210046,21350
Huelva,Almonaster la Real,21,004,6,210046,21359
Huelva,Almonaster la Real,21,004,6,210046,21649
Huelva,Almonte,21,005,9,210059,21730
Huelva,Almonte,21,005,9,210059,21750
Huelva,Almonte,21,005,9,210059,21760
Huelva,Alosno,21,006,2,210062,21520
Huelva,Alosno,21,006,2,210062,21530
Huelva,Aracena,21,007,8,210078,21200
Huelva,Aracena,21,007,8,210078,21207
Huelva,Aracena,21,007,8,210078,21208
Huelva,Aracena,21,007,8,210078,21209
Huelva,Aracena,21,007,8,210078,21630
Huelva,Aroche,21,008,4,210084,21239
Huelva,Aroche,21,008,4,210084,21240
Huelva,Arroyomolinos de León,21,009,7,210097,21280
Huelva,Ayamonte,21,010,1,210101,21400
Huelva,Ayamonte,21,010,1,210101,21409
Huelva,Ayamonte,21,010,1,210101,21420
Huelva,Beas,21,011,8,210118,21609
Huelva,Beas,21,011,8,210118,21630
Huelva,Beas,21,011,8,210118,21639
Huelva,Berrocal,21,012,3,210123,21647
Huelva,Bollullos Par del Condado,21,013,9,210139,21710
Huelva,Bonares,21,014,4,210144,21830
Huelva,Cabezas Rubias,21,015,7,210157,21580
Huelva,Cala,21,016,0,210160,21270
Huelva,Calañas,21,017,6,210176,21300
Huelva,Calañas,21,017,6,210176,21309
Huelva,"Campillo, El",21,018,2,210182,21649
Huelva,"Campillo, El",21,018,2,210182,21650
Huelva,Campofrío,21,019,5,210195,21668
Huelva,Cañaveral de León,21,020,9,210209,21388
Huelva,Cartaya,21,021,6,210216,21450
Huelva,Cartaya,21,021,6,210216,21459
Huelva,Castaño del Robledo,21,022,1,210221,21290
Huelva,Castaño del Robledo,21,022,1,210221,21292
Huelva,"Cerro de Andévalo, El",21,023,7,210237,21320
Huelva,"Cerro de Andévalo, El",21,023,7,210237,21330
Huelva,"Cerro de Andévalo, El",21,023,7,210237,21580
Huelva,Corteconcepción,21,024,2,210242,21209
Huelva,Cortegana,21,025,5,210255,21230
Huelva,Cortegana,21,025,5,210255,21239
Huelva,Cortegana,21,025,5,210255,21330
Huelva,Cortelazor,21,026,8,210268,21208
Huelva,Cumbres de Enmedio,21,027,4,210274,21387
Huelva,Cumbres de San Bartolomé,21,028,0,210280,21386
Huelva,Cumbres Mayores,21,029,3,210293,21380
Huelva,Chucena,21,030,7,210307,21891
Huelva,Encinasola,21,031,4,210314,21390
Huelva,Escacena del Campo,21,032,9,210329,21870
Huelva,Fuenteheridos,21,033,5,210335,21292
Huelva,Galaroza,21,034,0,210340,21291
Huelva,Gibraleón,21,035,3,210353,21500
Huelva,"Granada de Río-Tinto, La",21,036,6,210366,21668
Huelva,"Granado, El",21,037,2,210372,21594
Huelva,Higuera de la Sierra,21,038,8,210388,21220
Huelva,Hinojales,21,039,1,210391,21388
Huelva,Hinojos,21,040,5,210405,21740
Huelva,Huelva,21,041,2,210412,21001
Huelva,Huelva,21,041,2,210412,21002
Huelva,Huelva,21,041,2,210412,21003
Huelva,Huelva,21,041,2,210412,21004
Huelva,Huelva,21,041,2,210412,21005
Huelva,Huelva,21,041,2,210412,21006
Huelva,Huelva,21,041,2,210412,21007
Huelva,Isla Cristina,21,042,7,210427,21410
Huelva,Isla Cristina,21,042,7,210427,21420
Huelva,Isla Cristina,21,042,7,210427,21430
Huelva,Isla Cristina,21,042,7,210427,21431
Huelva,Jabugo,21,043,3,210433,21290
Huelva,Jabugo,21,043,3,210433,21360
Huelva,Lepe,21,044,8,210448,21440
Huelva,Lepe,21,044,8,210448,21449
Huelva,Linares de la Sierra,21,045,1,210451,21207
Huelva,Lucena del Puerto,21,046,4,210464,21820
Huelva,Manzanilla,21,047,0,210470,21890
Huelva,"Marines, Los",21,048,6,210486,21208
Huelva,Minas de Riotinto,21,049,9,210499,21660
Huelva,Minas de Riotinto,21,049,9,210499,21669
Huelva,Moguer,21,050,2,210502,21130
Huelva,Moguer,21,050,2,210502,21800
Huelva,"Nava, La",21,051,9,210519,21291
Huelva,Nerva,21,052,4,210524,21670
Huelva,Niebla,21,053,0,210530,21840
Huelva,"Palma del Condado, La",21,054,5,210545,21700
Huelva,Palos de la Frontera,21,055,8,210558,21130
Huelva,Palos de la Frontera,21,055,8,210558,21810
Huelva,Palos de la Frontera,21,055,8,210558,21819
Huelva,Paterna del Campo,21,056,1,210561,21880
Huelva,Paymogo,21,057,7,210577,21560
Huelva,Puebla de Guzmán,21,058,3,210583,21420
Huelva,Puebla de Guzmán,21,058,3,210583,21550
Huelva,Puebla de Guzmán,21,058,3,210583,21559
Huelva,Puerto Moral,21,059,6,210596,21209
Huelva,Punta Umbría,21,060,0,210600,21100
Huelva,Punta Umbría,21,060,0,210600,21459
Huelva,Rociana del Condado,21,061,7,210617,21720
Huelva,Rosal de la Frontera,21,062,2,210622,21250
Huelva,San Bartolomé de la Torre,21,063,8,210638,21510
Huelva,San Juan del Puerto,21,064,3,210643,21610
Huelva,San Juan del Puerto,21,064,3,210643,21639
Huelva,Sanlúcar de Guadiana,21,065,6,210656,21595
Huelva,San Silvestre de Guzmán,21,066,9,210669,21591
Huelva,Santa Ana la Real,21,067,5,210675,21359
Huelva,Santa Bárbara de Casa,21,068,1,210681,21570
Huelva,Santa Olalla del Cala,21,069,4,210694,21260
Huelva,Trigueros,21,070,8,210708,21620
Huelva,Valdelarco,21,071,5,210715,21291
Huelva,Valverde del Camino,21,072,0,210720,21600
Huelva,Villablanca,21,073,6,210736,21590
Huelva,Villalba del Alcor,21,074,1,210741,21860
Huelva,Villanueva de las Cruces,21,075,4,210754,21592
Huelva,Villanueva de los Castillejos,21,076,7,210767,21540
Huelva,Villarrasa,21,077,3,210773,21850
Huelva,Zalamea la Real,21,078,9,210789,21640
Huelva,Zalamea la Real,21,078,9,210789,21647
Huelva,Zalamea la Real,21,078,9,210789,21649
Huelva,Zufre,21,079,2,210792,21210
Huelva,"Zarza-Perrunal, La",21,902,6,219026,21310
Huelva,"Zarza-Perrunal, La",21,902,6,219026,21319
Huesca,Abiego,22,001,5,220015,22143
Huesca,Abiego,22,001,5,220015,22147
Huesca,Abizanda,22,002,0,220020,22392
Huesca,Abizanda,22,002,0,220020,22393
Huesca,Adahuesca,22,003,6,220036,22147
Huesca,Agüero,22,004,1,220041,22808
Huesca,Aisa,22,006,7,220067,22860
Huesca,Aisa,22,006,7,220067,22889
Huesca,Albalate de Cinca,22,007,3,220073,22534
Huesca,Albalatillo,22,008,9,220089,22220
Huesca,Albelda,22,009,2,220092,22558
Huesca,Albero Alto,22,011,3,220113,22112
Huesca,Albero Bajo,22,012,8,220128,22255
Huesca,Alberuela de Tubo,22,013,4,220134,22212
Huesca,Alcalá de Gurrea,22,014,9,220149,22282
Huesca,Alcalá de Gurrea,22,014,9,220149,22283
Huesca,Alcalá del Obispo,22,015,2,220152,22135
Huesca,Alcampell,22,016,5,220165,22560
Huesca,Alcolea de Cinca,22,017,1,220171,22410
Huesca,Alcubierre,22,018,7,220187,22251
Huesca,Alerre,22,019,0,220190,22194
Huesca,Alfántega,22,020,4,220204,22416
Huesca,Almudévar,22,021,1,220211,22270
Huesca,Almudévar,22,021,1,220211,22283
Huesca,Almunia de San Juan,22,022,6,220226,22417
Huesca,Almunia de San Juan,22,022,6,220226,22420
Huesca,Almuniente,22,023,2,220232,22255
Huesca,Almuniente,22,023,2,220232,22269
Huesca,Alquézar,22,024,7,220247,22145
Huesca,Altorricón,22,025,0,220250,22540
Huesca,Angüés,22,027,9,220279,22122
Huesca,Angüés,22,027,9,220279,22123
Huesca,Angüés,22,027,9,220279,22133
Huesca,Ansó,22,028,5,220285,22728
Huesca,Antillón,22,029,8,220298,22133
Huesca,Aragüés del Puerto,22,032,4,220324,22730
Huesca,Arén,22,035,8,220358,22583
Huesca,Argavieso,22,036,1,220361,22135
Huesca,Arguis,22,037,7,220377,22150
Huesca,Ayerbe,22,039,6,220396,22800
Huesca,Ayerbe,22,039,6,220396,22807
Huesca,Ayerbe,22,039,6,220396,22809
Huesca,Azanuy-Alins,22,040,0,220400,22421
Huesca,Azara,22,041,7,220417,22311
Huesca,Azlor,22,042,2,220422,22311
Huesca,Baélls,22,043,8,220438,22569
Huesca,Bailo,22,044,3,220443,22751
Huesca,Bailo,22,044,3,220443,22760
Huesca,Bailo,22,044,3,220443,22761
Huesca,Baldellou,22,045,6,220456,22571
Huesca,Ballobar,22,046,9,220469,22234
Huesca,Banastás,22,047,5,220475,22194
Huesca,Barbastro,22,048,1,220481,22300
Huesca,Barbastro,22,048,1,220481,22315
Huesca,Barbués,22,049,4,220494,22255
Huesca,Barbuñales,22,050,7,220507,22132
Huesca,Bárcabo,22,051,4,220514,22148
Huesca,Bárcabo,22,051,4,220514,22149
Huesca,Bárcabo,22,051,4,220514,22320
Huesca,Belver de Cinca,22,052,9,220529,22533
Huesca,Belver de Cinca,22,052,9,220529,22536
Huesca,Belver de Cinca,22,052,9,220529,22549
Huesca,Benabarre,22,053,5,220535,22580
Huesca,Benabarre,22,053,5,220535,22589
Huesca,Benasque,22,054,0,220540,22440
Huesca,Benasque,22,054,0,220540,22449
Huesca,Benasque,22,054,0,220540,22469
Huesca,Berbegal,22,055,3,220553,22131
Huesca,Bielsa,22,057,2,220572,22350
Huesca,Bielsa,22,057,2,220572,22351
Huesca,Bielsa,22,057,2,220572,22365
Huesca,Bierge,22,058,8,220588,22141
Huesca,Bierge,22,058,8,220588,22144
Huesca,Biescas,22,059,1,220591,22613
Huesca,Biescas,22,059,1,220591,22630
Huesca,Biescas,22,059,1,220591,22636
Huesca,Biescas,22,059,1,220591,22637
Huesca,Biescas,22,059,1,220591,22638
Huesca,Biescas,22,059,1,220591,22639
Huesca,Biescas,22,059,1,220591,22665
Huesca,Binaced,22,060,5,220605,22510
Huesca,Binaced,22,060,5,220605,22511
Huesca,Binéfar,22,061,2,220612,22500
Huesca,Bisaurri,22,062,7,220627,22466
Huesca,Bisaurri,22,062,7,220627,22470
Huesca,Biscarrués,22,063,3,220633,22807
Huesca,Blecua y Torres,22,064,8,220648,22133
Huesca,Blecua y Torres,22,064,8,220648,22134
Huesca,Boltaña,22,066,4,220664,22340
Huesca,Boltaña,22,066,4,220664,22347
Huesca,Boltaña,22,066,4,220664,22348
Huesca,Boltaña,22,066,4,220664,22349
Huesca,Bonansa,22,067,0,220670,22486
Huesca,Borau,22,068,6,220686,22860
Huesca,Broto,22,069,9,220699,22069
Huesca,Broto,22,069,9,220699,22370
Huesca,Broto,22,069,9,220699,22372
Huesca,Broto,22,069,9,220699,22373
Huesca,Broto,22,069,9,220699,22374
Huesca,Broto,22,069,9,220699,22375
Huesca,Caldearenas,22,072,5,220725,22624
Huesca,Caldearenas,22,072,5,220725,22625
Huesca,Caldearenas,22,072,5,220725,22830
Huesca,Campo,22,074,6,220746,22450
Huesca,Camporrélls,22,075,9,220759,22570
Huesca,Canal de Berdún,22,076,2,220762,22770
Huesca,Canal de Berdún,22,076,2,220762,22771
Huesca,Canal de Berdún,22,076,2,220762,22772
Huesca,Canal de Berdún,22,076,2,220762,22773
Huesca,Candasnos,22,077,8,220778,22591
Huesca,Canfranc,22,078,4,220784,22880
Huesca,Canfranc,22,078,4,220784,22888
Huesca,Capdesaso,22,079,7,220797,22212
Huesca,Capella,22,080,1,220801,22480
Huesca,Capella,22,080,1,220801,22587
Huesca,Casbas de Huesca,22,081,8,220818,22141
Huesca,Casbas de Huesca,22,081,8,220818,22142
Huesca,Castejón del Puente,22,082,3,220823,22310
Huesca,Castejón de Monegros,22,083,9,220839,22222
Huesca,Castejón de Sos,22,084,4,220844,22465
Huesca,Castejón de Sos,22,084,4,220844,22466
Huesca,Castejón de Sos,22,084,4,220844,22467
Huesca,Castelflorite,22,085,7,220857,22215
Huesca,Castiello de Jaca,22,086,0,220860,22710
Huesca,Castiello de Jaca,22,086,0,220860,22860
Huesca,Castigaleu,22,087,6,220876,22585
Huesca,Castigaleu,22,087,6,220876,22587
Huesca,Castillazuelo,22,088,2,220882,22313
Huesca,Castillonroy,22,089,5,220895,22572
Huesca,Colungo,22,090,9,220909,22148
Huesca,Chalamera,22,094,2,220942,22233
Huesca,Chía,22,095,5,220955,22465
Huesca,Chimillas,22,096,8,220968,22194
Huesca,Esplús,22,099,3,220993,22535
Huesca,Estada,22,102,9,221029,22424
Huesca,Estadilla,22,103,5,221035,22423
Huesca,Estopiñán del Castillo,22,105,3,221053,22569
Huesca,Estopiñán del Castillo,22,105,3,221053,22589
Huesca,Fago,22,106,6,221066,22729
Huesca,Fanlo,22,107,2,221072,22375
Huesca,Fiscal,22,109,1,221091,22371
Huesca,Fiscal,22,109,1,221091,22372
Huesca,Fiscal,22,109,1,221091,22373
Huesca,Fonz,22,110,5,221105,22417
Huesca,Fonz,22,110,5,221105,22422
Huesca,Foradada del Toscar,22,111,2,221112,22337
Huesca,Foradada del Toscar,22,111,2,221112,22450
Huesca,Foradada del Toscar,22,111,2,221112,22451
Huesca,Foradada del Toscar,22,111,2,221112,22452
Huesca,Foradada del Toscar,22,111,2,221112,22462
Huesca,Fraga,22,112,7,221127,22520
Huesca,Fraga,22,112,7,221127,22529
Huesca,"Fueva, La",22,113,3,221133,22336
Huesca,"Fueva, La",22,113,3,221133,22337
Huesca,"Fueva, La",22,113,3,221133,22394
Huesca,"Fueva, La",22,113,3,221133,22438
Huesca,"Fueva, La",22,113,3,221133,22452
Huesca,Gistaín,22,114,8,221148,22367
Huesca,"Grado, El",22,115,1,221151,22312
Huesca,"Grado, El",22,115,1,221151,22390
Huesca,Grañén,22,116,4,221164,22255
Huesca,Grañén,22,116,4,221164,22260
Huesca,Grañén,22,116,4,221164,22268
Huesca,Grañén,22,116,4,221164,22269
Huesca,Graus,22,117,0,221170,22430
Huesca,Graus,22,117,0,221170,22436
Huesca,Graus,22,117,0,221170,22437
Huesca,Graus,22,117,0,221170,22438
Huesca,Graus,22,117,0,221170,22480
Huesca,Graus,22,117,0,221170,22481
Huesca,Graus,22,117,0,221170,22588
Huesca,Gurrea de Gállego,22,119,9,221199,22280
Huesca,Gurrea de Gállego,22,119,9,221199,22281
Huesca,Hoz de Jaca,22,122,5,221225,22662
Huesca,Huerto,22,124,6,221246,22210
Huesca,Huesca,22,125,9,221259,22001
Huesca,Huesca,22,125,9,221259,22002
Huesca,Huesca,22,125,9,221259,22003
Huesca,Huesca,22,125,9,221259,22004
Huesca,Huesca,22,125,9,221259,22005
Huesca,Huesca,22,125,9,221259,22006
Huesca,Huesca,22,125,9,221259,22194
Huesca,Huesca,22,125,9,221259,22195
Huesca,Huesca,22,125,9,221259,22196
Huesca,Huesca,22,125,9,221259,22197
Huesca,Ibieca,22,126,2,221262,22122
Huesca,Igriés,22,127,8,221278,22193
Huesca,Ilche,22,128,4,221284,22415
Huesca,Isábena,22,129,7,221297,22482
Huesca,Isábena,22,129,7,221297,22483
Huesca,Isábena,22,129,7,221297,22485
Huesca,Jaca,22,130,1,221301,22620
Huesca,Jaca,22,130,1,221301,22700
Huesca,Jaca,22,130,1,221301,22710
Huesca,Jaca,22,130,1,221301,22711
Huesca,Jaca,22,130,1,221301,22712
Huesca,Jaca,22,130,1,221301,22713
Huesca,Jaca,22,130,1,221301,22714
Huesca,Jaca,22,130,1,221301,22715
Huesca,Jaca,22,130,1,221301,22830
Huesca,Jaca,22,130,1,221301,22889
Huesca,Jasa,22,131,8,221318,22731
Huesca,Labuerda,22,133,9,221339,22360
Huesca,Laluenga,22,135,7,221357,22125
Huesca,Lalueza,22,136,0,221360,22212
Huesca,Lalueza,22,136,0,221360,22214
Huesca,Lalueza,22,136,0,221360,22268
Huesca,Lanaja,22,137,6,221376,22213
Huesca,Lanaja,22,137,6,221376,22216
Huesca,Lanaja,22,137,6,221376,22250
Huesca,Laperdiguera,22,139,5,221395,22126
Huesca,Lascellas-Ponzano,22,141,6,221416,22124
Huesca,Lascuarre,22,142,1,221421,22586
Huesca,Laspaúles,22,143,7,221437,22471
Huesca,Laspaúles,22,143,7,221437,22472
Huesca,Laspaúles,22,143,7,221437,22473
Huesca,Laspaúles,22,143,7,221437,22474
Huesca,Laspuña,22,144,2,221442,22361
Huesca,Loarre,22,149,3,221493,22809
Huesca,Loporzano,22,150,6,221506,22140
Huesca,Loporzano,22,150,6,221506,22141
Huesca,Loporzano,22,150,6,221506,22192
Huesca,Loscorrales,22,151,3,221513,22809
Huesca,Monesma y Cajigar,22,155,2,221552,22587
Huesca,Monflorite-Lascasas,22,156,5,221565,22111
Huesca,Monflorite-Lascasas,22,156,5,221565,22196
Huesca,Montanuy,22,157,1,221571,22473
Huesca,Montanuy,22,157,1,221571,22474
Huesca,Montanuy,22,157,1,221571,22486
Huesca,Montanuy,22,157,1,221571,22487
Huesca,Monzón,22,158,7,221587,22400
Huesca,Monzón,22,158,7,221587,22414
Huesca,Monzón,22,158,7,221587,22415
Huesca,Naval,22,160,4,221604,22320
Huesca,Novales,22,162,6,221626,22113
Huesca,Nueno,22,163,2,221632,22150
Huesca,Nueno,22,163,2,221632,22193
Huesca,Olvena,22,164,7,221647,22439
Huesca,Ontiñena,22,165,0,221650,22232
Huesca,Osso de Cinca,22,167,9,221679,22531
Huesca,Osso de Cinca,22,167,9,221679,22532
Huesca,Palo,22,168,5,221685,22337
Huesca,Panticosa,22,170,2,221702,22650
Huesca,Panticosa,22,170,2,221702,22661
Huesca,Panticosa,22,170,2,221702,22662
Huesca,Peñalba,22,172,4,221724,22592
Huesca,"Peñas de Riglos, Las",22,173,0,221730,22808
Huesca,"Peñas de Riglos, Las",22,173,0,221730,22820
Huesca,"Peñas de Riglos, Las",22,173,0,221730,22821
Huesca,"Peñas de Riglos, Las",22,173,0,221730,22822
Huesca,"Peñas de Riglos, Las",22,173,0,221730,22830
Huesca,Peralta de Alcofea,22,174,5,221745,22131
Huesca,Peralta de Alcofea,22,174,5,221745,22210
Huesca,Peralta de Alcofea,22,174,5,221745,22215
Huesca,Peralta de Calasanz,22,175,8,221758,22513
Huesca,Peralta de Calasanz,22,175,8,221758,22514
Huesca,Peraltilla,22,176,1,221761,22311
Huesca,Perarrúa,22,177,7,221777,22460
Huesca,Pertusa,22,178,3,221783,22132
Huesca,Piracés,22,181,7,221817,22268
Huesca,Plan,22,182,2,221822,22366
Huesca,Plan,22,182,2,221822,22367
Huesca,Poleñino,22,184,3,221843,22216
Huesca,Pozán de Vero,22,186,9,221869,22313
Huesca,"Puebla de Castro, La",22,187,5,221875,22435
Huesca,Puente de Montañana,22,188,1,221881,22584
Huesca,Puértolas,22,189,4,221894,22362
Huesca,Puértolas,22,189,4,221894,22363
Huesca,"Pueyo de Araguás, El",22,190,8,221908,22338
Huesca,Pueyo de Santa Cruz,22,193,6,221936,22416
Huesca,Quicena,22,195,4,221954,22191
Huesca,Robres,22,197,3,221973,22252
Huesca,Sabiñánigo,22,199,2,221992,22600
Huesca,Sabiñánigo,22,199,2,221992,22609
Huesca,Sabiñánigo,22,199,2,221992,22610
Huesca,Sabiñánigo,22,199,2,221992,22612
Huesca,Sabiñánigo,22,199,2,221992,22613
Huesca,Sabiñánigo,22,199,2,221992,22620
Huesca,Sabiñánigo,22,199,2,221992,22621
Huesca,Sabiñánigo,22,199,2,221992,22622
Huesca,Sabiñánigo,22,199,2,221992,22623
Huesca,Sabiñánigo,22,199,2,221992,22636
Huesca,Sabiñánigo,22,199,2,221992,22666
Huesca,Sabiñánigo,22,199,2,221992,22714
Huesca,Sahún,22,200,6,222006,22467
Huesca,Sahún,22,200,6,222006,22468
Huesca,Sahún,22,200,6,222006,22469
Huesca,Salas Altas,22,201,3,222013,22314
Huesca,Salas Bajas,22,202,8,222028,22314
Huesca,Salillas,22,203,4,222034,22110
Huesca,Sallent de Gállego,22,204,9,222049,22640
Huesca,Sallent de Gállego,22,204,9,222049,22660
Huesca,Sallent de Gállego,22,204,9,222049,22663
Huesca,Sallent de Gállego,22,204,9,222049,22664
Huesca,San Esteban de Litera,22,205,2,222052,22512
Huesca,Sangarrén,22,206,5,222065,22100
Huesca,San Juan de Plan,22,207,1,222071,22367
Huesca,Santa Cilia,22,208,7,222087,22752
Huesca,Santa Cilia,22,208,7,222087,22791
Huesca,Santa Cruz de la Serós,22,209,0,222090,22791
Huesca,Santa Cruz de la Serós,22,209,0,222090,22792
Huesca,Santaliestra y San Quílez,22,212,6,222126,22461
Huesca,Sariñena,22,213,2,222132,22200
Huesca,Sariñena,22,213,2,222132,22213
Huesca,Sariñena,22,213,2,222132,22215
Huesca,Sariñena,22,213,2,222132,22221
Huesca,Secastilla,22,214,7,222147,22391
Huesca,Secastilla,22,214,7,222147,22439
Huesca,Seira,22,215,0,222150,22463
Huesca,Seira,22,215,0,222150,22464
Huesca,Sena,22,217,9,222179,22230
Huesca,Senés de Alcubierre,22,218,5,222185,22253
Huesca,Sesa,22,220,2,222202,22110
Huesca,Sesué,22,221,9,222219,22467
Huesca,Siétamo,22,222,4,222224,22120
Huesca,Siétamo,22,222,4,222224,22121
Huesca,Siétamo,22,222,4,222224,22122
Huesca,Sopeira,22,223,0,222230,22583
Huesca,Tamarite de Litera,22,225,8,222258,22549
Huesca,Tamarite de Litera,22,225,8,222258,22550
Huesca,Tamarite de Litera,22,225,8,222258,22559
Huesca,Tardienta,22,226,1,222261,22240
Huesca,Tella-Sin,22,227,7,222277,22364
Huesca,Tella-Sin,22,227,7,222277,22365
Huesca,Tella-Sin,22,227,7,222277,22366
Huesca,Tierz,22,228,3,222283,22192
Huesca,Tolva,22,229,6,222296,22585
Huesca,Torla-Ordesa,22,230,0,222300,22376
Huesca,Torla-Ordesa,22,230,0,222300,22377
Huesca,Torla-Ordesa,22,230,0,222300,22378
Huesca,Torralba de Aragón,22,232,2,222322,22254
Huesca,Torre la Ribera,22,233,8,222338,22451
Huesca,Torre la Ribera,22,233,8,222338,22483
Huesca,Torre la Ribera,22,233,8,222338,22484
Huesca,Torrente de Cinca,22,234,3,222343,22590
Huesca,Torres de Alcanadre,22,235,6,222356,22132
Huesca,Torres de Barbués,22,236,9,222369,22255
Huesca,Tramaced,22,239,4,222394,22268
Huesca,Valfarta,22,242,0,222420,22223
Huesca,Valle de Bardají,22,243,6,222436,22451
Huesca,Valle de Lierp,22,244,1,222441,22451
Huesca,Velilla de Cinca,22,245,4,222454,22528
Huesca,Beranuy,22,246,7,222467,22484
Huesca,Beranuy,22,246,7,222467,22485
Huesca,Viacamp y Litera,22,247,3,222473,22584
Huesca,Viacamp y Litera,22,247,3,222473,22585
Huesca,Vicién,22,248,9,222489,22190
Huesca,Villanova,22,249,2,222492,22467
Huesca,Villanúa,22,250,5,222505,22870
Huesca,Villanueva de Sigena,22,251,2,222512,22231
Huesca,Yebra de Basa,22,252,7,222527,22610
Huesca,Yebra de Basa,22,252,7,222527,22611
Huesca,Yésero,22,253,3,222533,22369
Huesca,Yésero,22,253,3,222533,22639
Huesca,Zaidín,22,254,8,222548,22530
Huesca,Valle de Hecho,22,901,6,229016,22720
Huesca,Valle de Hecho,22,901,6,229016,22732
Huesca,Valle de Hecho,22,901,6,229016,22740
Huesca,Valle de Hecho,22,901,6,229016,22790
Huesca,Puente la Reina de Jaca,22,902,1,229021,22750
Huesca,Puente la Reina de Jaca,22,902,1,229021,22751
Huesca,Puente la Reina de Jaca,22,902,1,229021,22753
Huesca,San Miguel del Cinca,22,903,7,229037,22411
Huesca,San Miguel del Cinca,22,903,7,229037,22412
Huesca,San Miguel del Cinca,22,903,7,229037,22413
Huesca,"Sotonera, La",22,904,2,229042,22160
Huesca,"Sotonera, La",22,904,2,229042,22161
Huesca,"Sotonera, La",22,904,2,229042,22162
Huesca,"Sotonera, La",22,904,2,229042,22810
Huesca,Lupiñén-Ortilla,22,905,5,229055,22811
Huesca,Santa María de Dulcis,22,906,8,229068,22146
Huesca,Santa María de Dulcis,22,906,8,229068,22313
Huesca,Aínsa-Sobrarbe,22,907,4,229074,22149
Huesca,Aínsa-Sobrarbe,22,907,4,229074,22330
Huesca,Aínsa-Sobrarbe,22,907,4,229074,22336
Huesca,Aínsa-Sobrarbe,22,907,4,229074,22339
Huesca,Aínsa-Sobrarbe,22,907,4,229074,22349
Huesca,Aínsa-Sobrarbe,22,907,4,229074,22394
Huesca,Aínsa-Sobrarbe,22,907,4,229074,22395
Huesca,Hoz y Costean,22,908,0,229080,22312
Huesca,Hoz y Costean,22,908,0,229080,22315
Huesca,Vencillón,22,909,3,229093,22549
Jaén,Albanchez de Mágina,23,001,1,230011,23538
Jaén,Alcalá la Real,23,002,6,230026,23680
Jaén,Alcalá la Real,23,002,6,230026,23684
Jaén,Alcalá la Real,23,002,6,230026,23685
Jaén,Alcalá la Real,23,002,6,230026,23686
Jaén,Alcalá la Real,23,002,6,230026,23687
Jaén,Alcalá la Real,23,002,6,230026,23688
Jaén,Alcalá la Real,23,002,6,230026,23689
Jaén,Alcalá la Real,23,002,6,230026,23691
Jaén,Alcalá la Real,23,002,6,230026,23692
Jaén,Alcaudete,23,003,2,230032,23660
Jaén,Alcaudete,23,003,2,230032,23669
Jaén,Alcaudete,23,003,2,230032,23685
Jaén,Aldeaquemada,23,004,7,230047,23215
Jaén,Andújar,23,005,0,230050,23740
Jaén,Andújar,23,005,0,230050,23747
Jaén,Andújar,23,005,0,230050,23748
Jaén,Andújar,23,005,0,230050,23749
Jaén,Arjona,23,006,3,230063,23760
Jaén,Arjonilla,23,007,9,230079,23750
Jaén,Arquillos,23,008,5,230085,23230
Jaén,Arquillos,23,008,5,230085,23239
Jaén,Baeza,23,009,8,230098,23411
Jaén,Baeza,23,009,8,230098,23440
Jaén,Baeza,23,009,8,230098,23529
Jaén,Baeza,23,009,8,230098,23539
Jaén,Bailén,23,010,2,230102,23710
Jaén,Baños de la Encina,23,011,9,230119,23214
Jaén,Baños de la Encina,23,011,9,230119,23711
Jaén,Beas de Segura,23,012,4,230124,23280
Jaén,Beas de Segura,23,012,4,230124,23289
Jaén,Begíjar,23,014,5,230145,23520
Jaén,Begíjar,23,014,5,230145,23529
Jaén,Bélmez de la Moraleda,23,015,8,230158,23568
Jaén,Benatae,23,016,1,230161,23390
Jaén,Cabra del Santo Cristo,23,017,7,230177,23550
Jaén,Cabra del Santo Cristo,23,017,7,230177,23590
Jaén,Cambil,23,018,3,230183,23120
Jaén,Cambil,23,018,3,230183,23193
Jaén,Campillo de Arenas,23,019,6,230196,23130
Jaén,Canena,23,020,0,230200,23420
Jaén,Carboneros,23,021,7,230217,23211
Jaén,"Carolina, La",23,024,3,230243,23200
Jaén,"Carolina, La",23,024,3,230243,23212
Jaén,"Carolina, La",23,024,3,230243,23214
Jaén,Castellar,23,025,6,230256,23260
Jaén,Castillo de Locubín,23,026,9,230269,23670
Jaén,Castillo de Locubín,23,026,9,230269,23693
Jaén,Cazalilla,23,027,5,230275,23628
Jaén,Cazorla,23,028,1,230281,23469
Jaén,Cazorla,23,028,1,230281,23470
Jaén,Cazorla,23,028,1,230281,23479
Jaén,Cazorla,23,028,1,230281,23485
Jaén,Chiclana de Segura,23,029,4,230294,23264
Jaén,Chiclana de Segura,23,029,4,230294,23268
Jaén,Chiclana de Segura,23,029,4,230294,23269
Jaén,Chilluévar,23,030,8,230308,23477
Jaén,Escañuela,23,031,5,230315,23657
Jaén,Espeluy,23,032,0,230320,23628
Jaén,Frailes,23,033,6,230336,23690
Jaén,Fuensanta de Martos,23,034,1,230341,23610
Jaén,Fuensanta de Martos,23,034,1,230341,23616
Jaén,Fuerte del Rey,23,035,4,230354,23180
Jaén,Génave,23,037,3,230373,23392
Jaén,"Guardia de Jaén, La",23,038,9,230389,23170
Jaén,Guarromán,23,039,2,230392,23210
Jaén,Lahiguera,23,040,6,230406,23746
Jaén,Higuera de Calatrava,23,041,3,230413,23611
Jaén,Hinojares,23,042,8,230428,23486
Jaén,Hornos,23,043,4,230434,23292
Jaén,Huelma,23,044,9,230449,23560
Jaén,Huelma,23,044,9,230449,23569
Jaén,Huesa,23,045,2,230452,23487
Jaén,Ibros,23,046,5,230465,23450
Jaén,Ibros,23,046,5,230465,23490
Jaén,"Iruela, La",23,047,1,230471,23476
Jaén,"Iruela, La",23,047,1,230471,23479
Jaén,Iznatoraf,23,048,7,230487,23338
Jaén,Jabalquinto,23,049,0,230490,23712
Jaén,Jaén,23,050,3,230503,23001
Jaén,Jaén,23,050,3,230503,23002
Jaén,Jaén,23,050,3,230503,23003
Jaén,Jaén,23,050,3,230503,23004
Jaén,Jaén,23,050,3,230503,23005
Jaén,Jaén,23,050,3,230503,23006
Jaén,Jaén,23,050,3,230503,23007
Jaén,Jaén,23,050,3,230503,23008
Jaén,Jaén,23,050,3,230503,23009
Jaén,Jaén,23,050,3,230503,23194
Jaén,Jaén,23,050,3,230503,23196
Jaén,Jaén,23,050,3,230503,23639
Jaén,Jamilena,23,051,0,230510,23658
Jaén,Jimena,23,052,5,230525,23530
Jaén,Jódar,23,053,1,230531,23500
Jaén,Larva,23,054,6,230546,23591
Jaén,Linares,23,055,9,230559,23490
Jaén,Linares,23,055,9,230559,23700
Jaén,Linares,23,055,9,230559,23713
Jaén,Lopera,23,056,2,230562,23780
Jaén,Lupión,23,057,8,230578,23519
Jaén,Lupión,23,057,8,230578,23528
Jaén,Mancha Real,23,058,4,230584,23100
Jaén,Mancha Real,23,058,4,230584,23526
Jaén,Mancha Real,23,058,4,230584,23529
Jaén,Marmolejo,23,059,7,230597,23770
Jaén,Martos,23,060,1,230601,23600
Jaén,Martos,23,060,1,230601,23614
Jaén,Martos,23,060,1,230601,23615
Jaén,Mengíbar,23,061,8,230618,23620
Jaén,Montizón,23,062,3,230623,23265
Jaén,Montizón,23,062,3,230623,23266
Jaén,Montizón,23,062,3,230623,23267
Jaén,Navas de San Juan,23,063,9,230639,23240
Jaén,Noalejo,23,064,4,230644,23140
Jaén,Orcera,23,065,7,230657,23370
Jaén,Peal de Becerro,23,066,0,230660,23460
Jaén,Peal de Becerro,23,066,0,230660,23468
Jaén,Peal de Becerro,23,066,0,230660,23485
Jaén,Pegalajar,23,067,6,230676,23110
Jaén,Pegalajar,23,067,6,230676,23190
Jaén,Porcuna,23,069,5,230695,23790
Jaén,Pozo Alcón,23,070,9,230709,23485
Jaén,Pozo Alcón,23,070,9,230709,23486
Jaén,Puente de Génave,23,071,6,230716,23350
Jaén,Puente de Génave,23,071,6,230716,23359
Jaén,"Puerta de Segura, La",23,072,1,230721,23360
Jaén,"Puerta de Segura, La",23,072,1,230721,23369
Jaén,Quesada,23,073,7,230737,23480
Jaén,Quesada,23,073,7,230737,23488
Jaén,Quesada,23,073,7,230737,23489
Jaén,Rus,23,074,2,230742,23412
Jaén,Rus,23,074,2,230742,23430
Jaén,Sabiote,23,075,5,230755,23410
Jaén,Santa Elena,23,076,8,230768,23213
Jaén,Santiago de Calatrava,23,077,4,230774,23612
Jaén,Santisteban del Puerto,23,079,3,230793,23250
Jaén,Santo Tomé,23,080,7,230807,23311
Jaén,Segura de la Sierra,23,081,4,230814,23293
Jaén,Segura de la Sierra,23,081,4,230814,23294
Jaén,Segura de la Sierra,23,081,4,230814,23295
Jaén,Segura de la Sierra,23,081,4,230814,23379
Jaén,Siles,23,082,9,230829,23380
Jaén,Sorihuela del Guadalimar,23,084,0,230840,23270
Jaén,Torreblascopedro,23,085,3,230853,23510
Jaén,Torreblascopedro,23,085,3,230853,23519
Jaén,Torredelcampo,23,086,6,230866,23640
Jaén,Torredonjimeno,23,087,2,230872,23650
Jaén,Torreperogil,23,088,8,230888,23320
Jaén,Torres,23,090,5,230905,23540
Jaén,Torres de Albánchez,23,091,2,230912,23391
Jaén,Úbeda,23,092,7,230927,23314
Jaén,Úbeda,23,092,7,230927,23400
Jaén,Úbeda,23,092,7,230927,23413
Jaén,Úbeda,23,092,7,230927,23469
Jaén,Úbeda,23,092,7,230927,23509
Jaén,Valdepeñas de Jaén,23,093,3,230933,23150
Jaén,Valdepeñas de Jaén,23,093,3,230933,23159
Jaén,Vilches,23,094,8,230948,23220
Jaén,Vilches,23,094,8,230948,23499
Jaén,Vilches,23,094,8,230948,23713
Jaén,Villacarrillo,23,095,1,230951,23300
Jaén,Villacarrillo,23,095,1,230951,23310
Jaén,Villacarrillo,23,095,1,230951,23312
Jaén,Villacarrillo,23,095,1,230951,23315
Jaén,Villanueva de la Reina,23,096,4,230964,23730
Jaén,Villanueva de la Reina,23,096,4,230964,23749
Jaén,Villanueva del Arzobispo,23,097,0,230970,23330
Jaén,Villanueva del Arzobispo,23,097,0,230970,23339
Jaén,Villardompardo,23,098,6,230986,23659
Jaén,"Villares, Los",23,099,9,230999,23160
Jaén,Villarrodrigo,23,101,0,231010,23393
Jaén,Cárcheles,23,901,2,239012,23191
Jaén,Cárcheles,23,901,2,239012,23192
Jaén,Bedmar y Garcíez,23,902,7,239027,23537
Jaén,Bedmar y Garcíez,23,902,7,239027,23539
Jaén,Villatorres,23,903,3,239033,23529
Jaén,Villatorres,23,903,3,239033,23630
Jaén,Villatorres,23,903,3,239033,23638
Jaén,Santiago-Pontones,23,904,8,239048,23290
Jaén,Santiago-Pontones,23,904,8,239048,23291
Jaén,Santiago-Pontones,23,904,8,239048,23294
Jaén,Santiago-Pontones,23,904,8,239048,23296
Jaén,Santiago-Pontones,23,904,8,239048,23297
Jaén,Santiago-Pontones,23,904,8,239048,23298
Jaén,Santiago-Pontones,23,904,8,239048,23478
Jaén,Arroyo del Ojanco,23,905,1,239051,23340
León,Acebedo,24,001,6,240016,24994
León,Acebedo,24,001,6,240016,24996
León,Algadefe,24,002,1,240021,24238
León,Alija del Infantado,24,003,7,240037,24761
León,Alija del Infantado,24,003,7,240037,24792
León,Almanza,24,004,2,240042,24170
León,Almanza,24,004,2,240042,24171
León,Almanza,24,004,2,240042,24888
León,"Antigua, La",24,005,5,240055,24796
León,Ardón,24,006,8,240068,24232
León,Ardón,24,006,8,240068,24233
León,Ardón,24,006,8,240068,24251
León,Arganza,24,007,4,240074,24410
León,Arganza,24,007,4,240074,24545
León,Arganza,24,007,4,240074,24546
León,Astorga,24,008,0,240080,24700
León,Astorga,24,008,0,240080,24718
León,Balboa,24,009,3,240093,24525
León,"Bañeza, La",24,010,7,240107,24750
León,"Bañeza, La",24,010,7,240107,24764
León,"Bañeza, La",24,010,7,240107,24766
León,Barjas,24,011,4,240114,24521
León,"Barrios de Luna, Los",24,012,9,240129,24148
León,"Barrios de Luna, Los",24,012,9,240129,24149
León,Bembibre,24,014,0,240140,24300
León,Bembibre,24,014,0,240140,24315
León,Bembibre,24,014,0,240140,24318
León,Bembibre,24,014,0,240140,24319
León,Benavides,24,015,3,240153,24280
León,Benavides,24,015,3,240153,24281
León,Benavides,24,015,3,240153,24285
León,Benavides,24,015,3,240153,24287
León,Benuza,24,016,6,240166,24388
León,Benuza,24,016,6,240166,24389
León,Bercianos del Páramo,24,017,2,240172,24249
León,Bercianos del Páramo,24,017,2,240172,24252
León,Bercianos del Real Camino,24,018,8,240188,24325
León,Berlanga del Bierzo,24,019,1,240191,24438
León,Boca de Huérgano,24,020,5,240205,24885
León,Boca de Huérgano,24,020,5,240205,24911
León,Boca de Huérgano,24,020,5,240205,24912
León,Boca de Huérgano,24,020,5,240205,24913
León,Boñar,24,021,2,240212,24257
León,Boñar,24,021,2,240212,24850
León,Boñar,24,021,2,240212,24852
León,Boñar,24,021,2,240212,24853
León,Boñar,24,021,2,240212,24854
León,Boñar,24,021,2,240212,24857
León,Boñar,24,021,2,240212,24858
León,Boñar,24,021,2,240212,24859
León,Boñar,24,021,2,240212,24860
León,Borrenes,24,022,7,240227,24443
León,Borrenes,24,022,7,240227,24444
León,Brazuelo,24,023,3,240233,24714
León,Brazuelo,24,023,3,240233,24715
León,Brazuelo,24,023,3,240233,24716
León,Brazuelo,24,023,3,240233,24718
León,"Burgo Ranero, El",24,024,8,240248,24343
León,"Burgo Ranero, El",24,024,8,240248,24344
León,Burón,24,025,1,240251,24917
León,Burón,24,025,1,240251,24994
León,Burón,24,025,1,240251,24995
León,Bustillo del Páramo,24,026,4,240264,24248
León,Bustillo del Páramo,24,026,4,240264,24356
León,Bustillo del Páramo,24,026,4,240264,24357
León,Bustillo del Páramo,24,026,4,240264,24393
León,Cabañas Raras,24,027,0,240270,24412
León,Cabreros del Río,24,028,6,240286,24224
León,Cabrillanes,24,029,9,240299,24141
León,Cabrillanes,24,029,9,240299,24142
León,Cabrillanes,24,029,9,240299,24143
León,Cacabelos,24,030,3,240303,24540
León,Cacabelos,24,030,3,240303,24547
León,Cacabelos,24,030,3,240303,24548
León,Calzada del Coto,24,031,0,240310,24342
León,Campazas,24,032,5,240325,24221
León,Campo de Villavidel,24,033,1,240331,24225
León,Camponaraya,24,034,6,240346,24410
León,Valle de Ancares,24,036,2,240362,24433
León,Cármenes,24,037,8,240378,24837
León,Cármenes,24,037,8,240378,24838
León,Carracedelo,24,038,4,240384,24390
León,Carracedelo,24,038,4,240384,24544
León,Carracedelo,24,038,4,240384,24549
León,Carracedelo,24,038,4,240384,24550
León,Carracedelo,24,038,4,240384,24565
León,Carrizo,24,039,7,240397,24270
León,Carrizo,24,039,7,240397,24283
León,Carrocera,24,040,1,240401,24123
León,Carucedo,24,041,8,240418,24440
León,Carucedo,24,041,8,240418,24441
León,Carucedo,24,041,8,240418,24442
León,Castilfalé,24,042,3,240423,24206
León,Castrillo de Cabrera,24,043,9,240439,24742
León,Castrillo de Cabrera,24,043,9,240439,24744
León,Castrillo de la Valduerna,24,044,4,240444,24721
León,Castrocalbón,24,046,0,240460,24760
León,Castrocontrigo,24,047,6,240476,24734
León,Castrocontrigo,24,047,6,240476,24735
León,Castrocontrigo,24,047,6,240476,24736
León,Castropodame,24,049,5,240495,24314
León,Castropodame,24,049,5,240495,24316
León,Castropodame,24,049,5,240495,24398
León,Castrotierra de Valmadrigal,24,050,8,240508,24323
León,Cea,24,051,5,240515,24172
León,Cea,24,051,5,240515,24174
León,Cea,24,051,5,240515,24328
León,Cebanico,24,052,0,240520,24170
León,Cebanico,24,052,0,240520,24888
León,Cebanico,24,052,0,240520,24892
León,Cebrones del Río,24,053,6,240536,24769
León,Cimanes de la Vega,24,054,1,240541,24239
León,Cimanes del Tejar,24,055,4,240554,24272
León,Cimanes del Tejar,24,055,4,240554,24273
León,Cimanes del Tejar,24,055,4,240554,24393
León,Cistierna,24,056,7,240567,24800
León,Cistierna,24,056,7,240567,24813
León,Cistierna,24,056,7,240567,24815
León,Cistierna,24,056,7,240567,24816
León,Cistierna,24,056,7,240567,24950
León,Congosto,24,057,3,240573,24398
León,Corbillos de los Oteros,24,058,9,240589,24225
León,Corullón,24,059,2,240592,24514
León,Corullón,24,059,2,240592,24515
León,Corullón,24,059,2,240592,24516
León,Corullón,24,059,2,240592,24517
León,Crémenes,24,060,6,240606,24960
León,Crémenes,24,060,6,240606,24970
León,Crémenes,24,060,6,240606,24980
León,Crémenes,24,060,6,240606,24989
León,Crémenes,24,060,6,240606,24990
León,Crémenes,24,060,6,240606,24991
León,Cuadros,24,061,3,240613,24122
León,Cuadros,24,061,3,240613,24610
León,Cuadros,24,061,3,240613,24620
León,Cuadros,24,061,3,240613,24630
León,Cubillas de los Oteros,24,062,8,240628,24224
León,Cubillas de Rueda,24,063,4,240634,24161
León,Cubillas de Rueda,24,063,4,240634,24940
León,Cubillos del Sil,24,064,9,240649,24492
León,Chozas de Abajo,24,065,2,240652,24231
León,Chozas de Abajo,24,065,2,240652,24250
León,Chozas de Abajo,24,065,2,240652,24251
León,Chozas de Abajo,24,065,2,240652,24391
León,Chozas de Abajo,24,065,2,240652,24392
León,Destriana,24,066,5,240665,24730
León,Encinedo,24,067,1,240671,24743
León,Encinedo,24,067,1,240671,24744
León,Encinedo,24,067,1,240671,24745
León,Encinedo,24,067,1,240671,24746
León,"Ercina, La",24,068,7,240687,24870
León,"Ercina, La",24,068,7,240687,24877
León,"Ercina, La",24,068,7,240687,24878
León,"Ercina, La",24,068,7,240687,24879
León,Escobar de Campos,24,069,0,240690,24341
León,Fabero,24,070,4,240704,24420
León,Fabero,24,070,4,240704,24428
León,Fabero,24,070,4,240704,24429
León,Fabero,24,070,4,240704,24434
León,Folgoso de la Ribera,24,071,1,240711,24310
León,Folgoso de la Ribera,24,071,1,240711,24311
León,Folgoso de la Ribera,24,071,1,240711,24312
León,Folgoso de la Ribera,24,071,1,240711,24315
León,Fresno de la Vega,24,073,2,240732,24223
León,Fuentes de Carbajal,24,074,7,240747,24206
León,Garrafe de Torío,24,076,3,240763,24820
León,Garrafe de Torío,24,076,3,240763,24890
León,Garrafe de Torío,24,076,3,240763,24891
León,Gordaliza del Pino,24,077,9,240779,24325
León,Gordoncillo,24,078,5,240785,24294
León,Gradefes,24,079,8,240798,24160
León,Gradefes,24,079,8,240798,24161
León,Gradefes,24,079,8,240798,24164
León,Gradefes,24,079,8,240798,24165
León,Gradefes,24,079,8,240798,24166
León,Gradefes,24,079,8,240798,24878
León,Grajal de Campos,24,080,2,240802,24340
León,Gusendos de los Oteros,24,081,9,240819,24209
León,Hospital de Órbigo,24,082,4,240824,24286
León,Igüeña,24,083,0,240830,24312
León,Igüeña,24,083,0,240830,24313
León,Igüeña,24,083,0,240830,24319
León,Igüeña,24,083,0,240830,24374
León,Igüeña,24,083,0,240830,24375
León,Igüeña,24,083,0,240830,24376
León,Igüeña,24,083,0,240830,24377
León,Izagre,24,084,5,240845,24293
León,Joarilla de las Matas,24,086,1,240861,24324
León,Laguna Dalga,24,087,7,240877,24248
León,Laguna Dalga,24,087,7,240877,24249
León,Laguna de Negrillos,24,088,3,240883,24234
León,León,24,089,6,240896,24001
León,León,24,089,6,240896,24002
León,León,24,089,6,240896,24003
León,León,24,089,6,240896,24004
León,León,24,089,6,240896,24005
León,León,24,089,6,240896,24006
León,León,24,089,6,240896,24007
León,León,24,089,6,240896,24008
León,León,24,089,6,240896,24009
León,León,24,089,6,240896,24010
León,León,24,089,6,240896,24192
León,Lucillo,24,090,0,240900,24717
León,Lucillo,24,090,0,240900,24723
León,Lucillo,24,090,0,240900,24724
León,Luyego,24,091,7,240917,24717
León,Luyego,24,091,7,240917,24721
León,Llamas de la Ribera,24,092,2,240922,24271
León,Magaz de Cepeda,24,093,8,240938,24396
León,Magaz de Cepeda,24,093,8,240938,24397
León,Mansilla de las Mulas,24,094,3,240943,24210
León,Mansilla de las Mulas,24,094,3,240943,24218
León,Mansilla Mayor,24,095,6,240956,24217
León,Maraña,24,096,9,240969,24996
León,Matadeón de los Oteros,24,097,5,240975,24291
León,Matallana de Torío,24,098,1,240981,24648
León,Matallana de Torío,24,098,1,240981,24820
León,Matallana de Torío,24,098,1,240981,24830
León,Matallana de Torío,24,098,1,240981,24836
León,Matallana de Torío,24,098,1,240981,24839
León,Matanza,24,099,4,240994,24207
León,Molinaseca,24,100,8,241008,24413
León,Murias de Paredes,24,101,5,241015,24130
León,Murias de Paredes,24,101,5,241015,24133
León,Murias de Paredes,24,101,5,241015,24134
León,Murias de Paredes,24,101,5,241015,24135
León,Murias de Paredes,24,101,5,241015,24136
León,Murias de Paredes,24,101,5,241015,24137
León,Noceda del Bierzo,24,102,0,241020,24319
León,Noceda del Bierzo,24,102,0,241020,24458
León,Oencia,24,103,6,241036,24566
León,Oencia,24,103,6,241036,24567
León,Oencia,24,103,6,241036,24568
León,Oencia,24,103,6,241036,24569
León,"Omañas, Las",24,104,1,241041,24273
León,Onzonilla,24,105,4,241054,24192
León,Onzonilla,24,105,4,241054,24231
León,Onzonilla,24,105,4,241054,24251
León,Onzonilla,24,105,4,241054,24347
León,Oseja de Sajambre,24,106,7,241067,24916
León,Pajares de los Oteros,24,107,3,241073,24208
León,Pajares de los Oteros,24,107,3,241073,24209
León,Pajares de los Oteros,24,107,3,241073,24223
León,Pajares de los Oteros,24,107,3,241073,24224
León,Palacios de la Valduerna,24,108,9,241089,24764
León,Palacios de la Valduerna,24,108,9,241089,24766
León,Palacios del Sil,24,109,2,241092,24480
León,Palacios del Sil,24,109,2,241092,24489
León,Palacios del Sil,24,109,2,241092,24495
León,Palacios del Sil,24,109,2,241092,24496
León,Palacios del Sil,24,109,2,241092,24497
León,Palacios del Sil,24,109,2,241092,24498
León,Páramo del Sil,24,110,6,241106,24469
León,Páramo del Sil,24,110,6,241106,24470
León,Páramo del Sil,24,110,6,241106,24478
León,Páramo del Sil,24,110,6,241106,24479
León,Páramo del Sil,24,110,6,241106,24488
León,Páramo del Sil,24,110,6,241106,24494
León,Peranzanes,24,112,8,241128,24429
León,Pobladura de Pelayo García,24,113,4,241134,24249
León,"Pola de Gordón, La",24,114,9,241149,24600
León,"Pola de Gordón, La",24,114,9,241149,24607
León,"Pola de Gordón, La",24,114,9,241149,24608
León,"Pola de Gordón, La",24,114,9,241149,24609
León,"Pola de Gordón, La",24,114,9,241149,24650
León,"Pola de Gordón, La",24,114,9,241149,24660
León,"Pola de Gordón, La",24,114,9,241149,24670
León,Ponferrada,24,115,2,241152,24390
León,Ponferrada,24,115,2,241152,24400
León,Ponferrada,24,115,2,241152,24401
León,Ponferrada,24,115,2,241152,24402
León,Ponferrada,24,115,2,241152,24403
León,Ponferrada,24,115,2,241152,24404
León,Ponferrada,24,115,2,241152,24411
León,Ponferrada,24,115,2,241152,24414
León,Ponferrada,24,115,2,241152,24415
León,Ponferrada,24,115,2,241152,24416
León,Ponferrada,24,115,2,241152,24448
León,Ponferrada,24,115,2,241152,24490
León,Ponferrada,24,115,2,241152,24491
León,Posada de Valdeón,24,116,5,241165,24914
León,Posada de Valdeón,24,116,5,241165,24915
León,Pozuelo del Páramo,24,117,1,241171,24792
León,Pozuelo del Páramo,24,117,1,241171,24796
León,Prado de la Guzpeña,24,118,7,241187,24893
León,Priaranza del Bierzo,24,119,0,241190,24445
León,Priaranza del Bierzo,24,119,0,241190,24446
León,Priaranza del Bierzo,24,119,0,241190,24447
León,Priaranza del Bierzo,24,119,0,241190,24448
León,Prioro,24,120,4,241204,24885
León,Puebla de Lillo,24,121,1,241211,24855
León,Puebla de Lillo,24,121,1,241211,24857
León,Puente de Domingo Flórez,24,122,6,241226,24380
León,Puente de Domingo Flórez,24,122,6,241226,24384
León,Puente de Domingo Flórez,24,122,6,241226,24385
León,Puente de Domingo Flórez,24,122,6,241226,24386
León,Puente de Domingo Flórez,24,122,6,241226,24387
León,Puente de Domingo Flórez,24,122,6,241226,24389
León,Quintana del Castillo,24,123,2,241232,24285
León,Quintana del Castillo,24,123,2,241232,24397
León,Quintana del Marco,24,124,7,241247,24762
León,Quintana del Marco,24,124,7,241247,24792
León,Quintana y Congosto,24,125,0,241250,24733
León,Quintana y Congosto,24,125,0,241250,24767
León,Regueras de Arriba,24,127,9,241279,24763
León,Reyero,24,129,8,241298,24856
León,Riaño,24,130,2,241302,24900
León,Riaño,24,130,2,241302,24918
León,Riego de la Vega,24,131,9,241319,24765
León,Riego de la Vega,24,131,9,241319,24794
León,Riego de la Vega,24,131,9,241319,24795
León,Riello,24,132,4,241324,24126
León,Riello,24,132,4,241324,24127
León,Riello,24,132,4,241324,24131
León,Riello,24,132,4,241324,24132
León,Riello,24,132,4,241324,24133
León,Riello,24,132,4,241324,24134
León,Rioseco de Tapia,24,133,0,241330,24274
León,Rioseco de Tapia,24,133,0,241330,24275
León,"Robla, La",24,134,5,241345,24640
León,"Robla, La",24,134,5,241345,24648
León,"Robla, La",24,134,5,241345,24649
León,Roperuelos del Páramo,24,136,1,241361,24790
León,Roperuelos del Páramo,24,136,1,241361,24791
León,Sabero,24,137,7,241377,24810
León,Sabero,24,137,7,241377,24811
León,Sabero,24,137,7,241377,24812
León,Sabero,24,137,7,241377,24814
León,Sabero,24,137,7,241377,24960
León,Sahagún,24,139,6,241396,24320
León,Sahagún,24,139,6,241396,24326
León,Sahagún,24,139,6,241396,24328
León,Sahagún,24,139,6,241396,24329
León,San Adrián del Valle,24,141,7,241417,24797
León,San Andrés del Rabanedo,24,142,2,241422,24009
León,San Andrés del Rabanedo,24,142,2,241422,24010
León,San Andrés del Rabanedo,24,142,2,241422,24191
León,San Andrés del Rabanedo,24,142,2,241422,24282
León,Sancedo,24,143,8,241438,24439
León,Sancedo,24,143,8,241438,24545
León,San Cristóbal de la Polantera,24,144,3,241443,24359
León,San Cristóbal de la Polantera,24,144,3,241443,24795
León,San Emiliano,24,145,6,241456,24143
León,San Emiliano,24,145,6,241456,24144
León,San Emiliano,24,145,6,241456,24145
León,San Esteban de Nogales,24,146,9,241469,24760
León,San Justo de la Vega,24,148,1,241481,24395
León,San Justo de la Vega,24,148,1,241481,24710
León,San Millán de los Caballeros,24,149,4,241494,24237
León,San Pedro Bercianos,24,150,7,241507,24252
León,Santa Colomba de Curueño,24,151,4,241514,24150
León,Santa Colomba de Curueño,24,151,4,241514,24151
León,Santa Colomba de Curueño,24,151,4,241514,24848
León,Santa Colomba de Somoza,24,152,9,241529,24720
León,Santa Colomba de Somoza,24,152,9,241529,24722
León,Santa Cristina de Valmadrigal,24,153,5,241535,24290
León,Santa Elena de Jamuz,24,154,0,241540,24762
León,Santa Elena de Jamuz,24,154,0,241540,24767
León,Santa María de la Isla,24,155,3,241553,24795
León,Santa María del Monte de Cea,24,156,6,241566,24343
León,Santa María del Monte de Cea,24,156,6,241566,24344
León,Santa María del Páramo,24,157,2,241572,24240
León,Santa María de Ordás,24,158,8,241588,24124
León,Santa María de Ordás,24,158,8,241588,24275
León,Santa María de Ordás,24,158,8,241588,24276
León,Santa María de Ordás,24,158,8,241588,24277
León,Santa Marina del Rey,24,159,1,241591,24393
León,Santas Martas,24,160,5,241605,24330
León,Santas Martas,24,160,5,241605,24339
León,Santas Martas,24,160,5,241605,24345
León,Santiago Millas,24,161,2,241612,24009
León,Santiago Millas,24,161,2,241612,24717
León,Santiago Millas,24,161,2,241612,24731
León,Santiago Millas,24,161,2,241612,24732
León,Santovenia de la Valdoncina,24,162,7,241627,24009
León,Santovenia de la Valdoncina,24,162,7,241627,24391
León,Sariegos,24,163,3,241633,24121
León,Sariegos,24,163,3,241633,24196
León,Sena de Luna,24,164,8,241648,24145
León,Sena de Luna,24,164,8,241648,24146
León,Sobrado,24,165,1,241651,24567
León,Sobrado,24,165,1,241651,24569
León,Soto de la Vega,24,166,4,241664,24763
León,Soto de la Vega,24,166,4,241664,24764
León,Soto de la Vega,24,166,4,241664,24768
León,Soto y Amío,24,167,0,241670,24120
León,Soto y Amío,24,167,0,241670,24124
León,Soto y Amío,24,167,0,241670,24125
León,Soto y Amío,24,167,0,241670,24126
León,Toral de los Guzmanes,24,168,6,241686,24237
León,Toreno,24,169,9,241699,24438
León,Toreno,24,169,9,241699,24450
León,Toreno,24,169,9,241699,24457
León,Toreno,24,169,9,241699,24458
León,Toreno,24,169,9,241699,24459
León,Toreno,24,169,9,241699,24460
León,Toreno,24,169,9,241699,24469
León,Toreno,24,169,9,241699,24493
León,Torre del Bierzo,24,170,3,241703,24310
León,Torre del Bierzo,24,170,3,241703,24317
León,Torre del Bierzo,24,170,3,241703,24370
León,Torre del Bierzo,24,170,3,241703,24374
León,Torre del Bierzo,24,170,3,241703,24378
León,Torre del Bierzo,24,170,3,241703,24379
León,Trabadelo,24,171,0,241710,24522
León,Trabadelo,24,171,0,241710,24523
León,Truchas,24,172,5,241725,24738
León,Truchas,24,172,5,241725,24740
León,Truchas,24,172,5,241725,24741
León,Turcia,24,173,1,241731,24284
León,Turcia,24,173,1,241731,24285
León,Urdiales del Páramo,24,174,6,241746,24248
León,Urdiales del Páramo,24,174,6,241746,24252
León,Valdefresno,24,175,9,241759,24156
León,Valdefresno,24,175,9,241759,24195
León,Valdefresno,24,175,9,241759,24227
León,Valdefresno,24,175,9,241759,24228
León,Valdefresno,24,175,9,241759,24516
León,Valdefuentes del Páramo,24,176,2,241762,24253
León,Valdelugueros,24,177,8,241778,24837
León,Valdelugueros,24,177,8,241778,24843
León,Valdelugueros,24,177,8,241778,24844
León,Valdelugueros,24,177,8,241778,24845
León,Valdemora,24,178,4,241784,24206
León,Valdepiélago,24,179,7,241797,24846
León,Valdepiélago,24,179,7,241797,24847
León,Valdepiélago,24,179,7,241797,24849
León,Valdepolo,24,180,1,241801,24218
León,Valdepolo,24,180,1,241801,24920
León,Valdepolo,24,180,1,241801,24930
León,Valderas,24,181,8,241818,24220
León,Valderrey,24,182,3,241823,24394
León,Valderrey,24,182,3,241823,24395
León,Valderrey,24,182,3,241823,24732
León,Valderrey,24,182,3,241823,24793
León,Valderrueda,24,183,9,241839,24880
León,Valderrueda,24,183,9,241839,24882
León,Valderrueda,24,183,9,241839,24883
León,Valderrueda,24,183,9,241839,24884
León,Valderrueda,24,183,9,241839,24886
León,Valderrueda,24,183,9,241839,24887
León,Valderrueda,24,183,9,241839,24888
León,Valderrueda,24,183,9,241839,24889
León,Valdesamario,24,184,4,241844,24127
León,Val de San Lorenzo,24,185,7,241857,24717
León,Valdevimbre,24,187,6,241876,24230
León,Valdevimbre,24,187,6,241876,24250
León,Valencia de Don Juan,24,188,2,241882,24200
León,Valencia de Don Juan,24,188,2,241882,24205
León,Valverde de la Virgen,24,189,5,241895,24198
León,Valverde de la Virgen,24,189,5,241895,24282
León,Valverde de la Virgen,24,189,5,241895,24391
León,Valverde-Enrique,24,190,9,241909,24292
León,Valverde-Enrique,24,190,9,241909,24323
León,Vallecillo,24,191,6,241916,24324
León,"Vecilla, La",24,193,7,241937,24840
León,"Vecilla, La",24,193,7,241937,24848
León,"Vecilla, La",24,193,7,241937,24849
León,Vegacervera,24,194,2,241942,24836
León,Vegacervera,24,194,2,241942,24837
León,Vega de Espinareda,24,196,8,241968,24430
León,Vega de Espinareda,24,196,8,241968,24434
León,Vega de Espinareda,24,196,8,241968,24435
León,Vega de Espinareda,24,196,8,241968,24436
León,Vega de Espinareda,24,196,8,241968,24437
León,Vega de Espinareda,24,196,8,241968,24439
León,Vega de Infanzones,24,197,4,241974,24346
León,Vega de Infanzones,24,197,4,241974,24347
León,Vega de Valcarce,24,198,0,241980,24520
León,Vega de Valcarce,24,198,0,241980,24521
León,Vega de Valcarce,24,198,0,241980,24524
León,Vega de Valcarce,24,198,0,241980,24526
León,Vegaquemada,24,199,3,241993,24152
León,Vegaquemada,24,199,3,241993,24852
León,Vegaquemada,24,199,3,241993,24860
León,Vegaquemada,24,199,3,241993,24869
León,Vegas del Condado,24,201,4,242014,24150
León,Vegas del Condado,24,201,4,242014,24153
León,Vegas del Condado,24,201,4,242014,24154
León,Vegas del Condado,24,201,4,242014,24155
León,Vegas del Condado,24,201,4,242014,24163
León,Villablino,24,202,9,242029,24100
León,Villablino,24,202,9,242029,24110
León,Villablino,24,202,9,242029,24111
León,Villablino,24,202,9,242029,24112
León,Villablino,24,202,9,242029,24113
León,Villablino,24,202,9,242029,24114
León,Villablino,24,202,9,242029,24138
León,Villablino,24,202,9,242029,24139
León,Villablino,24,202,9,242029,24140
León,Villabraz,24,203,5,242035,24206
León,Villabraz,24,203,5,242035,24207
León,Villadangos del Páramo,24,205,3,242053,24392
León,Toral de los Vados,24,206,6,242066,24441
León,Toral de los Vados,24,206,6,242066,24516
León,Toral de los Vados,24,206,6,242066,24530
León,Toral de los Vados,24,206,6,242066,24550
León,Toral de los Vados,24,206,6,242066,24560
León,Toral de los Vados,24,206,6,242066,24569
León,Villademor de la Vega,24,207,2,242072,24237
León,Villafranca del Bierzo,24,209,1,242091,24500
León,Villafranca del Bierzo,24,209,1,242091,24510
León,Villafranca del Bierzo,24,209,1,242091,24511
León,Villafranca del Bierzo,24,209,1,242091,24512
León,Villafranca del Bierzo,24,209,1,242091,24513
León,Villafranca del Bierzo,24,209,1,242091,24516
León,Villafranca del Bierzo,24,209,1,242091,24530
León,Villafranca del Bierzo,24,209,1,242091,24547
León,Villagatón,24,210,5,242105,24360
León,Villagatón,24,210,5,242105,24367
León,Villagatón,24,210,5,242105,24368
León,Villagatón,24,210,5,242105,24369
León,Villagatón,24,210,5,242105,24379
León,Villamandos,24,211,2,242112,24238
León,Villamañán,24,212,7,242127,24233
León,Villamañán,24,212,7,242127,24234
León,Villamartín de Don Sancho,24,213,3,242133,24344
León,Villamejil,24,214,8,242148,24711
León,Villamejil,24,214,8,242148,24712
León,Villamejil,24,214,8,242148,24713
León,Villamol,24,215,1,242151,24172
León,Villamol,24,215,1,242151,24175
León,Villamontán de la Valduerna,24,216,4,242164,24730
León,Villamontán de la Valduerna,24,216,4,242164,24765
León,Villamontán de la Valduerna,24,216,4,242164,24766
León,Villamoratiel de las Matas,24,217,0,242170,24339
León,Villanueva de las Manzanas,24,218,6,242186,24217
León,Villanueva de las Manzanas,24,218,6,242186,24225
León,Villaobispo de Otero,24,219,9,242199,24711
León,Villaobispo de Otero,24,219,9,242199,24719
León,Villaquejida,24,221,0,242210,24235
León,Villaquejida,24,221,0,242210,24236
León,Villaquilambre,24,222,5,242225,24193
León,Villaquilambre,24,222,5,242225,24195
León,Villaquilambre,24,222,5,242225,24197
León,Villarejo de Órbigo,24,223,1,242231,24288
León,Villarejo de Órbigo,24,223,1,242231,24350
León,Villarejo de Órbigo,24,223,1,242231,24358
León,Villares de Órbigo,24,224,6,242246,24287
León,Villares de Órbigo,24,224,6,242246,24288
León,Villasabariego,24,225,9,242259,24162
León,Villasabariego,24,225,9,242259,24163
León,Villasabariego,24,225,9,242259,24219
León,Villasabariego,24,225,9,242259,24226
León,Villaselán,24,226,2,242262,24171
León,Villaselán,24,226,2,242262,24344
León,Villaturiel,24,227,8,242278,24199
León,Villaturiel,24,227,8,242278,24226
León,Villazala,24,228,4,242284,24356
León,Villazala,24,228,4,242284,24763
León,Villazanzo de Valderaduey,24,229,7,242297,24172
León,Villazanzo de Valderaduey,24,229,7,242297,24327
León,Villazanzo de Valderaduey,24,229,7,242297,24328
León,Zotes del Páramo,24,230,1,242301,24249
León,Villamanín,24,901,7,249017,24680
León,Villamanín,24,901,7,249017,24687
León,Villamanín,24,901,7,249017,24688
León,Villamanín,24,901,7,249017,24689
León,Villamanín,24,901,7,249017,24690
León,Villamanín,24,901,7,249017,24699
León,Villaornate y Castro,24,902,2,249022,24222
Lleida,Abella de la Conca,25,001,9,250019,25651
Lleida,Abella de la Conca,25,001,9,250019,25652
Lleida,Àger,25,002,4,250024,25611
Lleida,Àger,25,002,4,250024,25691
Lleida,Àger,25,002,4,250024,25692
Lleida,Agramunt,25,003,0,250030,25310
Lleida,Agramunt,25,003,0,250030,25317
Lleida,Agramunt,25,003,0,250030,25318
Lleida,Agramunt,25,003,0,250030,25331
Lleida,"Alamús, Els",25,004,5,250045,25221
Lleida,Alàs i Cerc,25,005,8,250058,25715
Lleida,Alàs i Cerc,25,005,8,250058,25717
Lleida,Alàs i Cerc,25,005,8,250058,25718
Lleida,"Albagés, L'",25,006,1,250061,25155
Lleida,Albatàrrec,25,007,7,250077,25171
Lleida,Albesa,25,008,3,250083,25135
Lleida,"Albi, L'",25,009,6,250096,25450
Lleida,Alcanó,25,010,0,250100,25162
Lleida,Alcarràs,25,011,7,250117,25180
Lleida,Alcarràs,25,011,7,250117,25193
Lleida,Alcoletge,25,012,2,250122,25660
Lleida,Alfarràs,25,013,8,250138,25120
Lleida,Alfés,25,014,3,250143,25161
Lleida,Algerri,25,015,6,250156,25130
Lleida,Alguaire,25,016,9,250169,25125
Lleida,Alins,25,017,5,250175,25573
Lleida,Alins,25,017,5,250175,25574
Lleida,Alins,25,017,5,250175,25575
Lleida,Almacelles,25,019,4,250194,25100
Lleida,Almatret,25,020,8,250208,25187
Lleida,Almenar,25,021,5,250215,25126
Lleida,Alòs de Balaguer,25,022,0,250220,25737
Lleida,Alpicat,25,023,6,250236,25110
Lleida,Alt Àneu,25,024,1,250241,25586
Lleida,Alt Àneu,25,024,1,250241,25587
Lleida,Alt Àneu,25,024,1,250241,25589
Lleida,Naut Aran,25,025,4,250254,25539
Lleida,Naut Aran,25,025,4,250254,25598
Lleida,Naut Aran,25,025,4,250254,25599
Lleida,Anglesola,25,027,3,250273,25320
Lleida,Arbeca,25,029,2,250292,25140
Lleida,"Pont de Bar, El",25,030,6,250306,25722
Lleida,"Pont de Bar, El",25,030,6,250306,25723
Lleida,"Pont de Bar, El",25,030,6,250306,25799
Lleida,Arres,25,031,3,250313,25551
Lleida,Arsèguel,25,032,8,250328,25722
Lleida,Artesa de Lleida,25,033,4,250334,25150
Lleida,Artesa de Segre,25,034,9,250349,25730
Lleida,Artesa de Segre,25,034,9,250349,25736
Lleida,Artesa de Segre,25,034,9,250349,25737
Lleida,Artesa de Segre,25,034,9,250349,25738
Lleida,Artesa de Segre,25,034,9,250349,25739
Lleida,"Sentiu de Sió, La",25,035,2,250352,25617
Lleida,Aspa,25,036,5,250365,25151
Lleida,"Avellanes i Santa Linya, Les",25,037,1,250371,25611
Lleida,"Avellanes i Santa Linya, Les",25,037,1,250371,25612
Lleida,Aitona,25,038,7,250387,25182
Lleida,Baix Pallars,25,039,0,250390,25590
Lleida,Baix Pallars,25,039,0,250390,25591
Lleida,Baix Pallars,25,039,0,250390,25592
Lleida,Balaguer,25,040,4,250404,25600
Lleida,Barbens,25,041,1,250411,25262
Lleida,"Baronia de Rialb, La",25,042,6,250426,25747
Lleida,"Vall de Boí, La",25,043,2,250432,25526
Lleida,"Vall de Boí, La",25,043,2,250432,25527
Lleida,"Vall de Boí, La",25,043,2,250432,25528
Lleida,Bassella,25,044,7,250447,25289
Lleida,Bassella,25,044,7,250447,25790
Lleida,Bassella,25,044,7,250447,25792
Lleida,Bausen,25,045,0,250450,25549
Lleida,Belianes,25,046,3,250463,25266
Lleida,Bellcaire d'Urgell,25,047,9,250479,25337
Lleida,Bell-lloc d'Urgell,25,048,5,250485,25220
Lleida,Bellmunt d'Urgell,25,049,8,250498,25336
Lleida,Bellpuig,25,050,1,250501,25250
Lleida,Bellpuig,25,050,1,250501,25262
Lleida,Bellver de Cerdanya,25,051,8,250518,25720
Lleida,Bellver de Cerdanya,25,051,8,250518,25721
Lleida,Bellver de Cerdanya,25,051,8,250518,25724
Lleida,Bellvís,25,052,3,250523,25142
Lleida,Bellvís,25,052,3,250523,25144
Lleida,Benavent de Segrià,25,053,9,250539,25132
Lleida,Biosca,25,055,7,250557,25752
Lleida,Bovera,25,056,0,250560,25178
Lleida,"Bòrdes, Es",25,057,6,250576,25551
Lleida,"Borges Blanques, Les",25,058,2,250582,25400
Lleida,Bossòst,25,059,5,250595,25550
Lleida,Cabanabona,25,060,9,250609,25748
Lleida,Cabó,25,061,6,250616,25794
Lleida,Camarasa,25,062,1,250621,25613
Lleida,Camarasa,25,062,1,250621,25615
Lleida,Camarasa,25,062,1,250621,25692
Lleida,Canejan,25,063,7,250637,25548
Lleida,Castellar de la Ribera,25,064,2,250642,25289
Lleida,Castelldans,25,067,4,250674,25154
Lleida,Castellnou de Seana,25,068,0,250680,25265
Lleida,Castelló de Farfanya,25,069,3,250693,25136
Lleida,Castellserà,25,070,7,250707,25334
Lleida,Cava,25,071,4,250714,25722
Lleida,Cava,25,071,4,250714,25723
Lleida,Cervera,25,072,9,250729,25200
Lleida,Cervera,25,072,9,250729,25213
Lleida,Cervera,25,072,9,250729,25214
Lleida,Cervera,25,072,9,250729,25218
Lleida,Cervià de les Garrigues,25,073,5,250735,25460
Lleida,Ciutadilla,25,074,0,250740,25341
Lleida,Clariana de Cardener,25,075,3,250753,25290
Lleida,"Cogul, El",25,076,6,250766,25152
Lleida,Coll de Nargó,25,077,2,250772,25793
Lleida,Coll de Nargó,25,077,2,250772,25794
Lleida,Corbins,25,078,8,250788,25137
Lleida,Cubells,25,079,1,250791,25737
Lleida,"Espluga Calba, L'",25,081,2,250812,25410
Lleida,Espot,25,082,7,250827,25597
Lleida,Estaràs,25,085,1,250851,25214
Lleida,Estaràs,25,085,1,250851,25215
Lleida,Estaràs,25,085,1,250851,25216
Lleida,Estaràs,25,085,1,250851,25271
Lleida,Esterri d'Àneu,25,086,4,250864,25580
Lleida,Esterri de Cardós,25,087,0,250870,25571
Lleida,Estamariu,25,088,6,250886,25719
Lleida,Farrera,25,089,9,250899,25595
Lleida,"Floresta, La",25,092,5,250925,25413
Lleida,Fondarella,25,093,1,250931,25244
Lleida,Foradada,25,094,6,250946,25737
Lleida,"Fuliola, La",25,096,2,250962,25332
Lleida,Fulleda,25,097,8,250978,25411
Lleida,Gavet de la Conca,25,098,4,250984,25638
Lleida,Gavet de la Conca,25,098,4,250984,25639
Lleida,Golmés,25,099,7,250997,25241
Lleida,Gósol,25,100,1,251001,25716
Lleida,"Granadella, La",25,101,8,251018,25177
Lleida,"Granja d'Escarp, La",25,102,3,251023,25185
Lleida,Granyanella,25,103,9,251039,25218
Lleida,Granyena de Segarra,25,104,4,251044,25217
Lleida,Granyena de les Garrigues,25,105,7,251057,25160
Lleida,Guimerà,25,109,5,251095,25341
Lleida,Guissona,25,110,9,251109,25210
Lleida,Guixers,25,111,6,251116,25285
Lleida,Ivars de Noguera,25,112,1,251121,25122
Lleida,Ivars d'Urgell,25,113,7,251137,25260
Lleida,Ivars d'Urgell,25,113,7,251137,25261
Lleida,Ivorra,25,114,2,251142,25216
Lleida,Isona i Conca Dellà,25,115,5,251155,25650
Lleida,Isona i Conca Dellà,25,115,5,251155,25651
Lleida,Isona i Conca Dellà,25,115,5,251155,25653
Lleida,Isona i Conca Dellà,25,115,5,251155,25655
Lleida,Isona i Conca Dellà,25,115,5,251155,25656
Lleida,Isona i Conca Dellà,25,115,5,251155,25657
Lleida,Isona i Conca Dellà,25,115,5,251155,25658
Lleida,Juncosa,25,118,0,251180,25165
Lleida,Juneda,25,119,3,251193,25430
Lleida,Lleida,25,120,7,251207,25001
Lleida,Lleida,25,120,7,251207,25002
Lleida,Lleida,25,120,7,251207,25003
Lleida,Lleida,25,120,7,251207,25004
Lleida,Lleida,25,120,7,251207,25005
Lleida,Lleida,25,120,7,251207,25006
Lleida,Lleida,25,120,7,251207,25007
Lleida,Lleida,25,120,7,251207,25008
Lleida,Lleida,25,120,7,251207,25111
Lleida,Lleida,25,120,7,251207,25113
Lleida,Lleida,25,120,7,251207,25191
Lleida,Lleida,25,120,7,251207,25192
Lleida,Lleida,25,120,7,251207,25193
Lleida,Lleida,25,120,7,251207,25194
Lleida,Lleida,25,120,7,251207,25195
Lleida,Lleida,25,120,7,251207,25196
Lleida,Lleida,25,120,7,251207,25197
Lleida,Lleida,25,120,7,251207,25198
Lleida,Lleida,25,120,7,251207,25199
Lleida,Les,25,121,4,251214,25540
Lleida,Linyola,25,122,9,251229,25240
Lleida,Lladorre,25,123,5,251235,25571
Lleida,Lladorre,25,123,5,251235,25576
Lleida,Lladorre,25,123,5,251235,25577
Lleida,Lladurs,25,124,0,251240,25283
Lleida,Lladurs,25,124,0,251240,25288
Lleida,Llardecans,25,125,3,251253,25186
Lleida,Llavorsí,25,126,6,251266,25594
Lleida,Llavorsí,25,126,6,251266,25595
Lleida,Lles de Cerdanya,25,127,2,251272,25726
Lleida,Llimiana,25,128,8,251288,25638
Lleida,Llimiana,25,128,8,251288,25639
Lleida,Llobera,25,129,1,251291,25281
Lleida,Maldà,25,130,5,251305,25266
Lleida,Massalcoreig,25,131,2,251312,25184
Lleida,Massoteres,25,132,7,251327,25211
Lleida,Maials,25,133,3,251333,25179
Lleida,Menàrguens,25,134,8,251348,25139
Lleida,Miralcamp,25,135,1,251351,25242
Lleida,"Molsosa, La",25,136,4,251364,08281
Lleida,Mollerussa,25,137,0,251370,25230
Lleida,Montgai,25,138,6,251386,25315
Lleida,Montgai,25,138,6,251386,25616
Lleida,Montellà i Martinet,25,139,9,251399,25724
Lleida,Montellà i Martinet,25,139,9,251399,25725
Lleida,Montferrer i Castellbò,25,140,3,251403,25711
Lleida,Montferrer i Castellbò,25,140,3,251403,25712
Lleida,Montferrer i Castellbò,25,140,3,251403,25714
Lleida,Montoliu de Segarra,25,141,0,251410,25217
Lleida,Montoliu de Lleida,25,142,5,251425,25172
Lleida,Montornès de Segarra,25,143,1,251431,25340
Lleida,Nalec,25,145,9,251459,25341
Lleida,Navès,25,146,2,251462,25286
Lleida,Odèn,25,148,4,251484,25283
Lleida,Oliana,25,149,7,251497,25790
Lleida,Oliola,25,150,0,251500,25318
Lleida,Oliola,25,150,0,251500,25748
Lleida,Oliola,25,150,0,251500,25749
Lleida,Olius,25,151,7,251517,25280
Lleida,Olius,25,151,7,251517,25286
Lleida,Olius,25,151,7,251517,25287
Lleida,"Oluges, Les",25,152,2,251522,25214
Lleida,"Omellons, Els",25,153,8,251538,25412
Lleida,"Omells de na Gaia, Els",25,154,3,251543,25268
Lleida,Organyà,25,155,6,251556,25794
Lleida,Os de Balaguer,25,156,9,251569,25610
Lleida,Os de Balaguer,25,156,9,251569,25611
Lleida,Os de Balaguer,25,156,9,251569,25612
Lleida,Os de Balaguer,25,156,9,251569,25614
Lleida,Ossó de Sió,25,157,5,251575,25318
Lleida,"Palau d'Anglesola, El",25,158,1,251581,25243
Lleida,Conca de Dalt,25,161,5,251615,25516
Lleida,Conca de Dalt,25,161,5,251615,25517
Lleida,Conca de Dalt,25,161,5,251615,25518
Lleida,Conca de Dalt,25,161,5,251615,25693
Lleida,"Coma i la Pedra, La",25,163,6,251636,25284
Lleida,Penelles,25,164,1,251641,25335
Lleida,Peramola,25,165,4,251654,25790
Lleida,Pinell de Solsonès,25,166,7,251667,25286
Lleida,Pinós,25,167,3,251673,25287
Lleida,"Poal, El",25,168,9,251689,25143
Lleida,"Pobla de Cérvoles, La",25,169,2,251692,25471
Lleida,Bellaguarda,25,170,6,251706,25177
Lleida,"Pobla de Segur, La",25,171,3,251713,25500
Lleida,"Pobla de Segur, La",25,171,3,251713,25513
Lleida,"Pobla de Segur, La",25,171,3,251713,25516
Lleida,Ponts,25,172,8,251728,25740
Lleida,Ponts,25,172,8,251728,25746
Lleida,Ponts,25,172,8,251728,25749
Lleida,"Pont de Suert, El",25,173,4,251734,25514
Lleida,"Pont de Suert, El",25,173,4,251734,25520
Lleida,"Pont de Suert, El",25,173,4,251734,25526
Lleida,"Pont de Suert, El",25,173,4,251734,25529
Lleida,"Pont de Suert, El",25,173,4,251734,25552
Lleida,"Pont de Suert, El",25,173,4,251734,25554
Lleida,"Pont de Suert, El",25,173,4,251734,25555
Lleida,"Pont de Suert, El",25,173,4,251734,25556
Lleida,"Portella, La",25,174,9,251749,25134
Lleida,Prats i Sansor,25,175,2,251752,25721
Lleida,Preixana,25,176,5,251765,25263
Lleida,Preixens,25,177,1,251771,25316
Lleida,Prullans,25,179,0,251790,25727
Lleida,Puiggròs,25,180,4,251804,25420
Lleida,Puigverd d'Agramunt,25,181,1,251811,25318
Lleida,Puigverd de Lleida,25,182,6,251826,25153
Lleida,Rialp,25,183,2,251832,25594
Lleida,Ribera d'Urgellet,25,185,0,251850,25713
Lleida,Ribera d'Urgellet,25,185,0,251850,25714
Lleida,Ribera d'Urgellet,25,185,0,251850,25795
Lleida,Ribera d'Urgellet,25,185,0,251850,25796
Lleida,Ribera d'Urgellet,25,185,0,251850,25797
Lleida,Riner,25,186,3,251863,25287
Lleida,Riner,25,186,3,251863,25290
Lleida,Rosselló,25,189,8,251898,25124
Lleida,Salàs de Pallars,25,190,2,251902,25693
Lleida,Sanaüja,25,191,9,251919,25753
Lleida,Sant Guim de Freixenet,25,192,4,251924,25270
Lleida,Sant Guim de Freixenet,25,192,4,251924,25271
Lleida,Sant Llorenç de Morunys,25,193,0,251930,25282
Lleida,Sant Ramon,25,194,5,251945,25215
Lleida,Sant Ramon,25,194,5,251945,25216
Lleida,Sant Esteve de la Sarga,25,196,1,251961,25632
Lleida,Sant Guim de la Plana,25,197,7,251977,25211
Lleida,Sarroca de Lleida,25,200,0,252000,25175
Lleida,Sarroca de Bellera,25,201,7,252017,25555
Lleida,Senterada,25,202,2,252022,25514
Lleida,Senterada,25,202,2,252022,25555
Lleida,"Seu d'Urgell, La",25,203,8,252038,25700
Lleida,"Seu d'Urgell, La",25,203,8,252038,25710
Lleida,Seròs,25,204,3,252043,25183
Lleida,Sidamon,25,205,6,252056,25222
Lleida,"Soleràs, El",25,206,9,252069,25163
Lleida,Solsona,25,207,5,252075,25280
Lleida,Soriguera,25,208,1,252081,25566
Lleida,Soriguera,25,208,1,252081,25569
Lleida,Soriguera,25,208,1,252081,25593
Lleida,Sort,25,209,4,252094,25560
Lleida,Sort,25,209,4,252094,25567
Lleida,Sort,25,209,4,252094,25568
Lleida,Soses,25,210,8,252108,25181
Lleida,Sudanell,25,211,5,252115,25173
Lleida,Sunyer,25,212,0,252120,25174
Lleida,Talarn,25,215,4,252154,25630
Lleida,Talarn,25,215,4,252154,25640
Lleida,Talavera,25,216,7,252167,25213
Lleida,Tàrrega,25,217,3,252173,25300
Lleida,Tàrrega,25,217,3,252173,25350
Lleida,Tàrrega,25,217,3,252173,25351
Lleida,Tàrrega,25,217,3,252173,25352
Lleida,Tàrrega,25,217,3,252173,25353
Lleida,Tàrrega,25,217,3,252173,25354
Lleida,Tàrrega,25,217,3,252173,25360
Lleida,Tarrés,25,218,9,252189,25480
Lleida,Tarroja de Segarra,25,219,2,252192,25211
Lleida,Térmens,25,220,6,252206,25670
Lleida,Tírvia,25,221,3,252213,25595
Lleida,Tiurana,25,222,8,252228,25791
Lleida,Torà,25,223,4,252234,25750
Lleida,Torà,25,223,4,252234,25751
Lleida,"Torms, Els",25,224,9,252249,25164
Lleida,Tornabous,25,225,2,252252,25331
Lleida,Torrebesses,25,226,5,252265,25176
Lleida,"Torre de Cabdella, La",25,227,1,252271,25510
Lleida,"Torre de Cabdella, La",25,227,1,252271,25511
Lleida,"Torre de Cabdella, La",25,227,1,252271,25512
Lleida,"Torre de Cabdella, La",25,227,1,252271,25513
Lleida,"Torre de Cabdella, La",25,227,1,252271,25515
Lleida,Torrefarrera,25,228,7,252287,25110
Lleida,Torrefarrera,25,228,7,252287,25123
Lleida,Torregrossa,25,230,4,252304,25141
Lleida,Torrelameu,25,231,1,252311,25138
Lleida,Torres de Segre,25,232,6,252326,25170
Lleida,Torre-serona,25,233,2,252332,25131
Lleida,Tremp,25,234,7,252347,15654
Lleida,Tremp,25,234,7,252347,22583
Lleida,Tremp,25,234,7,252347,22584
Lleida,Tremp,25,234,7,252347,25620
Lleida,Tremp,25,234,7,252347,25633
Lleida,Tremp,25,234,7,252347,25634
Lleida,Tremp,25,234,7,252347,25635
Lleida,Tremp,25,234,7,252347,25636
Lleida,Tremp,25,234,7,252347,25637
Lleida,Tremp,25,234,7,252347,25640
Lleida,Tremp,25,234,7,252347,25654
Lleida,Vallbona de les Monges,25,238,5,252385,25268
Lleida,Vallbona de les Monges,25,238,5,252385,25269
Lleida,"Valls de Valira, Les",25,239,8,252398,25788
Lleida,"Valls de Valira, Les",25,239,8,252398,25795
Lleida,"Valls de Valira, Les",25,239,8,252398,25798
Lleida,"Valls de Valira, Les",25,239,8,252398,25799
Lleida,Vallfogona de Balaguer,25,240,2,252402,25617
Lleida,Vallfogona de Balaguer,25,240,2,252402,25680
Lleida,Verdú,25,242,4,252424,25340
Lleida,Vielha e Mijaran,25,243,0,252430,25530
Lleida,Vielha e Mijaran,25,243,0,252430,25537
Lleida,Vielha e Mijaran,25,243,0,252430,25538
Lleida,Vielha e Mijaran,25,243,0,252430,25539
Lleida,Vilagrassa,25,244,5,252445,25330
Lleida,Vilaller,25,245,8,252458,25552
Lleida,Vilaller,25,245,8,252458,25553
Lleida,Vilamòs,25,247,7,252477,25551
Lleida,Vilanova de Bellpuig,25,248,3,252483,25264
Lleida,Vilanova de l'Aguda,25,249,6,252496,25748
Lleida,Vilanova de l'Aguda,25,249,6,252496,25749
Lleida,Vilanova de Meià,25,250,9,252509,25735
Lleida,Vilanova de Meià,25,250,9,252509,25736
Lleida,Vilanova de Meià,25,250,9,252509,25738
Lleida,Vilanova de Segrià,25,251,6,252516,25133
Lleida,Vila-sana,25,252,1,252521,25245
Lleida,"Vilosell, El",25,253,7,252537,25457
Lleida,Vilanova de la Barca,25,254,2,252542,25690
Lleida,Vinaixa,25,255,5,252555,25440
Lleida,Vall de Cardós,25,901,0,259010,25570
Lleida,Vall de Cardós,25,901,0,259010,25571
Lleida,Vall de Cardós,25,901,0,259010,25572
Lleida,Vall de Cardós,25,901,0,259010,25576
Lleida,Sant Martí de Riucorb,25,902,5,259025,25267
Lleida,Sant Martí de Riucorb,25,902,5,259025,25343
Lleida,Sant Martí de Riucorb,25,902,5,259025,25344
Lleida,"Guingueta d'Àneu, La",25,903,1,259031,25588
Lleida,"Guingueta d'Àneu, La",25,903,1,259031,25595
Lleida,"Guingueta d'Àneu, La",25,903,1,259031,25596
Lleida,"Guingueta d'Àneu, La",25,903,1,259031,25597
Lleida,Castell de Mur,25,904,6,259046,25631
Lleida,Castell de Mur,25,904,6,259046,25632
Lleida,Castell de Mur,25,904,6,259046,25633
Lleida,Ribera d'Ondara,25,905,9,259059,25213
Lleida,Ribera d'Ondara,25,905,9,259059,25217
Lleida,Ribera d'Ondara,25,905,9,259059,25271
Lleida,"Valls d'Aguilar, Les",25,906,2,259062,25714
Lleida,"Valls d'Aguilar, Les",25,906,2,259062,25795
Lleida,Torrefeta i Florejacs,25,907,8,259078,25211
Lleida,Torrefeta i Florejacs,25,907,8,259078,25212
Lleida,Torrefeta i Florejacs,25,907,8,259078,25753
Lleida,Fígols i Alinyà,25,908,4,259084,25794
Lleida,"Vansa i Fórnols, La",25,909,7,259097,25717
Lleida,Josa i Tuixén,25,910,1,259101,25717
Lleida,"Plans de Sió, Els",25,911,8,259118,25212
Lleida,"Plans de Sió, Els",25,911,8,259118,25218
Lleida,Gimenells i el Pla de la Font,25,912,3,259123,25112
Lleida,Gimenells i el Pla de la Font,25,912,3,259123,25114
Lleida,Riu de Cerdanya,25,913,9,259139,25721
"Rioja, La",Ábalos,26,001,2,260012,26339
"Rioja, La",Agoncillo,26,002,7,260027,26160
"Rioja, La",Aguilar del Río Alhama,26,003,3,260033,26530
"Rioja, La",Aguilar del Río Alhama,26,003,3,260033,26531
"Rioja, La",Ajamil de Cameros,26,004,8,260048,26133
"Rioja, La",Albelda de Iregua,26,005,1,260051,26120
"Rioja, La",Alberite,26,006,4,260064,26141
"Rioja, La",Alcanadre,26,007,0,260070,26509
"Rioja, La",Aldeanueva de Ebro,26,008,6,260086,26559
"Rioja, La",Alesanco,26,009,9,260099,26324
"Rioja, La",Alesón,26,010,3,260103,26315
"Rioja, La",Alfaro,26,011,0,260110,26540
"Rioja, La",Almarza de Cameros,26,012,5,260125,26100
"Rioja, La",Almarza de Cameros,26,012,5,260125,26111
"Rioja, La",Anguciana,26,013,1,260131,26210
"Rioja, La",Anguiano,26,014,6,260146,26322
"Rioja, La",Arenzana de Abajo,26,015,9,260159,26311
"Rioja, La",Arenzana de Arriba,26,016,2,260162,26312
"Rioja, La",Arnedillo,26,017,8,260178,26585
"Rioja, La",Arnedillo,26,017,8,260178,26589
"Rioja, La",Arnedo,26,018,4,260184,26580
"Rioja, La",Arrúbal,26,019,7,260197,26151
"Rioja, La",Ausejo,26,020,1,260201,26513
"Rioja, La",Autol,26,021,8,260218,26560
"Rioja, La",Azofra,26,022,3,260223,26323
"Rioja, La",Badarán,26,023,9,260239,26310
"Rioja, La",Bañares,26,024,4,260244,26257
"Rioja, La",Baños de Rioja,26,025,7,260257,26241
"Rioja, La",Baños de Río Tobía,26,026,0,260260,26320
"Rioja, La",Berceo,26,027,6,260276,26327
"Rioja, La",Bergasa,26,028,2,260282,26588
"Rioja, La",Bergasillas Bajera,26,029,5,260295,26588
"Rioja, La",Bezares,26,030,9,260309,26312
"Rioja, La",Bezares,26,030,9,260309,26315
"Rioja, La",Bobadilla,26,031,6,260316,26321
"Rioja, La",Brieva de Cameros,26,032,1,260321,26322
"Rioja, La",Briñas,26,033,7,260337,26290
"Rioja, La",Briones,26,034,2,260342,26330
"Rioja, La",Cabezón de Cameros,26,035,5,260355,26135
"Rioja, La",Calahorra,26,036,8,260368,26500
"Rioja, La",Camprovín,26,037,4,260374,26311
"Rioja, La",Canales de la Sierra,26,038,0,260380,26329
"Rioja, La",Canillas de Río Tuerto,26,039,3,260393,26325
"Rioja, La",Cañas,26,040,7,260407,26325
"Rioja, La",Cárdenas,26,041,4,260414,26311
"Rioja, La",Casalarreina,26,042,9,260429,26230
"Rioja, La",Castañares de Rioja,26,043,5,260435,26240
"Rioja, La",Castroviejo,26,044,0,260440,26315
"Rioja, La",Cellorigo,26,045,3,260453,26212
"Rioja, La",Cenicero,26,046,6,260466,26350
"Rioja, La",Cervera del Río Alhama,26,047,2,260472,26520
"Rioja, La",Cervera del Río Alhama,26,047,2,260472,26527
"Rioja, La",Cervera del Río Alhama,26,047,2,260472,26528
"Rioja, La",Cervera del Río Alhama,26,047,2,260472,26529
"Rioja, La",Cidamón,26,048,8,260488,26291
"Rioja, La",Cihuri,26,049,1,260491,26210
"Rioja, La",Cirueña,26,050,4,260504,26258
"Rioja, La",Clavijo,26,051,1,260511,26130
"Rioja, La",Cordovín,26,052,6,260526,26311
"Rioja, La",Corera,26,053,2,260532,26144
"Rioja, La",Cornago,26,054,7,260547,26526
"Rioja, La",Cornago,26,054,7,260547,26527
"Rioja, La",Corporales,26,055,0,260550,26259
"Rioja, La",Cuzcurrita de Río Tirón,26,056,3,260563,26214
"Rioja, La",Daroca de Rioja,26,057,9,260579,26373
"Rioja, La",Enciso,26,058,5,260585,26586
"Rioja, La",Entrena,26,059,8,260598,26375
"Rioja, La",Estollo,26,060,2,260602,26328
"Rioja, La",Ezcaray,26,061,9,260619,26280
"Rioja, La",Ezcaray,26,061,9,260619,26289
"Rioja, La",Foncea,26,062,4,260624,26211
"Rioja, La",Fonzaleche,26,063,0,260630,26211
"Rioja, La",Fonzaleche,26,063,0,260630,26212
"Rioja, La",Fuenmayor,26,064,5,260645,26360
"Rioja, La",Galbárruli,26,065,8,260658,26212
"Rioja, La",Galilea,26,066,1,260661,26144
"Rioja, La",Gallinero de Cameros,26,067,7,260677,26122
"Rioja, La",Gimileo,26,068,3,260683,26221
"Rioja, La",Grañón,26,069,6,260696,26259
"Rioja, La",Grávalos,26,070,0,260700,26587
"Rioja, La",Haro,26,071,7,260717,26200
"Rioja, La",Haro,26,071,7,260717,26292
"Rioja, La",Herce,26,072,2,260722,26584
"Rioja, La",Herramélluri,26,073,8,260738,26213
"Rioja, La",Hervías,26,074,3,260743,26257
"Rioja, La",Hormilla,26,075,6,260756,26323
"Rioja, La",Hormilleja,26,076,9,260769,26223
"Rioja, La",Hornillos de Cameros,26,077,5,260775,26133
"Rioja, La",Hornos de Moncalvillo,26,078,1,260781,26372
"Rioja, La",Huércanos,26,079,4,260794,26314
"Rioja, La",Igea,26,080,8,260808,26525
"Rioja, La",Jalón de Cameros,26,081,5,260815,26134
"Rioja, La",Laguna de Cameros,26,082,0,260820,26135
"Rioja, La",Lagunilla del Jubera,26,083,6,260836,26131
"Rioja, La",Lardero,26,084,1,260841,26140
"Rioja, La",Ledesma de la Cogolla,26,086,7,260867,26321
"Rioja, La",Leiva,26,087,3,260873,26213
"Rioja, La",Leza de Río Leza,26,088,9,260889,26132
"Rioja, La",Logroño,26,089,2,260892,26001
"Rioja, La",Logroño,26,089,2,260892,26002
"Rioja, La",Logroño,26,089,2,260892,26003
"Rioja, La",Logroño,26,089,2,260892,26004
"Rioja, La",Logroño,26,089,2,260892,26005
"Rioja, La",Logroño,26,089,2,260892,26006
"Rioja, La",Logroño,26,089,2,260892,26007
"Rioja, La",Logroño,26,089,2,260892,26008
"Rioja, La",Logroño,26,089,2,260892,26009
"Rioja, La",Lumbreras de Cameros,26,091,3,260913,26126
"Rioja, La",Manjarrés,26,092,8,260928,26315
"Rioja, La",Mansilla de la Sierra,26,093,4,260934,26329
"Rioja, La",Manzanares de Rioja,26,094,9,260949,26258
"Rioja, La",Matute,26,095,2,260952,26321
"Rioja, La",Medrano,26,096,5,260965,26374
"Rioja, La",Munilla,26,098,7,260987,26586
"Rioja, La",Murillo de Río Leza,26,099,0,260990,26143
"Rioja, La",Muro de Aguas,26,100,4,261004,26586
"Rioja, La",Muro de Aguas,26,100,4,261004,26587
"Rioja, La",Muro en Cameros,26,101,1,261011,26134
"Rioja, La",Nájera,26,102,6,261026,26300
"Rioja, La",Nalda,26,103,2,261032,26121
"Rioja, La",Nalda,26,103,2,261032,26190
"Rioja, La",Navajún,26,104,7,261047,26533
"Rioja, La",Navarrete,26,105,0,261050,26370
"Rioja, La",Nestares,26,106,3,261063,26110
"Rioja, La",Nieva de Cameros,26,107,9,261079,26124
"Rioja, La",Ocón,26,108,5,261085,26144
"Rioja, La",Ocón,26,108,5,261085,26145
"Rioja, La",Ocón,26,108,5,261085,26147
"Rioja, La",Ocón,26,108,5,261085,26148
"Rioja, La",Ochánduri,26,109,8,261098,26213
"Rioja, La",Ojacastro,26,110,2,261102,26270
"Rioja, La",Ollauri,26,111,9,261119,26220
"Rioja, La",Ortigosa de Cameros,26,112,4,261124,26124
"Rioja, La",Pazuengos,26,113,0,261130,26261
"Rioja, La",Pedroso,26,114,5,261145,26321
"Rioja, La",Pinillos,26,115,8,261158,26111
"Rioja, La",Pradejón,26,117,7,261177,26510
"Rioja, La",Pradillo,26,118,3,261183,26122
"Rioja, La",Préjano,26,119,6,261196,26589
"Rioja, La",Quel,26,120,0,261200,26570
"Rioja, La",Rabanera,26,121,7,261217,26133
"Rioja, La","Rasillo de Cameros, El",26,122,2,261222,26124
"Rioja, La","Redal, El",26,123,8,261238,26146
"Rioja, La",Ribafrecha,26,124,3,261243,26130
"Rioja, La",Rincón de Soto,26,125,6,261256,26550
"Rioja, La",Robres del Castillo,26,126,9,261269,26131
"Rioja, La",Rodezno,26,127,5,261275,26214
"Rioja, La",Rodezno,26,127,5,261275,26222
"Rioja, La",Sajazarra,26,128,1,261281,26212
"Rioja, La",San Asensio,26,129,4,261294,26340
"Rioja, La",San Millán de la Cogolla,26,130,8,261308,26326
"Rioja, La",San Millán de Yécora,26,131,5,261315,26216
"Rioja, La",San Román de Cameros,26,132,0,261320,26133
"Rioja, La",Santa Coloma,26,134,1,261341,26315
"Rioja, La",Santa Engracia del Jubera,26,135,4,261354,26131
"Rioja, La",Santa Engracia del Jubera,26,135,4,261354,26132
"Rioja, La",Santa Eulalia Bajera,26,136,7,261367,26585
"Rioja, La",Santo Domingo de la Calzada,26,138,9,261389,26250
"Rioja, La",San Torcuato,26,139,2,261392,26291
"Rioja, La",Santurde de Rioja,26,140,6,261406,26260
"Rioja, La",Santurdejo,26,141,3,261413,26261
"Rioja, La",San Vicente de la Sonsierra,26,142,8,261428,26338
"Rioja, La",San Vicente de la Sonsierra,26,142,8,261428,26339
"Rioja, La",Sojuela,26,143,4,261434,26376
"Rioja, La",Sorzano,26,144,9,261449,26191
"Rioja, La",Sotés,26,145,2,261452,26371
"Rioja, La",Soto en Cameros,26,146,5,261465,26132
"Rioja, La",Terroba,26,147,1,261471,26132
"Rioja, La",Tirgo,26,148,7,261487,26211
"Rioja, La",Tobía,26,149,0,261490,26321
"Rioja, La",Tormantos,26,150,3,261503,26213
"Rioja, La",Torrecilla en Cameros,26,151,0,261510,26100
"Rioja, La",Torrecilla sobre Alesanco,26,152,5,261525,26224
"Rioja, La",Torre en Cameros,26,153,1,261531,26134
"Rioja, La",Torremontalbo,26,154,6,261546,26359
"Rioja, La",Treviana,26,155,9,261559,26215
"Rioja, La",Tricio,26,157,8,261578,26312
"Rioja, La",Tudelilla,26,158,4,261584,26512
"Rioja, La",Uruñuela,26,160,1,261601,26313
"Rioja, La",Valdemadera,26,161,8,261618,26532
"Rioja, La",Valgañón,26,162,3,261623,26288
"Rioja, La",Ventosa,26,163,9,261639,26371
"Rioja, La",Ventrosa,26,164,4,261644,26329
"Rioja, La",Viguera,26,165,7,261657,26121
"Rioja, La",Villalba de Rioja,26,166,0,261660,26292
"Rioja, La",Villalobar de Rioja,26,167,6,261676,26256
"Rioja, La",Villamediana de Iregua,26,168,2,261682,26006
"Rioja, La",Villamediana de Iregua,26,168,2,261682,26142
"Rioja, La",Villanueva de Cameros,26,169,5,261695,26123
"Rioja, La","Villar de Arnedo, El",26,170,9,261709,26511
"Rioja, La",Villar de Torre,26,171,6,261716,26325
"Rioja, La",Villarejo,26,172,1,261721,26325
"Rioja, La",Villarroya,26,173,7,261737,26587
"Rioja, La",Villarta-Quintana,26,174,2,261742,26259
"Rioja, La",Villavelayo,26,175,5,261755,26329
"Rioja, La",Villaverde de Rioja,26,176,8,261768,26321
"Rioja, La",Villoslada de Cameros,26,177,4,261774,26125
"Rioja, La",Viniegra de Abajo,26,178,0,261780,26329
"Rioja, La",Viniegra de Arriba,26,179,3,261793,26329
"Rioja, La",Zarratón,26,180,7,261807,26291
"Rioja, La",Zarzosa,26,181,4,261814,26586
"Rioja, La",Zorraquín,26,183,5,261835,26288
Lugo,Abadín,27,001,8,270018,27730
Lugo,Abadín,27,001,8,270018,27737
Lugo,Abadín,27,001,8,270018,27738
Lugo,Abadín,27,001,8,270018,27843
Lugo,Abadín,27,001,8,270018,27845
Lugo,Abadín,27,001,8,270018,27849
Lugo,Alfoz,27,002,3,270023,27773
Lugo,Alfoz,27,002,3,270023,27774
Lugo,Alfoz,27,002,3,270023,27775
Lugo,Alfoz,27,002,3,270023,27776
Lugo,Alfoz,27,002,3,270023,27778
Lugo,Antas de Ulla,27,003,9,270039,27570
Lugo,Antas de Ulla,27,003,9,270039,27576
Lugo,Antas de Ulla,27,003,9,270039,27577
Lugo,Antas de Ulla,27,003,9,270039,27578
Lugo,Antas de Ulla,27,003,9,270039,27579
Lugo,Baleira,27,004,4,270044,27130
Lugo,Baleira,27,004,4,270044,27131
Lugo,Baleira,27,004,4,270044,27132
Lugo,Baleira,27,004,4,270044,27133
Lugo,Baleira,27,004,4,270044,27276
Lugo,Baleira,27,004,4,270044,27277
Lugo,Baleira,27,004,4,270044,27278
Lugo,Barreiros,27,005,7,270057,27790
Lugo,Barreiros,27,005,7,270057,27792
Lugo,Barreiros,27,005,7,270057,27793
Lugo,Barreiros,27,005,7,270057,27794
Lugo,Barreiros,27,005,7,270057,27798
Lugo,Becerreá,27,006,0,270060,27640
Lugo,Becerreá,27,006,0,270060,27647
Lugo,Becerreá,27,006,0,270060,27648
Lugo,Becerreá,27,006,0,270060,27649
Lugo,Becerreá,27,006,0,270060,27660
Lugo,Becerreá,27,006,0,270060,27661
Lugo,Becerreá,27,006,0,270060,27663
Lugo,Becerreá,27,006,0,270060,27664
Lugo,Becerreá,27,006,0,270060,27668
Lugo,Becerreá,27,006,0,270060,27677
Lugo,Becerreá,27,006,0,270060,27678
Lugo,Becerreá,27,006,0,270060,27679
Lugo,Becerreá,27,006,0,270060,27694
Lugo,Becerreá,27,006,0,270060,27695
Lugo,Becerreá,27,006,0,270060,27698
Lugo,Begonte,27,007,6,270076,27371
Lugo,Begonte,27,007,6,270076,27372
Lugo,Begonte,27,007,6,270076,27373
Lugo,Begonte,27,007,6,270076,27375
Lugo,Bóveda,27,008,2,270082,27340
Lugo,Bóveda,27,008,2,270082,27343
Lugo,Bóveda,27,008,2,270082,27344
Lugo,Bóveda,27,008,2,270082,27349
Lugo,Bóveda,27,008,2,270082,27350
Lugo,Bóveda,27,008,2,270082,27359
Lugo,Carballedo,27,009,5,270095,27520
Lugo,Carballedo,27,009,5,270095,27527
Lugo,Carballedo,27,009,5,270095,27528
Lugo,Carballedo,27,009,5,270095,27529
Lugo,Carballedo,27,009,5,270095,27530
Lugo,Carballedo,27,009,5,270095,27531
Lugo,Carballedo,27,009,5,270095,27532
Lugo,Carballedo,27,009,5,270095,27533
Lugo,Castro de Rei,27,010,9,270109,27250
Lugo,Castro de Rei,27,010,9,270109,27256
Lugo,Castro de Rei,27,010,9,270109,27257
Lugo,Castro de Rei,27,010,9,270109,27258
Lugo,Castro de Rei,27,010,9,270109,27259
Lugo,Castro de Rei,27,010,9,270109,27260
Lugo,Castro de Rei,27,010,9,270109,27266
Lugo,Castro de Rei,27,010,9,270109,27267
Lugo,Castro de Rei,27,010,9,270109,27268
Lugo,Castro de Rei,27,010,9,270109,27269
Lugo,Castro de Rei,27,010,9,270109,27271
Lugo,Castro de Rei,27,010,9,270109,27289
Lugo,Castroverde,27,011,6,270116,27120
Lugo,Castroverde,27,011,6,270116,27122
Lugo,Castroverde,27,011,6,270116,27123
Lugo,Castroverde,27,011,6,270116,27124
Lugo,Castroverde,27,011,6,270116,27125
Lugo,Castroverde,27,011,6,270116,27126
Lugo,Castroverde,27,011,6,270116,27127
Lugo,Castroverde,27,011,6,270116,27128
Lugo,Castroverde,27,011,6,270116,27129
Lugo,Castroverde,27,011,6,270116,27142
Lugo,Castroverde,27,011,6,270116,27143
Lugo,Castroverde,27,011,6,270116,27144
Lugo,Castroverde,27,011,6,270116,27146
Lugo,Castroverde,27,011,6,270116,27166
Lugo,Castroverde,27,011,6,270116,27293
Lugo,Cervantes,27,012,1,270121,27659
Lugo,Cervantes,27,012,1,270121,27661
Lugo,Cervantes,27,012,1,270121,27662
Lugo,Cervantes,27,012,1,270121,27664
Lugo,Cervantes,27,012,1,270121,27665
Lugo,Cervantes,27,012,1,270121,27666
Lugo,Cervantes,27,012,1,270121,27667
Lugo,Cervo,27,013,7,270137,27888
Lugo,Cervo,27,013,7,270137,27889
Lugo,Cervo,27,013,7,270137,27890
Lugo,Cervo,27,013,7,270137,27891
Lugo,"Corgo, O",27,014,2,270142,27145
Lugo,"Corgo, O",27,014,2,270142,27162
Lugo,"Corgo, O",27,014,2,270142,27163
Lugo,"Corgo, O",27,014,2,270142,27164
Lugo,"Corgo, O",27,014,2,270142,27165
Lugo,"Corgo, O",27,014,2,270142,27168
Lugo,Cospeito,27,015,5,270155,27375
Lugo,Cospeito,27,015,5,270155,27376
Lugo,Cospeito,27,015,5,270155,27377
Lugo,Cospeito,27,015,5,270155,27378
Lugo,Cospeito,27,015,5,270155,27379
Lugo,Chantada,27,016,8,270168,27500
Lugo,Chantada,27,016,8,270168,27510
Lugo,Chantada,27,016,8,270168,27511
Lugo,Chantada,27,016,8,270168,27512
Lugo,Chantada,27,016,8,270168,27513
Lugo,Chantada,27,016,8,270168,27514
Lugo,Chantada,27,016,8,270168,27515
Lugo,Chantada,27,016,8,270168,27516
Lugo,Chantada,27,016,8,270168,27517
Lugo,Chantada,27,016,8,270168,27518
Lugo,Chantada,27,016,8,270168,27519
Lugo,Chantada,27,016,8,270168,27533
Lugo,Chantada,27,016,8,270168,27595
Lugo,Folgoso do Courel,27,017,4,270174,27324
Lugo,Folgoso do Courel,27,017,4,270174,27325
Lugo,Folgoso do Courel,27,017,4,270174,27328
Lugo,"Fonsagrada, A",27,018,0,270180,27100
Lugo,"Fonsagrada, A",27,018,0,270180,27110
Lugo,"Fonsagrada, A",27,018,0,270180,27111
Lugo,"Fonsagrada, A",27,018,0,270180,27112
Lugo,"Fonsagrada, A",27,018,0,270180,27113
Lugo,"Fonsagrada, A",27,018,0,270180,27114
Lugo,"Fonsagrada, A",27,018,0,270180,27115
Lugo,"Fonsagrada, A",27,018,0,270180,27116
Lugo,"Fonsagrada, A",27,018,0,270180,27117
Lugo,"Fonsagrada, A",27,018,0,270180,27118
Lugo,"Fonsagrada, A",27,018,0,270180,27134
Lugo,"Fonsagrada, A",27,018,0,270180,27135
Lugo,"Fonsagrada, A",27,018,0,270180,27136
Lugo,Foz,27,019,3,270193,27780
Lugo,Foz,27,019,3,270193,27785
Lugo,Foz,27,019,3,270193,27786
Lugo,Foz,27,019,3,270193,27787
Lugo,Foz,27,019,3,270193,27788
Lugo,Foz,27,019,3,270193,27789
Lugo,Foz,27,019,3,270193,27892
Lugo,Foz,27,019,3,270193,27893
Lugo,Friol,27,020,7,270207,27156
Lugo,Friol,27,020,7,270207,27220
Lugo,Friol,27,020,7,270207,27226
Lugo,Friol,27,020,7,270207,27227
Lugo,Friol,27,020,7,270207,27228
Lugo,Friol,27,020,7,270207,27229
Lugo,Friol,27,020,7,270207,27235
Lugo,Friol,27,020,7,270207,27299
Lugo,Xermade,27,021,4,270214,27824
Lugo,Xermade,27,021,4,270214,27826
Lugo,Xermade,27,021,4,270214,27832
Lugo,Xermade,27,021,4,270214,27833
Lugo,Xermade,27,021,4,270214,27834
Lugo,Xermade,27,021,4,270214,27835
Lugo,Guitiriz,27,022,9,270229,27300
Lugo,Guitiriz,27,022,9,270229,27305
Lugo,Guitiriz,27,022,9,270229,27306
Lugo,Guitiriz,27,022,9,270229,27307
Lugo,Guitiriz,27,022,9,270229,27308
Lugo,Guitiriz,27,022,9,270229,27309
Lugo,Guitiriz,27,022,9,270229,27372
Lugo,Guitiriz,27,022,9,270229,27380
Lugo,Guitiriz,27,022,9,270229,27388
Lugo,Guitiriz,27,022,9,270229,27389
Lugo,Guntín,27,023,5,270235,27181
Lugo,Guntín,27,023,5,270235,27183
Lugo,Guntín,27,023,5,270235,27184
Lugo,Guntín,27,023,5,270235,27185
Lugo,Guntín,27,023,5,270235,27186
Lugo,Guntín,27,023,5,270235,27210
Lugo,Guntín,27,023,5,270235,27211
Lugo,Guntín,27,023,5,270235,27233
Lugo,Guntín,27,023,5,270235,27234
Lugo,"Incio, O",27,024,0,270240,27341
Lugo,"Incio, O",27,024,0,270240,27342
Lugo,"Incio, O",27,024,0,270240,27345
Lugo,"Incio, O",27,024,0,270240,27346
Lugo,"Incio, O",27,024,0,270240,27347
Lugo,"Incio, O",27,024,0,270240,27348
Lugo,Xove,27,025,3,270253,27870
Lugo,Xove,27,025,3,270253,27876
Lugo,Xove,27,025,3,270253,27877
Lugo,Xove,27,025,3,270253,27878
Lugo,Xove,27,025,3,270253,27879
Lugo,Láncara,27,026,6,270266,27360
Lugo,Láncara,27,026,6,270266,27366
Lugo,Láncara,27,026,6,270266,27367
Lugo,Láncara,27,026,6,270266,27368
Lugo,Láncara,27,026,6,270266,27369
Lugo,Láncara,27,026,6,270266,27691
Lugo,Láncara,27,026,6,270266,27692
Lugo,Láncara,27,026,6,270266,27693
Lugo,Láncara,27,026,6,270266,27699
Lugo,Lourenzá,27,027,2,270272,27750
Lugo,Lourenzá,27,027,2,270272,27751
Lugo,Lourenzá,27,027,2,270272,27760
Lugo,Lugo,27,028,8,270288,27001
Lugo,Lugo,27,028,8,270288,27002
Lugo,Lugo,27,028,8,270288,27003
Lugo,Lugo,27,028,8,270288,27004
Lugo,Lugo,27,028,8,270288,27140
Lugo,Lugo,27,028,8,270288,27141
Lugo,Lugo,27,028,8,270288,27146
Lugo,Lugo,27,028,8,270288,27160
Lugo,Lugo,27,028,8,270288,27161
Lugo,Lugo,27,028,8,270288,27169
Lugo,Lugo,27,028,8,270288,27180
Lugo,Lugo,27,028,8,270288,27181
Lugo,Lugo,27,028,8,270288,27182
Lugo,Lugo,27,028,8,270288,27185
Lugo,Lugo,27,028,8,270288,27190
Lugo,Lugo,27,028,8,270288,27191
Lugo,Lugo,27,028,8,270288,27192
Lugo,Lugo,27,028,8,270288,27210
Lugo,Lugo,27,028,8,270288,27230
Lugo,Lugo,27,028,8,270288,27231
Lugo,Lugo,27,028,8,270288,27232
Lugo,Lugo,27,028,8,270288,27233
Lugo,Lugo,27,028,8,270288,27289
Lugo,Lugo,27,028,8,270288,27290
Lugo,Lugo,27,028,8,270288,27293
Lugo,Lugo,27,028,8,270288,27294
Lugo,Lugo,27,028,8,270288,27296
Lugo,Lugo,27,028,8,270288,27297
Lugo,Lugo,27,028,8,270288,27298
Lugo,Lugo,27,028,8,270288,27299
Lugo,Meira,27,029,1,270291,27240
Lugo,Meira,27,029,1,270291,27241
Lugo,Meira,27,029,1,270291,27247
Lugo,Mondoñedo,27,030,5,270305,27740
Lugo,Mondoñedo,27,030,5,270305,27742
Lugo,Mondoñedo,27,030,5,270305,27747
Lugo,Mondoñedo,27,030,5,270305,27748
Lugo,Mondoñedo,27,030,5,270305,27749
Lugo,Mondoñedo,27,030,5,270305,27752
Lugo,Mondoñedo,27,030,5,270305,27791
Lugo,Monforte de Lemos,27,031,2,270312,27400
Lugo,Monforte de Lemos,27,031,2,270312,27410
Lugo,Monforte de Lemos,27,031,2,270312,27411
Lugo,Monforte de Lemos,27,031,2,270312,27412
Lugo,Monforte de Lemos,27,031,2,270312,27413
Lugo,Monforte de Lemos,27,031,2,270312,27414
Lugo,Monforte de Lemos,27,031,2,270312,27415
Lugo,Monforte de Lemos,27,031,2,270312,27416
Lugo,Monforte de Lemos,27,031,2,270312,27417
Lugo,Monforte de Lemos,27,031,2,270312,27418
Lugo,Monforte de Lemos,27,031,2,270312,27419
Lugo,Monforte de Lemos,27,031,2,270312,27420
Lugo,Monforte de Lemos,27,031,2,270312,27590
Lugo,Monforte de Lemos,27,031,2,270312,27591
Lugo,Monforte de Lemos,27,031,2,270312,27592
Lugo,Monterroso,27,032,7,270327,27215
Lugo,Monterroso,27,032,7,270327,27560
Lugo,Monterroso,27,032,7,270327,27568
Lugo,Monterroso,27,032,7,270327,27569
Lugo,Muras,27,033,3,270333,27817
Lugo,Muras,27,033,3,270333,27836
Lugo,Muras,27,033,3,270333,27837
Lugo,Navia de Suarna,27,034,8,270348,27650
Lugo,Navia de Suarna,27,034,8,270348,27651
Lugo,Navia de Suarna,27,034,8,270348,27652
Lugo,Navia de Suarna,27,034,8,270348,27653
Lugo,Navia de Suarna,27,034,8,270348,27654
Lugo,Navia de Suarna,27,034,8,270348,27655
Lugo,Navia de Suarna,27,034,8,270348,27656
Lugo,Navia de Suarna,27,034,8,270348,27657
Lugo,Navia de Suarna,27,034,8,270348,27658
Lugo,Navia de Suarna,27,034,8,270348,27659
Lugo,Negueira de Muñiz,27,035,1,270351,27113
Lugo,"Nogais, As",27,037,0,270370,27646
Lugo,"Nogais, As",27,037,0,270370,27675
Lugo,"Nogais, As",27,037,0,270370,27676
Lugo,"Nogais, As",27,037,0,270370,27677
Lugo,Ourol,27,038,6,270386,27865
Lugo,Ourol,27,038,6,270386,27866
Lugo,Ourol,27,038,6,270386,27867
Lugo,Outeiro de Rei,27,039,9,270399,27150
Lugo,Outeiro de Rei,27,039,9,270399,27151
Lugo,Outeiro de Rei,27,039,9,270399,27152
Lugo,Outeiro de Rei,27,039,9,270399,27153
Lugo,Outeiro de Rei,27,039,9,270399,27154
Lugo,Outeiro de Rei,27,039,9,270399,27155
Lugo,Outeiro de Rei,27,039,9,270399,27157
Lugo,Outeiro de Rei,27,039,9,270399,27373
Lugo,Outeiro de Rei,27,039,9,270399,27374
Lugo,Palas de Rei,27,040,3,270403,27200
Lugo,Palas de Rei,27,040,3,270403,27203
Lugo,Palas de Rei,27,040,3,270403,27204
Lugo,Palas de Rei,27,040,3,270403,27205
Lugo,Palas de Rei,27,040,3,270403,27206
Lugo,Palas de Rei,27,040,3,270403,27207
Lugo,Palas de Rei,27,040,3,270403,27208
Lugo,Palas de Rei,27,040,3,270403,27209
Lugo,Palas de Rei,27,040,3,270403,27216
Lugo,Palas de Rei,27,040,3,270403,27217
Lugo,Pantón,27,041,0,270410,27419
Lugo,Pantón,27,041,0,270410,27430
Lugo,Pantón,27,041,0,270410,27437
Lugo,Pantón,27,041,0,270410,27438
Lugo,Pantón,27,041,0,270410,27439
Lugo,Pantón,27,041,0,270410,27450
Lugo,Pantón,27,041,0,270410,27470
Lugo,Pantón,27,041,0,270410,27549
Lugo,Pantón,27,041,0,270410,27592
Lugo,Pantón,27,041,0,270410,27593
Lugo,Paradela,27,042,5,270425,27611
Lugo,Paradela,27,042,5,270425,27612
Lugo,"Páramo, O",27,043,1,270431,27362
Lugo,"Páramo, O",27,043,1,270431,27363
Lugo,"Páramo, O",27,043,1,270431,27364
Lugo,"Páramo, O",27,043,1,270431,27369
Lugo,"Pastoriza, A",27,044,6,270446,27246
Lugo,"Pastoriza, A",27,044,6,270446,27248
Lugo,"Pastoriza, A",27,044,6,270446,27286
Lugo,"Pastoriza, A",27,044,6,270446,27287
Lugo,Pedrafita do Cebreiro,27,045,9,270459,27670
Lugo,Pedrafita do Cebreiro,27,045,9,270459,27671
Lugo,Pedrafita do Cebreiro,27,045,9,270459,27672
Lugo,Pedrafita do Cebreiro,27,045,9,270459,27673
Lugo,Pol,27,046,2,270462,27247
Lugo,Pol,27,046,2,270462,27270
Lugo,Pol,27,046,2,270462,27272
Lugo,Pol,27,046,2,270462,27273
Lugo,Pol,27,046,2,270462,27274
Lugo,Pol,27,046,2,270462,27275
Lugo,Pol,27,046,2,270462,27279
Lugo,Pol,27,046,2,270462,27280
Lugo,Pol,27,046,2,270462,27283
Lugo,"Pobra do Brollón, A",27,047,8,270478,27330
Lugo,"Pobra do Brollón, A",27,047,8,270478,27331
Lugo,"Pobra do Brollón, A",27,047,8,270478,27332
Lugo,"Pobra do Brollón, A",27,047,8,270478,27333
Lugo,"Pobra do Brollón, A",27,047,8,270478,27334
Lugo,"Pobra do Brollón, A",27,047,8,270478,27335
Lugo,"Pobra do Brollón, A",27,047,8,270478,27336
Lugo,"Pobra do Brollón, A",27,047,8,270478,27338
Lugo,"Pobra do Brollón, A",27,047,8,270478,27339
Lugo,"Pobra do Brollón, A",27,047,8,270478,27391
Lugo,"Pobra do Brollón, A",27,047,8,270478,27413
Lugo,"Pontenova, A",27,048,4,270484,27720
Lugo,"Pontenova, A",27,048,4,270484,27721
Lugo,"Pontenova, A",27,048,4,270484,27722
Lugo,"Pontenova, A",27,048,4,270484,27723
Lugo,"Pontenova, A",27,048,4,270484,27724
Lugo,"Pontenova, A",27,048,4,270484,27725
Lugo,"Pontenova, A",27,048,4,270484,27726
Lugo,"Pontenova, A",27,048,4,270484,27727
Lugo,"Pontenova, A",27,048,4,270484,27728
Lugo,"Pontenova, A",27,048,4,270484,27729
Lugo,Portomarín,27,049,7,270497,27170
Lugo,Portomarín,27,049,7,270497,27177
Lugo,Portomarín,27,049,7,270497,27178
Lugo,Portomarín,27,049,7,270497,27187
Lugo,Portomarín,27,049,7,270497,27188
Lugo,Portomarín,27,049,7,270497,27212
Lugo,Portomarín,27,049,7,270497,27213
Lugo,Portomarín,27,049,7,270497,27214
Lugo,Quiroga,27,050,0,270500,27320
Lugo,Quiroga,27,050,0,270500,27328
Lugo,Quiroga,27,050,0,270500,27329
Lugo,Quiroga,27,050,0,270500,27390
Lugo,Quiroga,27,050,0,270500,27391
Lugo,Ribadeo,27,051,7,270517,27700
Lugo,Ribadeo,27,051,7,270517,27710
Lugo,Ribadeo,27,051,7,270517,27711
Lugo,Ribadeo,27,051,7,270517,27712
Lugo,Ribadeo,27,051,7,270517,27713
Lugo,Ribadeo,27,051,7,270517,27714
Lugo,Ribadeo,27,051,7,270517,27715
Lugo,Ribadeo,27,051,7,270517,27796
Lugo,Ribadeo,27,051,7,270517,27797
Lugo,Ribas de Sil,27,052,2,270522,27310
Lugo,Ribas de Sil,27,052,2,270522,27317
Lugo,Ribas de Sil,27,052,2,270522,27318
Lugo,Ribeira de Piquín,27,053,8,270538,27243
Lugo,Ribeira de Piquín,27,053,8,270538,27244
Lugo,Ribeira de Piquín,27,053,8,270538,27245
Lugo,Riotorto,27,054,3,270543,27743
Lugo,Riotorto,27,054,3,270543,27744
Lugo,Riotorto,27,054,3,270543,27745
Lugo,Samos,27,055,6,270556,27620
Lugo,Samos,27,055,6,270556,27623
Lugo,Samos,27,055,6,270556,27624
Lugo,Samos,27,055,6,270556,27625
Lugo,Samos,27,055,6,270556,27626
Lugo,Samos,27,055,6,270556,27627
Lugo,Samos,27,055,6,270556,27628
Lugo,Samos,27,055,6,270556,27631
Lugo,Samos,27,055,6,270556,27633
Lugo,Samos,27,055,6,270556,27635
Lugo,Samos,27,055,6,270556,27636
Lugo,Samos,27,055,6,270556,27638
Lugo,Rábade,27,056,9,270569,27370
Lugo,Sarria,27,057,5,270575,27392
Lugo,Sarria,27,057,5,270575,27600
Lugo,Sarria,27,057,5,270575,27610
Lugo,Sarria,27,057,5,270575,27612
Lugo,Sarria,27,057,5,270575,27613
Lugo,Sarria,27,057,5,270575,27614
Lugo,Sarria,27,057,5,270575,27615
Lugo,Sarria,27,057,5,270575,27616
Lugo,Sarria,27,057,5,270575,27617
Lugo,Sarria,27,057,5,270575,27618
Lugo,Sarria,27,057,5,270575,27619
Lugo,Sarria,27,057,5,270575,27637
Lugo,Sarria,27,057,5,270575,27690
Lugo,"Saviñao, O",27,058,1,270581,27540
Lugo,"Saviñao, O",27,058,1,270581,27543
Lugo,"Saviñao, O",27,058,1,270581,27544
Lugo,"Saviñao, O",27,058,1,270581,27545
Lugo,"Saviñao, O",27,058,1,270581,27546
Lugo,"Saviñao, O",27,058,1,270581,27547
Lugo,"Saviñao, O",27,058,1,270581,27548
Lugo,"Saviñao, O",27,058,1,270581,27549
Lugo,"Saviñao, O",27,058,1,270581,27594
Lugo,Sober,27,059,4,270594,27421
Lugo,Sober,27,059,4,270594,27422
Lugo,Sober,27,059,4,270594,27423
Lugo,Sober,27,059,4,270594,27424
Lugo,Sober,27,059,4,270594,27425
Lugo,Sober,27,059,4,270594,27440
Lugo,Sober,27,059,4,270594,27460
Lugo,Sober,27,059,4,270594,27466
Lugo,Sober,27,059,4,270594,27468
Lugo,Sober,27,059,4,270594,27469
Lugo,Taboada,27,060,8,270608,27550
Lugo,Taboada,27,060,8,270608,27554
Lugo,Taboada,27,060,8,270608,27555
Lugo,Taboada,27,060,8,270608,27556
Lugo,Taboada,27,060,8,270608,27557
Lugo,Taboada,27,060,8,270608,27558
Lugo,Taboada,27,060,8,270608,27559
Lugo,Taboada,27,060,8,270608,27596
Lugo,Trabada,27,061,5,270615,27765
Lugo,Trabada,27,061,5,270615,27766
Lugo,Trabada,27,061,5,270615,27767
Lugo,Trabada,27,061,5,270615,27768
Lugo,Triacastela,27,062,0,270620,27630
Lugo,Triacastela,27,062,0,270620,27631
Lugo,Triacastela,27,062,0,270620,27632
Lugo,Triacastela,27,062,0,270620,27634
Lugo,Triacastela,27,062,0,270620,27639
Lugo,"Valadouro, O",27,063,6,270636,27770
Lugo,"Valadouro, O",27,063,6,270636,27777
Lugo,"Valadouro, O",27,063,6,270636,27778
Lugo,"Valadouro, O",27,063,6,270636,27779
Lugo,"Vicedo, O",27,064,1,270641,27860
Lugo,"Vicedo, O",27,064,1,270641,27861
Lugo,"Vicedo, O",27,064,1,270641,27868
Lugo,Vilalba,27,065,4,270654,27375
Lugo,Vilalba,27,065,4,270654,27800
Lugo,Vilalba,27,065,4,270654,27810
Lugo,Vilalba,27,065,4,270654,27811
Lugo,Vilalba,27,065,4,270654,27812
Lugo,Vilalba,27,065,4,270654,27813
Lugo,Vilalba,27,065,4,270654,27814
Lugo,Vilalba,27,065,4,270654,27815
Lugo,Vilalba,27,065,4,270654,27816
Lugo,Vilalba,27,065,4,270654,27818
Lugo,Vilalba,27,065,4,270654,27820
Lugo,Vilalba,27,065,4,270654,27821
Lugo,Vilalba,27,065,4,270654,27822
Lugo,Vilalba,27,065,4,270654,27823
Lugo,Vilalba,27,065,4,270654,27825
Lugo,Vilalba,27,065,4,270654,27830
Lugo,Vilalba,27,065,4,270654,27840
Lugo,Vilalba,27,065,4,270654,27841
Lugo,Vilalba,27,065,4,270654,27842
Lugo,Vilalba,27,065,4,270654,27843
Lugo,Viveiro,27,066,7,270667,27850
Lugo,Viveiro,27,066,7,270667,27861
Lugo,Viveiro,27,066,7,270667,27863
Lugo,Viveiro,27,066,7,270667,27864
Lugo,Viveiro,27,066,7,270667,27866
Lugo,Viveiro,27,066,7,270667,27867
Lugo,Viveiro,27,066,7,270667,27869
Lugo,Baralla,27,901,9,279019,27680
Lugo,Baralla,27,901,9,279019,27685
Lugo,Baralla,27,901,9,279019,27686
Lugo,Baralla,27,901,9,279019,27687
Lugo,Baralla,27,901,9,279019,27688
Lugo,Baralla,27,901,9,279019,27689
Lugo,Baralla,27,901,9,279019,27696
Lugo,Baralla,27,901,9,279019,27697
Lugo,Burela,27,902,4,279024,27880
Madrid,"Acebeda, La",28,001,4,280014,28755
Madrid,Ajalvir,28,002,9,280029,28864
Madrid,Alameda del Valle,28,003,5,280035,28749
Madrid,"Álamo, El",28,004,0,280040,28607
Madrid,Alcalá de Henares,28,005,3,280053,28801
Madrid,Alcalá de Henares,28,005,3,280053,28802
Madrid,Alcalá de Henares,28,005,3,280053,28803
Madrid,Alcalá de Henares,28,005,3,280053,28804
Madrid,Alcalá de Henares,28,005,3,280053,28805
Madrid,Alcalá de Henares,28,005,3,280053,28806
Madrid,Alcalá de Henares,28,005,3,280053,28807
Madrid,Alcobendas,28,006,6,280066,28100
Madrid,Alcobendas,28,006,6,280066,28108
Madrid,Alcobendas,28,006,6,280066,28109
Madrid,Alcorcón,28,007,2,280072,28921
Madrid,Alcorcón,28,007,2,280072,28922
Madrid,Alcorcón,28,007,2,280072,28923
Madrid,Alcorcón,28,007,2,280072,28924
Madrid,Alcorcón,28,007,2,280072,28925
Madrid,Aldea del Fresno,28,008,8,280088,28620
Madrid,Algete,28,009,1,280091,28110
Madrid,Algete,28,009,1,280091,28120
Madrid,Alpedrete,28,010,5,280105,28430
Madrid,Ambite,28,011,2,280112,28580
Madrid,Anchuelo,28,012,7,280127,28818
Madrid,Aranjuez,28,013,3,280133,28300
Madrid,Arganda del Rey,28,014,8,280148,28500
Madrid,Arroyomolinos,28,015,1,280151,28939
Madrid,"Atazar, El",28,016,4,280164,28189
Madrid,Batres,28,017,0,280170,28976
Madrid,Becerril de la Sierra,28,018,6,280186,28490
Madrid,Belmonte de Tajo,28,019,9,280199,28390
Madrid,Berzosa del Lozoya,28,020,3,280203,28194
Madrid,"Berrueco, El",28,021,0,280210,28192
Madrid,Boadilla del Monte,28,022,5,280225,28660
Madrid,"Boalo, El",28,023,1,280231,28412
Madrid,"Boalo, El",28,023,1,280231,28413
Madrid,"Boalo, El",28,023,1,280231,28492
Madrid,Braojos,28,024,6,280246,28737
Madrid,Brea de Tajo,28,025,9,280259,28596
Madrid,Brunete,28,026,2,280262,28690
Madrid,Buitrago del Lozoya,28,027,8,280278,28730
Madrid,Bustarviejo,28,028,4,280284,28720
Madrid,Cabanillas de la Sierra,28,029,7,280297,28721
Madrid,"Cabrera, La",28,030,1,280301,28751
Madrid,Cadalso de los Vidrios,28,031,8,280318,28640
Madrid,Cadalso de los Vidrios,28,031,8,280318,28648
Madrid,Camarma de Esteruelas,28,032,3,280323,28816
Madrid,Campo Real,28,033,9,280339,28510
Madrid,Canencia,28,034,4,280344,28743
Madrid,Carabaña,28,035,7,280357,28560
Madrid,Casarrubuelos,28,036,0,280360,28977
Madrid,Cenicientos,28,037,6,280376,28650
Madrid,Cercedilla,28,038,2,280382,28470
Madrid,Cervera de Buitrago,28,039,5,280395,28193
Madrid,Ciempozuelos,28,040,9,280409,28350
Madrid,Cobeña,28,041,6,280416,28863
Madrid,Colmenar del Arroyo,28,042,1,280421,28213
Madrid,Colmenar de Oreja,28,043,7,280437,28380
Madrid,Colmenarejo,28,044,2,280442,28270
Madrid,Colmenar Viejo,28,045,5,280455,28120
Madrid,Colmenar Viejo,28,045,5,280455,28707
Madrid,Colmenar Viejo,28,045,5,280455,28750
Madrid,Colmenar Viejo,28,045,5,280455,28770
Madrid,Collado Mediano,28,046,8,280468,28450
Madrid,Collado Villalba,28,047,4,280474,28400
Madrid,Corpa,28,048,0,280480,28811
Madrid,Coslada,28,049,3,280493,28821
Madrid,Coslada,28,049,3,280493,28822
Madrid,Coslada,28,049,3,280493,28823
Madrid,Cubas de la Sagra,28,050,6,280506,28978
Madrid,Chapinería,28,051,3,280513,28694
Madrid,Chinchón,28,052,8,280528,28370
Madrid,Daganzo de Arriba,28,053,4,280534,28814
Madrid,"Escorial, El",28,054,9,280549,28211
Madrid,"Escorial, El",28,054,9,280549,28219
Madrid,"Escorial, El",28,054,9,280549,28280
Madrid,"Escorial, El",28,054,9,280549,28292
Madrid,Estremera,28,055,2,280552,28595
Madrid,Fresnedillas de la Oliva,28,056,5,280565,28214
Madrid,Fresno de Torote,28,057,1,280571,28815
Madrid,Fuenlabrada,28,058,7,280587,28941
Madrid,Fuenlabrada,28,058,7,280587,28942
Madrid,Fuenlabrada,28,058,7,280587,28943
Madrid,Fuenlabrada,28,058,7,280587,28944
Madrid,Fuenlabrada,28,058,7,280587,28945
Madrid,Fuenlabrada,28,058,7,280587,28946
Madrid,Fuenlabrada,28,058,7,280587,28947
Madrid,Fuente el Saz de Jarama,28,059,0,280590,28140
Madrid,Fuentidueña de Tajo,28,060,4,280604,28597
Madrid,Galapagar,28,061,1,280611,28250
Madrid,Galapagar,28,061,1,280611,28260
Madrid,Galapagar,28,061,1,280611,28292
Madrid,Galapagar,28,061,1,280611,28400
Madrid,Galapagar,28,061,1,280611,28420
Madrid,Garganta de los Montes,28,062,6,280626,28743
Madrid,Garganta de los Montes,28,062,6,280626,28749
Madrid,Gargantilla del Lozoya y Pinilla de Buitrago,28,063,2,280632,28739
Madrid,Gascones,28,064,7,280647,28737
Madrid,Getafe,28,065,0,280650,28901
Madrid,Getafe,28,065,0,280650,28902
Madrid,Getafe,28,065,0,280650,28903
Madrid,Getafe,28,065,0,280650,28904
Madrid,Getafe,28,065,0,280650,28905
Madrid,Getafe,28,065,0,280650,28906
Madrid,Getafe,28,065,0,280650,28907
Madrid,Getafe,28,065,0,280650,28909
Madrid,Griñón,28,066,3,280663,28971
Madrid,Guadalix de la Sierra,28,067,9,280679,28794
Madrid,Guadarrama,28,068,5,280685,28440
Madrid,Guadarrama,28,068,5,280685,28480
Madrid,"Hiruela, La",28,069,8,280698,28191
Madrid,Horcajo de la Sierra-Aoslos,28,070,2,280702,28755
Madrid,Horcajuelo de la Sierra,28,071,9,280719,28191
Madrid,Hoyo de Manzanares,28,072,4,280724,28240
Madrid,Hoyo de Manzanares,28,072,4,280724,28248
Madrid,Humanes de Madrid,28,073,0,280730,28970
Madrid,Leganés,28,074,5,280745,28911
Madrid,Leganés,28,074,5,280745,28912
Madrid,Leganés,28,074,5,280745,28913
Madrid,Leganés,28,074,5,280745,28914
Madrid,Leganés,28,074,5,280745,28915
Madrid,Leganés,28,074,5,280745,28916
Madrid,Leganés,28,074,5,280745,28917
Madrid,Leganés,28,074,5,280745,28918
Madrid,Leganés,28,074,5,280745,28919
Madrid,Loeches,28,075,8,280758,28890
Madrid,Lozoya,28,076,1,280761,28742
Madrid,Madarcos,28,078,3,280783,28755
Madrid,Madrid,28,079,6,280796,28000
Madrid,Madrid,28,079,6,280796,28001
Madrid,Madrid,28,079,6,280796,28002
Madrid,Madrid,28,079,6,280796,28003
Madrid,Madrid,28,079,6,280796,28004
Madrid,Madrid,28,079,6,280796,28005
Madrid,Madrid,28,079,6,280796,28006
Madrid,Madrid,28,079,6,280796,28007
Madrid,Madrid,28,079,6,280796,28008
Madrid,Madrid,28,079,6,280796,28009
Madrid,Madrid,28,079,6,280796,28010
Madrid,Madrid,28,079,6,280796,28011
Madrid,Madrid,28,079,6,280796,28012
Madrid,Madrid,28,079,6,280796,28013
Madrid,Madrid,28,079,6,280796,28014
Madrid,Madrid,28,079,6,280796,28015
Madrid,Madrid,28,079,6,280796,28016
Madrid,Madrid,28,079,6,280796,28017
Madrid,Madrid,28,079,6,280796,28018
Madrid,Madrid,28,079,6,280796,28019
Madrid,Madrid,28,079,6,280796,28020
Madrid,Madrid,28,079,6,280796,28021
Madrid,Madrid,28,079,6,280796,28022
Madrid,Madrid,28,079,6,280796,28023
Madrid,Madrid,28,079,6,280796,28024
Madrid,Madrid,28,079,6,280796,28025
Madrid,Madrid,28,079,6,280796,28026
Madrid,Madrid,28,079,6,280796,28027
Madrid,Madrid,28,079,6,280796,28028
Madrid,Madrid,28,079,6,280796,28029
Madrid,Madrid,28,079,6,280796,28030
Madrid,Madrid,28,079,6,280796,28031
Madrid,Madrid,28,079,6,280796,28032
Madrid,Madrid,28,079,6,280796,28033
Madrid,Madrid,28,079,6,280796,28034
Madrid,Madrid,28,079,6,280796,28035
Madrid,Madrid,28,079,6,280796,28036
Madrid,Madrid,28,079,6,280796,28037
Madrid,Madrid,28,079,6,280796,28038
Madrid,Madrid,28,079,6,280796,28039
Madrid,Madrid,28,079,6,280796,28040
Madrid,Madrid,28,079,6,280796,28041
Madrid,Madrid,28,079,6,280796,28042
Madrid,Madrid,28,079,6,280796,28043
Madrid,Madrid,28,079,6,280796,28044
Madrid,Madrid,28,079,6,280796,28045
Madrid,Madrid,28,079,6,280796,28046
Madrid,Madrid,28,079,6,280796,28047
Madrid,Madrid,28,079,6,280796,28048
Madrid,Madrid,28,079,6,280796,28049
Madrid,Madrid,28,079,6,280796,28050
Madrid,Madrid,28,079,6,280796,28051
Madrid,Madrid,28,079,6,280796,28052
Madrid,Madrid,28,079,6,280796,28053
Madrid,Madrid,28,079,6,280796,28054
Madrid,Madrid,28,079,6,280796,28055
Madrid,Madrid,28,079,6,280796,28523
Madrid,Madrid,28,079,6,280796,28760
Madrid,Majadahonda,28,080,0,280800,28220
Madrid,Majadahonda,28,080,0,280800,28221
Madrid,Majadahonda,28,080,0,280800,28222
Madrid,Manzanares el Real,28,082,2,280822,28410
Madrid,Manzanares el Real,28,082,2,280822,28492
Madrid,Meco,28,083,8,280838,28880
Madrid,Mejorada del Campo,28,084,3,280843,28840
Madrid,Miraflores de la Sierra,28,085,6,280856,28792
Madrid,"Molar, El",28,086,9,280869,28710
Madrid,"Molinos, Los",28,087,5,280875,28460
Madrid,Montejo de la Sierra,28,088,1,280881,28190
Madrid,Moraleja de Enmedio,28,089,4,280894,28950
Madrid,Moralzarzal,28,090,8,280908,28411
Madrid,Morata de Tajuña,28,091,5,280915,28530
Madrid,Móstoles,28,092,0,280920,28931
Madrid,Móstoles,28,092,0,280920,28932
Madrid,Móstoles,28,092,0,280920,28933
Madrid,Móstoles,28,092,0,280920,28934
Madrid,Móstoles,28,092,0,280920,28935
Madrid,Móstoles,28,092,0,280920,28936
Madrid,Móstoles,28,092,0,280920,28937
Madrid,Móstoles,28,092,0,280920,28938
Madrid,Navacerrada,28,093,6,280936,28491
Madrid,Navalafuente,28,094,1,280941,28729
Madrid,Navalagamella,28,095,4,280954,28210
Madrid,Navalagamella,28,095,4,280954,28212
Madrid,Navalcarnero,28,096,7,280967,28600
Madrid,Navarredonda y San Mamés,28,097,3,280973,28739
Madrid,Navas del Rey,28,099,2,280992,28695
Madrid,Nuevo Baztán,28,100,6,281006,28514
Madrid,Olmeda de las Fuentes,28,101,3,281013,28515
Madrid,Orusco de Tajuña,28,102,8,281028,28570
Madrid,Paracuellos de Jarama,28,104,9,281049,28860
Madrid,Paracuellos de Jarama,28,104,9,281049,28861
Madrid,Paracuellos de Jarama,28,104,9,281049,28862
Madrid,Parla,28,106,5,281065,28981
Madrid,Parla,28,106,5,281065,28982
Madrid,Parla,28,106,5,281065,28983
Madrid,Parla,28,106,5,281065,28984
Madrid,Patones,28,107,1,281071,28189
Madrid,Pedrezuela,28,108,7,281087,28723
Madrid,Pelayos de la Presa,28,109,0,281090,28696
Madrid,Perales de Tajuña,28,110,4,281104,28540
Madrid,Pezuela de las Torres,28,111,1,281111,28812
Madrid,Pinilla del Valle,28,112,6,281126,28749
Madrid,Pinto,28,113,2,281132,28320
Madrid,Piñuécar-Gandullas,28,114,7,281147,28737
Madrid,Pozuelo de Alarcón,28,115,0,281150,28024
Madrid,Pozuelo de Alarcón,28,115,0,281150,28223
Madrid,Pozuelo de Alarcón,28,115,0,281150,28224
Madrid,Pozuelo del Rey,28,116,3,281163,28813
Madrid,Prádena del Rincón,28,117,9,281179,28191
Madrid,Puebla de la Sierra,28,118,5,281185,28190
Madrid,Quijorna,28,119,8,281198,28693
Madrid,Rascafría,28,120,2,281202,28740
Madrid,Rascafría,28,120,2,281202,28749
Madrid,Redueña,28,121,9,281219,28721
Madrid,Ribatejada,28,122,4,281224,28815
Madrid,Rivas-Vaciamadrid,28,123,0,281230,28521
Madrid,Rivas-Vaciamadrid,28,123,0,281230,28522
Madrid,Rivas-Vaciamadrid,28,123,0,281230,28523
Madrid,Rivas-Vaciamadrid,28,123,0,281230,28524
Madrid,Robledillo de la Jara,28,124,5,281245,28194
Madrid,Robledo de Chavela,28,125,8,281258,28294
Madrid,Robregordo,28,126,1,281261,28755
Madrid,"Rozas de Madrid, Las",28,127,7,281277,28231
Madrid,"Rozas de Madrid, Las",28,127,7,281277,28232
Madrid,"Rozas de Madrid, Las",28,127,7,281277,28290
Madrid,Rozas de Puerto Real,28,128,3,281283,28649
Madrid,San Agustín del Guadalix,28,129,6,281296,28750
Madrid,San Fernando de Henares,28,130,0,281300,28830
Madrid,San Lorenzo de El Escorial,28,131,7,281317,28200
Madrid,San Martín de la Vega,28,132,2,281322,28330
Madrid,San Martín de Valdeiglesias,28,133,8,281338,28680
Madrid,San Sebastián de los Reyes,28,134,3,281343,28700
Madrid,San Sebastián de los Reyes,28,134,3,281343,28701
Madrid,San Sebastián de los Reyes,28,134,3,281343,28702
Madrid,San Sebastián de los Reyes,28,134,3,281343,28703
Madrid,San Sebastián de los Reyes,28,134,3,281343,28706
Madrid,San Sebastián de los Reyes,28,134,3,281343,28707
Madrid,San Sebastián de los Reyes,28,134,3,281343,28708
Madrid,San Sebastián de los Reyes,28,134,3,281343,28709
Madrid,Santa María de la Alameda,28,135,6,281356,28296
Madrid,Santa María de la Alameda,28,135,6,281356,28297
Madrid,Santorcaz,28,136,9,281369,28818
Madrid,"Santos de la Humosa, Los",28,137,5,281375,28817
Madrid,"Serna del Monte, La",28,138,1,281381,28737
Madrid,Serranillos del Valle,28,140,8,281408,28979
Madrid,Sevilla la Nueva,28,141,5,281415,28609
Madrid,Somosierra,28,143,6,281436,28756
Madrid,Soto del Real,28,144,1,281441,28791
Madrid,Talamanca de Jarama,28,145,4,281454,28160
Madrid,Tielmes,28,146,7,281467,28550
Madrid,Titulcia,28,147,3,281473,28359
Madrid,Torrejón de Ardoz,28,148,9,281489,28850
Madrid,Torrejón de la Calzada,28,149,2,281492,28991
Madrid,Torrejón de Velasco,28,150,5,281505,28990
Madrid,Torrelaguna,28,151,2,281512,28180
Madrid,Torrelodones,28,152,7,281527,28250
Madrid,Torremocha de Jarama,28,153,3,281533,28189
Madrid,Torres de la Alameda,28,154,8,281548,28813
Madrid,Valdaracete,28,155,1,281551,28594
Madrid,Valdeavero,28,156,4,281564,28816
Madrid,Valdelaguna,28,157,0,281570,28391
Madrid,Valdemanco,28,158,6,281586,28729
Madrid,Valdemaqueda,28,159,9,281599,28295
Madrid,Valdemorillo,28,160,3,281603,28210
Madrid,Valdemoro,28,161,0,281610,28340
Madrid,Valdemoro,28,161,0,281610,28341
Madrid,Valdemoro,28,161,0,281610,28342
Madrid,Valdemoro,28,161,0,281610,28343
Madrid,Valdeolmos-Alalpardo,28,162,5,281625,28130
Madrid,Valdepiélagos,28,163,1,281631,28170
Madrid,Valdetorres de Jarama,28,164,6,281646,28150
Madrid,Valdilecha,28,165,9,281659,28511
Madrid,Valverde de Alcalá,28,166,2,281662,28812
Madrid,Velilla de San Antonio,28,167,8,281678,28891
Madrid,"Vellón, El",28,168,4,281684,28722
Madrid,Venturada,28,169,7,281697,28729
Madrid,Villaconejos,28,170,1,281701,28360
Madrid,Villa del Prado,28,171,8,281718,28630
Madrid,Villalbilla,28,172,3,281723,28810
Madrid,Villamanrique de Tajo,28,173,9,281739,28598
Madrid,Villamanta,28,174,4,281744,28610
Madrid,Villamantilla,28,175,7,281757,28609
Madrid,Villanueva de la Cañada,28,176,0,281760,28691
Madrid,Villanueva de la Cañada,28,176,0,281760,28692
Madrid,Villanueva del Pardillo,28,177,6,281776,28229
Madrid,Villanueva de Perales,28,178,2,281782,28229
Madrid,Villanueva de Perales,28,178,2,281782,28609
Madrid,Villar del Olmo,28,179,5,281795,28512
Madrid,Villarejo de Salvanés,28,180,9,281809,28590
Madrid,Villaviciosa de Odón,28,181,6,281816,28670
Madrid,Villavieja del Lozoya,28,182,1,281821,28739
Madrid,Zarzalejo,28,183,7,281837,28293
Madrid,Lozoyuela-Navas-Sieteiglesias,28,901,5,289015,28752
Madrid,Lozoyuela-Navas-Sieteiglesias,28,901,5,289015,28753
Madrid,Lozoyuela-Navas-Sieteiglesias,28,901,5,289015,28754
Madrid,Puentes Viejas,28,902,0,289020,28195
Madrid,Puentes Viejas,28,902,0,289020,28196
Madrid,Puentes Viejas,28,902,0,289020,28754
Madrid,Tres Cantos,28,903,6,289036,28760
Málaga,Alameda,29,001,7,290017,29530
Málaga,Alcaucín,29,002,2,290022,29711
Málaga,Alcaucín,29,002,2,290022,29713
Málaga,Alfarnate,29,003,8,290038,29194
Málaga,Alfarnatejo,29,004,3,290043,29194
Málaga,Algarrobo,29,005,6,290056,29750
Málaga,Algatocín,29,006,9,290069,29491
Málaga,Alhaurín de la Torre,29,007,5,290075,29130
Málaga,Alhaurín el Grande,29,008,1,290081,29120
Málaga,Almáchar,29,009,4,290094,29718
Málaga,Almargen,29,010,8,290108,29330
Málaga,Almogía,29,011,5,290115,29150
Málaga,Álora,29,012,0,290120,29500
Málaga,Álora,29,012,0,290120,29510
Málaga,Álora,29,012,0,290120,29552
Málaga,Álora,29,012,0,290120,29593
Málaga,Alozaina,29,013,6,290136,29567
Málaga,Alpandeire,29,014,1,290141,29460
Málaga,Antequera,29,015,4,290154,29100
Málaga,Antequera,29,015,4,290154,29200
Málaga,Antequera,29,015,4,290154,29230
Málaga,Antequera,29,015,4,290154,29250
Málaga,Antequera,29,015,4,290154,29260
Málaga,Antequera,29,015,4,290154,29540
Málaga,Árchez,29,016,7,290167,29753
Málaga,Archidona,29,017,3,290173,29300
Málaga,Archidona,29,017,3,290173,29314
Málaga,Archidona,29,017,3,290173,29315
Málaga,Ardales,29,018,9,290189,29550
Málaga,Arenas,29,019,2,290192,29753
Málaga,Arriate,29,020,6,290206,29350
Málaga,Atajate,29,021,3,290213,29494
Málaga,Benadalid,29,022,8,290228,29493
Málaga,Benahavís,29,023,4,290234,29679
Málaga,Benalauría,29,024,9,290249,29491
Málaga,Benalmádena,29,025,2,290252,29630
Málaga,Benalmádena,29,025,2,290252,29631
Málaga,Benalmádena,29,025,2,290252,29639
Málaga,Benamargosa,29,026,5,290265,29718
Málaga,Benamocarra,29,027,1,290271,29719
Málaga,Benaoján,29,028,7,290287,29370
Málaga,Benarrabá,29,029,0,290290,29490
Málaga,"Borge, El",29,030,4,290304,29718
Málaga,"Burgo, El",29,031,1,290311,29420
Málaga,Campillos,29,032,6,290326,29320
Málaga,Canillas de Aceituno,29,033,2,290332,29716
Málaga,Canillas de Aceituno,29,033,2,290332,29719
Málaga,Canillas de Albaida,29,034,7,290347,29755
Málaga,Cañete la Real,29,035,0,290350,29340
Málaga,Cañete la Real,29,035,0,290350,29395
Málaga,Carratraca,29,036,3,290363,29551
Málaga,Cartajima,29,037,9,290379,29452
Málaga,Cártama,29,038,5,290385,29569
Málaga,Cártama,29,038,5,290385,29570
Málaga,Cártama,29,038,5,290385,29580
Málaga,Casabermeja,29,039,8,290398,29160
Málaga,Casarabonela,29,040,2,290402,29566
Málaga,Casares,29,041,9,290419,29690
Málaga,Casares,29,041,9,290419,29692
Málaga,Coín,29,042,4,290424,29100
Málaga,Colmenar,29,043,0,290430,29170
Málaga,Comares,29,044,5,290445,29195
Málaga,Cómpeta,29,045,8,290458,29754
Málaga,Cortes de la Frontera,29,046,1,290461,29380
Málaga,Cortes de la Frontera,29,046,1,290461,29391
Málaga,Cortes de la Frontera,29,046,1,290461,29490
Málaga,Cuevas Bajas,29,047,7,290477,29220
Málaga,Cuevas del Becerro,29,048,3,290483,29470
Málaga,Cuevas de San Marcos,29,049,6,290496,29210
Málaga,Cútar,29,050,9,290509,29718
Málaga,Estepona,29,051,6,290516,29680
Málaga,Estepona,29,051,6,290516,29688
Málaga,Estepona,29,051,6,290516,29689
Málaga,Estepona,29,051,6,290516,29693
Málaga,Faraján,29,052,1,290521,29461
Málaga,Frigiliana,29,053,7,290537,29788
Málaga,Frigiliana,29,053,7,290537,29789
Málaga,Fuengirola,29,054,2,290542,29640
Málaga,Fuente de Piedra,29,055,5,290555,29520
Málaga,Gaucín,29,056,8,290568,29480
Málaga,Genalguacil,29,057,4,290574,29492
Málaga,Guaro,29,058,0,290580,29108
Málaga,Humilladero,29,059,3,290593,29531
Málaga,Humilladero,29,059,3,290593,29533
Málaga,Igualeja,29,060,7,290607,29440
Málaga,Istán,29,061,4,290614,29611
Málaga,Iznate,29,062,9,290629,29792
Málaga,Jimera de Líbar,29,063,5,290635,29392
Málaga,Jubrique,29,064,0,290640,29492
Málaga,Júzcar,29,065,3,290653,29462
Málaga,Macharaviaya,29,066,6,290666,29791
Málaga,Málaga,29,067,2,290672,29001
Málaga,Málaga,29,067,2,290672,29002
Málaga,Málaga,29,067,2,290672,29003
Málaga,Málaga,29,067,2,290672,29004
Málaga,Málaga,29,067,2,290672,29005
Málaga,Málaga,29,067,2,290672,29006
Málaga,Málaga,29,067,2,290672,29007
Málaga,Málaga,29,067,2,290672,29008
Málaga,Málaga,29,067,2,290672,29009
Málaga,Málaga,29,067,2,290672,29010
Málaga,Málaga,29,067,2,290672,29011
Málaga,Málaga,29,067,2,290672,29012
Málaga,Málaga,29,067,2,290672,29013
Málaga,Málaga,29,067,2,290672,29014
Málaga,Málaga,29,067,2,290672,29015
Málaga,Málaga,29,067,2,290672,29016
Málaga,Málaga,29,067,2,290672,29017
Málaga,Málaga,29,067,2,290672,29018
Málaga,Málaga,29,067,2,290672,29140
Málaga,Málaga,29,067,2,290672,29190
Málaga,Málaga,29,067,2,290672,29193
Málaga,Málaga,29,067,2,290672,29196
Málaga,Málaga,29,067,2,290672,29197
Málaga,Málaga,29,067,2,290672,29590
Málaga,Málaga,29,067,2,290672,29591
Málaga,Málaga,29,067,2,290672,29720
Málaga,Manilva,29,068,8,290688,29691
Málaga,Manilva,29,068,8,290688,29692
Málaga,Marbella,29,069,1,290691,29601
Málaga,Marbella,29,069,1,290691,29602
Málaga,Marbella,29,069,1,290691,29603
Málaga,Marbella,29,069,1,290691,29604
Málaga,Marbella,29,069,1,290691,29660
Málaga,Marbella,29,069,1,290691,29670
Málaga,Mijas,29,070,5,290705,29649
Málaga,Mijas,29,070,5,290705,29650
Málaga,Mijas,29,070,5,290705,29651
Málaga,Moclinejo,29,071,2,290712,29738
Málaga,Mollina,29,072,7,290727,29532
Málaga,Monda,29,073,3,290733,29110
Málaga,Montejaque,29,074,8,290748,29360
Málaga,Nerja,29,075,1,290751,29780
Málaga,Nerja,29,075,1,290751,29787
Málaga,Ojén,29,076,4,290764,29610
Málaga,Ojén,29,076,4,290764,29612
Málaga,Parauta,29,077,0,290770,29451
Málaga,Periana,29,079,9,290799,29710
Málaga,Pizarra,29,080,3,290803,29560
Málaga,Pizarra,29,080,3,290803,29569
Málaga,Pujerra,29,081,0,290810,29450
Málaga,Rincón de la Victoria,29,082,5,290825,29720
Málaga,Rincón de la Victoria,29,082,5,290825,29730
Málaga,Rincón de la Victoria,29,082,5,290825,29738
Málaga,Riogordo,29,083,1,290831,29180
Málaga,Ronda,29,084,6,290846,29394
Málaga,Ronda,29,084,6,290846,29400
Málaga,Ronda,29,084,6,290846,29430
Málaga,Salares,29,085,9,290859,29714
Málaga,Sayalonga,29,086,2,290862,29752
Málaga,Sayalonga,29,086,2,290862,29753
Málaga,Sedella,29,087,8,290878,29715
Málaga,Sedella,29,087,8,290878,29719
Málaga,Sierra de Yeguas,29,088,4,290884,29328
Málaga,Sierra de Yeguas,29,088,4,290884,29329
Málaga,Teba,29,089,7,290897,29327
Málaga,Tolox,29,090,1,290901,29109
Málaga,Torrox,29,091,8,290918,29770
Málaga,Torrox,29,091,8,290918,29793
Málaga,Totalán,29,092,3,290923,29197
Málaga,Valle de Abdalajís,29,093,9,290939,29240
Málaga,Vélez-Málaga,29,094,4,290944,29700
Málaga,Vélez-Málaga,29,094,4,290944,29718
Málaga,Vélez-Málaga,29,094,4,290944,29719
Málaga,Vélez-Málaga,29,094,4,290944,29740
Málaga,Vélez-Málaga,29,094,4,290944,29749
Málaga,Vélez-Málaga,29,094,4,290944,29751
Málaga,Vélez-Málaga,29,094,4,290944,29760
Málaga,Vélez-Málaga,29,094,4,290944,29790
Málaga,Vélez-Málaga,29,094,4,290944,29792
Málaga,Villanueva de Algaidas,29,095,7,290957,29310
Málaga,Villanueva de Algaidas,29,095,7,290957,29311
Málaga,Villanueva del Rosario,29,096,0,290960,29312
Málaga,Villanueva del Trabuco,29,097,6,290976,29313
Málaga,Villanueva de Tapia,29,098,2,290982,29315
Málaga,Viñuela,29,099,5,290995,29712
Málaga,Viñuela,29,099,5,290995,29713
Málaga,Yunquera,29,100,9,291009,29410
Málaga,Torremolinos,29,901,8,299018,29620
Málaga,Villanueva de la Concepción,29,902,3,299023,29230
Málaga,Montecorto,29,903,9,299039,29430
Málaga,Serrato,29,904,4,299044,29471
Murcia,Abanilla,30,001,1,300011,30626
Murcia,Abanilla,30,001,1,300011,30640
Murcia,Abanilla,30,001,1,300011,30648
Murcia,Abanilla,30,001,1,300011,30649
Murcia,Abarán,30,002,6,300026,30550
Murcia,Abarán,30,002,6,300026,30559
Murcia,Águilas,30,003,2,300032,30880
Murcia,Águilas,30,003,2,300032,30889
Murcia,Albudeite,30,004,7,300047,30190
Murcia,Alcantarilla,30,005,0,300050,30820
Murcia,Aledo,30,006,3,300063,30859
Murcia,Alguazas,30,007,9,300079,30560
Murcia,Alguazas,30,007,9,300079,30561
Murcia,Alhama de Murcia,30,008,5,300085,30840
Murcia,Alhama de Murcia,30,008,5,300085,30848
Murcia,Alhama de Murcia,30,008,5,300085,30849
Murcia,Archena,30,009,8,300098,30600
Murcia,Archena,30,009,8,300098,30609
Murcia,Beniel,30,010,2,300102,30130
Murcia,Blanca,30,011,9,300119,30540
Murcia,Bullas,30,012,4,300124,30180
Murcia,Bullas,30,012,4,300124,30189
Murcia,Calasparra,30,013,0,300130,30420
Murcia,Campos del Río,30,014,5,300145,30191
Murcia,Campos del Río,30,014,5,300145,30192
Murcia,Caravaca de la Cruz,30,015,8,300158,30195
Murcia,Caravaca de la Cruz,30,015,8,300158,30400
Murcia,Caravaca de la Cruz,30,015,8,300158,30410
Murcia,Caravaca de la Cruz,30,015,8,300158,30411
Murcia,Caravaca de la Cruz,30,015,8,300158,30412
Murcia,Caravaca de la Cruz,30,015,8,300158,30413
Murcia,Cartagena,30,016,1,300161,30201
Murcia,Cartagena,30,016,1,300161,30202
Murcia,Cartagena,30,016,1,300161,30203
Murcia,Cartagena,30,016,1,300161,30204
Murcia,Cartagena,30,016,1,300161,30205
Murcia,Cartagena,30,016,1,300161,30300
Murcia,Cartagena,30,016,1,300161,30310
Murcia,Cartagena,30,016,1,300161,30319
Murcia,Cartagena,30,016,1,300161,30330
Murcia,Cartagena,30,016,1,300161,30350
Murcia,Cartagena,30,016,1,300161,30351
Murcia,Cartagena,30,016,1,300161,30365
Murcia,Cartagena,30,016,1,300161,30366
Murcia,Cartagena,30,016,1,300161,30367
Murcia,Cartagena,30,016,1,300161,30368
Murcia,Cartagena,30,016,1,300161,30369
Murcia,Cartagena,30,016,1,300161,30370
Murcia,Cartagena,30,016,1,300161,30380
Murcia,Cartagena,30,016,1,300161,30381
Murcia,Cartagena,30,016,1,300161,30382
Murcia,Cartagena,30,016,1,300161,30383
Murcia,Cartagena,30,016,1,300161,30384
Murcia,Cartagena,30,016,1,300161,30385
Murcia,Cartagena,30,016,1,300161,30389
Murcia,Cartagena,30,016,1,300161,30390
Murcia,Cartagena,30,016,1,300161,30391
Murcia,Cartagena,30,016,1,300161,30392
Murcia,Cartagena,30,016,1,300161,30393
Murcia,Cartagena,30,016,1,300161,30394
Murcia,Cartagena,30,016,1,300161,30395
Murcia,Cartagena,30,016,1,300161,30396
Murcia,Cartagena,30,016,1,300161,30397
Murcia,Cartagena,30,016,1,300161,30398
Murcia,Cartagena,30,016,1,300161,30399
Murcia,Cartagena,30,016,1,300161,30593
Murcia,Cartagena,30,016,1,300161,30594
Murcia,Cartagena,30,016,1,300161,30868
Murcia,Cehegín,30,017,7,300177,30189
Murcia,Cehegín,30,017,7,300177,30420
Murcia,Cehegín,30,017,7,300177,30430
Murcia,Cehegín,30,017,7,300177,30439
Murcia,Ceutí,30,018,3,300183,30562
Murcia,Ceutí,30,018,3,300183,30563
Murcia,Cieza,30,019,6,300196,30530
Murcia,Fortuna,30,020,0,300200,30620
Murcia,Fortuna,30,020,0,300200,30626
Murcia,Fortuna,30,020,0,300200,30628
Murcia,Fortuna,30,020,0,300200,30629
Murcia,Fuente Álamo de Murcia,30,021,7,300217,03020
Murcia,Fuente Álamo de Murcia,30,021,7,300217,30320
Murcia,Fuente Álamo de Murcia,30,021,7,300217,30332
Murcia,Fuente Álamo de Murcia,30,021,7,300217,30333
Murcia,Fuente Álamo de Murcia,30,021,7,300217,30334
Murcia,Fuente Álamo de Murcia,30,021,7,300217,30335
Murcia,Fuente Álamo de Murcia,30,021,7,300217,30338
Murcia,Jumilla,30,022,2,300222,30520
Murcia,Jumilla,30,022,2,300222,30528
Murcia,Jumilla,30,022,2,300222,30529
Murcia,Librilla,30,023,8,300238,30892
Murcia,Lorca,30,024,3,300243,30800
Murcia,Lorca,30,024,3,300243,30810
Murcia,Lorca,30,024,3,300243,30811
Murcia,Lorca,30,024,3,300243,30812
Murcia,Lorca,30,024,3,300243,30813
Murcia,Lorca,30,024,3,300243,30814
Murcia,Lorca,30,024,3,300243,30815
Murcia,Lorca,30,024,3,300243,30816
Murcia,Lorca,30,024,3,300243,30817
Murcia,Lorca,30,024,3,300243,30818
Murcia,Lorca,30,024,3,300243,30876
Murcia,Lorca,30,024,3,300243,30878
Murcia,Lorca,30,024,3,300243,30889
Murcia,Lorca,30,024,3,300243,30890
Murcia,Lorca,30,024,3,300243,30893
Murcia,Lorquí,30,025,6,300256,30564
Murcia,Mazarrón,30,026,9,300269,30335
Murcia,Mazarrón,30,026,9,300269,30858
Murcia,Mazarrón,30,026,9,300269,30860
Murcia,Mazarrón,30,026,9,300269,30868
Murcia,Mazarrón,30,026,9,300269,30870
Murcia,Mazarrón,30,026,9,300269,30875
Murcia,Mazarrón,30,026,9,300269,30876
Murcia,Mazarrón,30,026,9,300269,30877
Murcia,Mazarrón,30,026,9,300269,30878
Murcia,Mazarrón,30,026,9,300269,30879
Murcia,Molina de Segura,30,027,5,300275,30500
Murcia,Molina de Segura,30,027,5,300275,30506
Murcia,Molina de Segura,30,027,5,300275,30507
Murcia,Molina de Segura,30,027,5,300275,30508
Murcia,Molina de Segura,30,027,5,300275,30509
Murcia,Molina de Segura,30,027,5,300275,30627
Murcia,Moratalla,30,028,1,300281,30413
Murcia,Moratalla,30,028,1,300281,30414
Murcia,Moratalla,30,028,1,300281,30440
Murcia,Moratalla,30,028,1,300281,30441
Murcia,Moratalla,30,028,1,300281,30442
Murcia,Mula,30,029,4,300294,30170
Murcia,Mula,30,029,4,300294,30177
Murcia,Mula,30,029,4,300294,30178
Murcia,Mula,30,029,4,300294,30193
Murcia,Mula,30,029,4,300294,30194
Murcia,Murcia,30,030,8,300308,30001
Murcia,Murcia,30,030,8,300308,30002
Murcia,Murcia,30,030,8,300308,30003
Murcia,Murcia,30,030,8,300308,30004
Murcia,Murcia,30,030,8,300308,30005
Murcia,Murcia,30,030,8,300308,30006
Murcia,Murcia,30,030,8,300308,30007
Murcia,Murcia,30,030,8,300308,30008
Murcia,Murcia,30,030,8,300308,30009
Murcia,Murcia,30,030,8,300308,30010
Murcia,Murcia,30,030,8,300308,30011
Murcia,Murcia,30,030,8,300308,30012
Murcia,Murcia,30,030,8,300308,30100
Murcia,Murcia,30,030,8,300308,30107
Murcia,Murcia,30,030,8,300308,30108
Murcia,Murcia,30,030,8,300308,30110
Murcia,Murcia,30,030,8,300308,30120
Murcia,Murcia,30,030,8,300308,30139
Murcia,Murcia,30,030,8,300308,30150
Murcia,Murcia,30,030,8,300308,30151
Murcia,Murcia,30,030,8,300308,30152
Murcia,Murcia,30,030,8,300308,30153
Murcia,Murcia,30,030,8,300308,30154
Murcia,Murcia,30,030,8,300308,30155
Murcia,Murcia,30,030,8,300308,30156
Murcia,Murcia,30,030,8,300308,30157
Murcia,Murcia,30,030,8,300308,30158
Murcia,Murcia,30,030,8,300308,30160
Murcia,Murcia,30,030,8,300308,30161
Murcia,Murcia,30,030,8,300308,30162
Murcia,Murcia,30,030,8,300308,30163
Murcia,Murcia,30,030,8,300308,30164
Murcia,Murcia,30,030,8,300308,30165
Murcia,Murcia,30,030,8,300308,30166
Murcia,Murcia,30,030,8,300308,30167
Murcia,Murcia,30,030,8,300308,30168
Murcia,Murcia,30,030,8,300308,30169
Murcia,Murcia,30,030,8,300308,30179
Murcia,Murcia,30,030,8,300308,30331
Murcia,Murcia,30,030,8,300308,30570
Murcia,Murcia,30,030,8,300308,30579
Murcia,Murcia,30,030,8,300308,30580
Murcia,Murcia,30,030,8,300308,30588
Murcia,Murcia,30,030,8,300308,30589
Murcia,Murcia,30,030,8,300308,30590
Murcia,Murcia,30,030,8,300308,30592
Murcia,Murcia,30,030,8,300308,30830
Murcia,Murcia,30,030,8,300308,30831
Murcia,Murcia,30,030,8,300308,30832
Murcia,Murcia,30,030,8,300308,30833
Murcia,Murcia,30,030,8,300308,30834
Murcia,Murcia,30,030,8,300308,30835
Murcia,Murcia,30,030,8,300308,30836
Murcia,Murcia,30,030,8,300308,30837
Murcia,Ojós,30,031,5,300315,30611
Murcia,Pliego,30,032,0,300320,30176
Murcia,Puerto Lumbreras,30,033,6,300336,30890
Murcia,Puerto Lumbreras,30,033,6,300336,30891
Murcia,Ricote,30,034,1,300341,30610
Murcia,San Javier,30,035,4,300354,30380
Murcia,San Javier,30,035,4,300354,30592
Murcia,San Javier,30,035,4,300354,30720
Murcia,San Javier,30,035,4,300354,30729
Murcia,San Javier,30,035,4,300354,30730
Murcia,San Javier,30,035,4,300354,30739
Murcia,San Pedro del Pinatar,30,036,7,300367,30740
Murcia,Torre-Pacheco,30,037,3,300373,30591
Murcia,Torre-Pacheco,30,037,3,300373,30592
Murcia,Torre-Pacheco,30,037,3,300373,30700
Murcia,Torre-Pacheco,30,037,3,300373,30708
Murcia,Torre-Pacheco,30,037,3,300373,30709
Murcia,Torre-Pacheco,30,037,3,300373,30710
Murcia,Torre-Pacheco,30,037,3,300373,30739
Murcia,"Torres de Cotillas, Las",30,038,9,300389,30565
Murcia,Totana,30,039,2,300392,30850
Murcia,Totana,30,039,2,300392,30858
Murcia,Ulea,30,040,6,300406,30612
Murcia,"Unión, La",30,041,3,300413,30360
Murcia,"Unión, La",30,041,3,300413,30364
Murcia,"Unión, La",30,041,3,300413,30369
Murcia,Villanueva del Río Segura,30,042,8,300428,30613
Murcia,Yecla,30,043,4,300434,03657
Murcia,Yecla,30,043,4,300434,30510
Murcia,Santomera,30,901,2,309012,30140
Murcia,Santomera,30,901,2,309012,30148
Murcia,Santomera,30,901,2,309012,30149
Murcia,"Alcázares, Los",30,902,7,309027,30710
Navarra,Abáigar,31,001,8,310018,31280
Navarra,Abárzuza/Abartzuza,31,002,3,310023,31178
Navarra,Abaurregaina/Abaurrea Alta,31,003,9,310039,31692
Navarra,Abaurrepea/Abaurrea Baja,31,004,4,310044,31692
Navarra,Aberin,31,005,7,310057,31264
Navarra,Aberin,31,005,7,310057,31292
Navarra,Ablitas,31,006,0,310060,31523
Navarra,Adiós,31,007,6,310076,31153
Navarra,Aguilar de Codés,31,008,2,310082,31228
Navarra,Aibar/Oibar,31,009,5,310095,31460
Navarra,Altsasu/Alsasua,31,010,9,310109,31800
Navarra,Allín/Allin,31,011,6,310116,31241
Navarra,Allín/Allin,31,011,6,310116,31290
Navarra,Allo,31,012,1,310121,31262
Navarra,Améscoa Baja,31,013,7,310137,31272
Navarra,Ancín/Antzin,31,014,2,310142,31280
Navarra,Ancín/Antzin,31,014,2,310142,31281
Navarra,Andosilla,31,015,5,310155,31261
Navarra,Ansoáin/Antsoain,31,016,8,310168,31013
Navarra,Anue,31,017,4,310174,31798
Navarra,Añorbe,31,018,0,310180,31154
Navarra,Aoiz/Agoitz,31,019,3,310193,31430
Navarra,Araitz,31,020,7,310207,31891
Navarra,Aranarache/Aranaratxe,31,021,4,310214,31271
Navarra,Arantza,31,022,9,310229,31790
Navarra,Aranguren,31,023,5,310235,31192
Navarra,Arano,31,024,0,310240,31754
Navarra,Arakil,31,025,3,310253,31849
Navarra,Arakil,31,025,3,310253,31850
Navarra,Arakil,31,025,3,310253,31867
Navarra,Arakil,31,025,3,310253,31868
Navarra,Aras,31,026,6,310266,31239
Navarra,Arbizu,31,027,2,310272,31839
Navarra,Arce/Artzi,31,028,8,310288,31438
Navarra,Arce/Artzi,31,028,8,310288,31439
Navarra,Arce/Artzi,31,028,8,310288,31481
Navarra,"Arcos, Los",31,029,1,310291,31210
Navarra,Arellano,31,030,5,310305,31263
Navarra,Areso,31,031,2,310312,31876
Navarra,Arguedas,31,032,7,310327,31513
Navarra,Aria,31,033,3,310333,31671
Navarra,Aribe,31,034,8,310348,31671
Navarra,Armañanzas,31,035,1,310351,31228
Navarra,Arróniz,31,036,4,310364,31243
Navarra,Arruazu,31,037,0,310370,31840
Navarra,Artajona,31,038,6,310386,31140
Navarra,Artazu,31,039,9,310399,31109
Navarra,Atetz,31,040,3,310403,31193
Navarra,Atetz,31,040,3,310403,31867
Navarra,Ayegui/Aiegi,31,041,0,310410,31208
Navarra,Ayegui/Aiegi,31,041,0,310410,31240
Navarra,Azagra,31,042,5,310425,31560
Navarra,Azuelo,31,043,1,310431,31228
Navarra,Bakaiku,31,044,6,310446,31810
Navarra,Barásoain,31,045,9,310459,31395
Navarra,Barbarin,31,046,2,310462,31243
Navarra,Bargota,31,047,8,310478,31229
Navarra,Barillas,31,048,4,310484,31523
Navarra,Basaburua,31,049,7,310497,31866
Navarra,Basaburua,31,049,7,310497,31869
Navarra,Baztan,31,050,0,310500,31700
Navarra,Baztan,31,050,0,310500,31713
Navarra,Baztan,31,050,0,310500,31714
Navarra,Baztan,31,050,0,310500,31715
Navarra,Baztan,31,050,0,310500,31720
Navarra,Baztan,31,050,0,310500,31730
Navarra,Baztan,31,050,0,310500,31794
Navarra,Baztan,31,050,0,310500,31795
Navarra,Baztan,31,050,0,310500,31796
Navarra,Beire,31,051,7,310517,31393
Navarra,Belascoáin,31,052,2,310522,31174
Navarra,Berbinzana,31,053,8,310538,31252
Navarra,Bertizarana,31,054,3,310543,31720
Navarra,Bertizarana,31,054,3,310543,31792
Navarra,Bertizarana,31,054,3,310543,31793
Navarra,Betelu,31,055,6,310556,31890
Navarra,Biurrun-Olcoz,31,056,9,310569,31398
Navarra,Buñuel,31,057,5,310575,31540
Navarra,Auritz/Burguete,31,058,1,310581,31640
Navarra,Burgui/Burgi,31,059,4,310594,31412
Navarra,Burlada/Burlata,31,060,8,310608,31600
Navarra,"Busto, El",31,061,5,310615,31229
Navarra,Cabanillas,31,062,0,310620,31511
Navarra,Cabredo,31,063,6,310636,31227
Navarra,Cadreita,31,064,1,310641,31515
Navarra,Caparroso,31,065,4,310654,31380
Navarra,Cárcar,31,066,7,310667,31579
Navarra,Carcastillo,31,067,3,310673,31310
Navarra,Carcastillo,31,067,3,310673,31311
Navarra,Cascante,31,068,9,310689,31520
Navarra,Cáseda,31,069,2,310692,31312
Navarra,Cáseda,31,069,2,310692,31490
Navarra,Castejón,31,070,6,310706,31590
Navarra,Castillonuevo/Gazteluberri,31,071,3,310713,31454
Navarra,Cintruénigo,31,072,8,310728,31592
Navarra,Ziordia,31,073,4,310734,31809
Navarra,Cirauqui/Zirauki,31,074,9,310749,31131
Navarra,Ciriza/Ziritza,31,075,2,310752,31174
Navarra,Cizur,31,076,5,310765,31174
Navarra,Cizur,31,076,5,310765,31190
Navarra,Corella,31,077,1,310771,31591
Navarra,Cortes,31,078,7,310787,31530
Navarra,Desojo,31,079,0,310790,31229
Navarra,Dicastillo,31,080,4,310804,31263
Navarra,Donamaria,31,081,1,310811,31750
Navarra,Etxalar,31,082,6,310826,31760
Navarra,Echarri/Etxarri,31,083,2,310832,31174
Navarra,Etxarri Aranatz,31,084,7,310847,31820
Navarra,Etxauri,31,085,0,310850,31174
Navarra,Valle de Egüés/Eguesibar,31,086,3,310863,31192
Navarra,Valle de Egüés/Eguesibar,31,086,3,310863,31486
Navarra,Valle de Egüés/Eguesibar,31,086,3,310863,31620
Navarra,Valle de Egüés/Eguesibar,31,086,3,310863,31621
Navarra,Elgorriaga,31,087,9,310879,31744
Navarra,Valle de Elorz/Elortzibar,31,088,5,310885,31110
Navarra,Valle de Elorz/Elortzibar,31,088,5,310885,31119
Navarra,Valle de Elorz/Elortzibar,31,088,5,310885,31470
Navarra,Enériz/Eneritz,31,089,8,310898,31153
Navarra,Eratsun,31,090,2,310902,31748
Navarra,Ergoiena,31,091,9,310919,31829
Navarra,Erro,31,092,4,310924,31639
Navarra,Erro,31,092,4,310924,31694
Navarra,Erro,31,092,4,310924,31695
Navarra,Erro,31,092,4,310924,31696
Navarra,Erro,31,092,4,310924,31697
Navarra,Ezcároz/Ezkaroze,31,093,0,310930,31690
Navarra,Eslava,31,094,5,310945,31494
Navarra,Esparza de Salazar/Espartza Zaraitzu,31,095,8,310958,31453
Navarra,Espronceda,31,096,1,310961,31228
Navarra,Estella-Lizarra,31,097,7,310977,31200
Navarra,Esteribar,31,098,3,310983,31630
Navarra,Esteribar,31,098,3,310983,31638
Navarra,Esteribar,31,098,3,310983,31639
Navarra,Esteribar,31,098,3,310983,31698
Navarra,Esteribar,31,098,3,310983,31699
Navarra,Etayo,31,099,6,310996,31281
Navarra,Eulate,31,100,0,311000,31271
Navarra,Ezcabarte,31,101,7,311017,31194
Navarra,Ezcabarte,31,101,7,311017,31799
Navarra,Ezkurra,31,102,2,311022,31749
Navarra,Ezprogui,31,103,8,311038,31491
Navarra,Ezprogui,31,103,8,311038,31492
Navarra,Falces,31,104,3,311043,31370
Navarra,Fitero,31,105,6,311056,31593
Navarra,Fontellas,31,106,9,311069,31512
Navarra,Funes,31,107,5,311075,31360
Navarra,Fustiñana,31,108,1,311081,31510
Navarra,Galar,31,109,4,311094,31191
Navarra,Gallipienzo/Galipentzu,31,110,8,311108,31493
Navarra,Gallués/Galoze,31,111,5,311115,31451
Navarra,Garaioa,31,112,0,311120,31692
Navarra,Garde,31,113,6,311136,31414
Navarra,Garínoain,31,114,1,311141,31395
Navarra,Garralda,31,115,4,311154,31693
Navarra,Genevilla,31,116,7,311167,31227
Navarra,Goizueta,31,117,3,311173,31754
Navarra,Val de Goñi/Goñerri,31,118,9,311189,31172
Navarra,Güesa/Gorza,31,119,2,311192,31452
Navarra,Guesálaz/Gesalatz,31,120,6,311206,31175
Navarra,Guesálaz/Gesalatz,31,120,6,311206,31176
Navarra,Guesálaz/Gesalatz,31,120,6,311206,31291
Navarra,Guirguillano,31,121,3,311213,31174
Navarra,Guirguillano,31,121,3,311213,31291
Navarra,Huarte/Uharte,31,122,8,311228,31620
Navarra,Uharte Arakil,31,123,4,311234,31840
Navarra,Ibargoiti,31,124,9,311249,31472
Navarra,Ibargoiti,31,124,9,311249,31473
Navarra,Igúzquiza,31,125,2,311252,31241
Navarra,Igúzquiza,31,125,2,311252,31243
Navarra,Imotz,31,126,5,311265,31867
Navarra,Imotz,31,126,5,311265,31869
Navarra,Irañeta,31,127,1,311271,31849
Navarra,Isaba/Izaba,31,128,7,311287,31417
Navarra,Ituren,31,129,0,311290,31745
Navarra,Iturmendi,31,130,4,311304,31810
Navarra,Iza/Itza,31,131,1,311311,31170
Navarra,Iza/Itza,31,131,1,311311,31172
Navarra,Iza/Itza,31,131,1,311311,31867
Navarra,Iza/Itza,31,131,1,311311,31868
Navarra,Iza/Itza,31,131,1,311311,31892
Navarra,Izagaondoa,31,132,6,311326,31421
Navarra,Izalzu/Itzaltzu,31,133,2,311332,31689
Navarra,Jaurrieta,31,134,7,311347,31691
Navarra,Javier,31,135,0,311350,31409
Navarra,Javier,31,135,0,311350,31411
Navarra,Juslapeña/Txulapain,31,136,3,311363,31193
Navarra,Juslapeña/Txulapain,31,136,3,311363,31194
Navarra,Juslapeña/Txulapain,31,136,3,311363,31892
Navarra,Beintza-Labaien,31,137,9,311379,31753
Navarra,Lakuntza,31,138,5,311385,31830
Navarra,Lana,31,139,8,311398,31283
Navarra,Lantz,31,140,2,311402,31798
Navarra,Lapoblación,31,141,9,311419,31227
Navarra,Larraga,31,142,4,311424,31251
Navarra,Larraona,31,143,0,311430,31270
Navarra,Larraun,31,144,5,311445,31877
Navarra,Larraun,31,144,5,311445,31878
Navarra,Larraun,31,144,5,311445,31879
Navarra,Larraun,31,144,5,311445,31891
Navarra,Lazagurría,31,145,8,311458,31588
Navarra,Leache/Leatxe,31,146,1,311461,31460
Navarra,Legarda,31,147,7,311477,31133
Navarra,Legaria,31,148,3,311483,31281
Navarra,Leitza,31,149,6,311496,31880
Navarra,Leoz/Leotz,31,150,9,311509,31395
Navarra,Leoz/Leotz,31,150,9,311509,31495
Navarra,Lerga,31,151,6,311516,31494
Navarra,Lerín,31,152,1,311521,31260
Navarra,Lesaka,31,153,7,311537,31770
Navarra,Lezaun,31,154,2,311542,31177
Navarra,Liédena,31,155,5,311555,31487
Navarra,Lizoain-Arriasgoiti/Lizoainibar-Arriasgoiti,31,156,8,311568,31482
Navarra,Lizoain-Arriasgoiti/Lizoainibar-Arriasgoiti,31,156,8,311568,31483
Navarra,Lizoain-Arriasgoiti/Lizoainibar-Arriasgoiti,31,156,8,311568,31484
Navarra,Lizoain-Arriasgoiti/Lizoainibar-Arriasgoiti,31,156,8,311568,31485
Navarra,Lodosa,31,157,4,311574,31580
Navarra,Lónguida/Longida,31,158,0,311580,31438
Navarra,Lónguida/Longida,31,158,0,311580,31439
Navarra,Lónguida/Longida,31,158,0,311580,31481
Navarra,Lumbier,31,159,3,311593,31440
Navarra,Luquin,31,160,7,311607,31243
Navarra,Mañeru,31,161,4,311614,31130
Navarra,Marañón,31,162,9,311629,31227
Navarra,Marcilla,31,163,5,311635,31340
Navarra,Mélida,31,164,0,311640,31382
Navarra,Mendavia,31,165,3,311653,31587
Navarra,Mendaza,31,166,6,311666,31219
Navarra,Mendaza,31,166,6,311666,31282
Navarra,Mendigorria,31,167,2,311672,31150
Navarra,Metauten,31,168,8,311688,31241
Navarra,Milagro,31,169,1,311691,31320
Navarra,Mirafuentes,31,170,5,311705,31219
Navarra,Miranda de Arga,31,171,2,311712,31253
Navarra,Monreal/Elo,31,172,7,311727,31471
Navarra,Monteagudo,31,173,3,311733,31522
Navarra,Morentin,31,174,8,311748,31264
Navarra,Mues,31,175,1,311751,31219
Navarra,Murchante,31,176,4,311764,31521
Navarra,Murieta,31,177,0,311770,31280
Navarra,Murillo el Cuende,31,178,6,311786,31315
Navarra,Murillo el Cuende,31,178,6,311786,31383
Navarra,Murillo el Cuende,31,178,6,311786,31391
Navarra,Murillo el Fruto,31,179,9,311799,31313
Navarra,Muruzábal,31,180,3,311803,31152
Navarra,Navascués/Nabaskoze,31,181,0,311810,31450
Navarra,Navascués/Nabaskoze,31,181,0,311810,31451
Navarra,Navascués/Nabaskoze,31,181,0,311810,31454
Navarra,Nazar,31,182,5,311825,31282
Navarra,Obanos,31,183,1,311831,31151
Navarra,Oco,31,184,6,311846,31281
Navarra,Ochagavía/Otsagabia,31,185,9,311859,31680
Navarra,Odieta,31,186,2,311862,31799
Navarra,Odieta,31,186,2,311862,31867
Navarra,Oiz,31,187,8,311878,31751
Navarra,Olaibar,31,188,4,311884,31799
Navarra,Olazti/Olazagutía,31,189,7,311897,31809
Navarra,Olejua,31,190,1,311901,31281
Navarra,Olite/Erriberri,31,191,8,311918,31390
Navarra,Olóriz/Oloritz,31,192,3,311923,31395
Navarra,Olóriz/Oloritz,31,192,3,311923,31396
Navarra,Cendea de Olza/Oltza Zendea,31,193,9,311939,31170
Navarra,Cendea de Olza/Oltza Zendea,31,193,9,311939,31171
Navarra,Cendea de Olza/Oltza Zendea,31,193,9,311939,31173
Navarra,Valle de Ollo/Ollaran,31,194,4,311944,31172
Navarra,Orbaizeta,31,195,7,311957,31670
Navarra,Orbara,31,196,0,311960,31671
Navarra,Orísoain,31,197,6,311976,31395
Navarra,Oronz/Orontze,31,198,2,311982,31451
Navarra,Oroz-Betelu/Orotz-Betelu,31,199,5,311995,31439
Navarra,Oteiza,31,200,9,312009,31250
Navarra,Pamplona/Iruña,31,201,6,312016,31001
Navarra,Pamplona/Iruña,31,201,6,312016,31002
Navarra,Pamplona/Iruña,31,201,6,312016,31003
Navarra,Pamplona/Iruña,31,201,6,312016,31004
Navarra,Pamplona/Iruña,31,201,6,312016,31005
Navarra,Pamplona/Iruña,31,201,6,312016,31006
Navarra,Pamplona/Iruña,31,201,6,312016,31007
Navarra,Pamplona/Iruña,31,201,6,312016,31008
Navarra,Pamplona/Iruña,31,201,6,312016,31009
Navarra,Pamplona/Iruña,31,201,6,312016,31010
Navarra,Pamplona/Iruña,31,201,6,312016,31011
Navarra,Pamplona/Iruña,31,201,6,312016,31012
Navarra,Pamplona/Iruña,31,201,6,312016,31014
Navarra,Pamplona/Iruña,31,201,6,312016,31015
Navarra,Pamplona/Iruña,31,201,6,312016,31016
Navarra,Peralta/Azkoien,31,202,1,312021,31350
Navarra,Petilla de Aragón,31,203,7,312037,50686
Navarra,Piedramillera,31,204,2,312042,31219
Navarra,Pitillas,31,205,5,312055,31392
Navarra,Puente la Reina/Gares,31,206,8,312068,31100
Navarra,Pueyo/Puiu,31,207,4,312074,31394
Navarra,Ribaforada,31,208,0,312080,31550
Navarra,Romanzado/Erromantzatua,31,209,3,312093,31454
Navarra,Roncal/Erronkari,31,210,7,312107,31415
Navarra,Orreaga/Roncesvalles,31,211,4,312114,31650
Navarra,Sada,31,212,9,312129,31491
Navarra,Saldías,31,213,5,312135,31747
Navarra,Salinas de Oro/Jaitz,31,214,0,312140,31175
Navarra,San Adrián,31,215,3,312153,31570
Navarra,Sangüesa/Zangoza,31,216,6,312166,31400
Navarra,Sangüesa/Zangoza,31,216,6,312166,31409
Navarra,San Martín de Unx,31,217,2,312172,31495
Navarra,Sansol,31,219,1,312191,31220
Navarra,Santacara,31,220,5,312205,31314
Navarra,Doneztebe/Santesteban,31,221,2,312212,31740
Navarra,Sarriés/Sartze,31,222,7,312227,31451
Navarra,Sartaguda,31,223,3,312233,31589
Navarra,Sesma,31,224,8,312248,31293
Navarra,Sorlada,31,225,1,312251,31219
Navarra,Sunbilla,31,226,4,312264,31791
Navarra,Tafalla,31,227,0,312270,31300
Navarra,Tiebas-Muruarte de Reta,31,228,6,312286,31397
Navarra,Tiebas-Muruarte de Reta,31,228,6,312286,31398
Navarra,Tirapu,31,229,9,312299,31154
Navarra,Torralba del Río,31,230,3,312303,31219
Navarra,Torralba del Río,31,230,3,312303,31228
Navarra,Torres del Río,31,231,0,312310,31229
Navarra,Tudela,31,232,5,312325,31500
Navarra,Tulebras,31,233,1,312331,31522
Navarra,Ucar,31,234,6,312346,31154
Navarra,Ujué/Uxue,31,235,9,312359,31496
Navarra,Ultzama,31,236,2,312362,31797
Navarra,Ultzama,31,236,2,312362,31799
Navarra,Unciti,31,237,8,312378,31422
Navarra,Unciti,31,237,8,312378,31472
Navarra,Unzué/Untzue,31,238,4,312384,31396
Navarra,Urdazubi/Urdax,31,239,7,312397,31711
Navarra,Urdazubi/Urdax,31,239,7,312397,31712
Navarra,Urdiain,31,240,1,312401,31810
Navarra,Urraul Alto,31,241,8,312418,31448
Navarra,Urraul Alto,31,241,8,312418,31454
Navarra,Urraul Bajo,31,242,3,312423,31448
Navarra,Urraul Bajo,31,242,3,312423,31449
Navarra,Urraul Bajo,31,242,3,312423,31480
Navarra,Urroz-Villa,31,243,9,312439,31420
Navarra,Urroz,31,244,4,312444,31752
Navarra,Urzainqui/Urzainki,31,245,7,312457,31416
Navarra,Uterga,31,246,0,312460,31133
Navarra,Uztárroz/Uztarroze,31,247,6,312476,31418
Navarra,Luzaide/Valcarlos,31,248,2,312482,31660
Navarra,Valtierra,31,249,5,312495,31514
Navarra,Bera,31,250,8,312508,31780
Navarra,Bera,31,250,8,312508,31789
Navarra,Viana,31,251,5,312515,31230
Navarra,Vidángoz/Bidankoze,31,252,0,312520,31413
Navarra,Bidaurreta,31,253,6,312536,31174
Navarra,Villafranca,31,254,1,312541,31330
Navarra,Villamayor de Monjardín,31,255,4,312554,31242
Navarra,Hiriberri/Villanueva de Aezkoa,31,256,7,312567,31671
Navarra,Villatuerta,31,257,3,312573,31132
Navarra,Villava/Atarrabia,31,258,9,312589,31610
Navarra,Igantzi,31,259,2,312592,31790
Navarra,Valle de Yerri/Deierri,31,260,6,312606,31176
Navarra,Valle de Yerri/Deierri,31,260,6,312606,31177
Navarra,Valle de Yerri/Deierri,31,260,6,312606,31179
Navarra,Valle de Yerri/Deierri,31,260,6,312606,31290
Navarra,Valle de Yerri/Deierri,31,260,6,312606,31292
Navarra,Yesa,31,261,3,312613,31410
Navarra,Zabalza/Zabaltza,31,262,8,312628,31174
Navarra,Zubieta,31,263,4,312634,31746
Navarra,Zugarramurdi,31,264,9,312649,31710
Navarra,Zúñiga,31,265,2,312652,31284
Navarra,Barañáin/Barañain,31,901,9,319019,31010
Navarra,Berrioplano/Berriobeiti,31,902,4,319024,31013
Navarra,Berrioplano/Berriobeiti,31,902,4,319024,31195
Navarra,Berriozar,31,903,0,319030,31013
Navarra,Irurtzun,31,904,5,319045,31860
Navarra,Beriáin,31,905,8,319058,31191
Navarra,Orkoien,31,906,1,319061,31160
Navarra,Zizur Mayor/Zizur Nagusia,31,907,7,319077,31180
Navarra,Lekunberri,31,908,3,319083,31870
Ourense,Allariz,32,001,3,320013,32660
Ourense,Allariz,32,001,3,320013,32664
Ourense,Allariz,32,001,3,320013,32665
Ourense,Allariz,32,001,3,320013,32666
Ourense,Allariz,32,001,3,320013,32667
Ourense,Allariz,32,001,3,320013,32668
Ourense,Allariz,32,001,3,320013,32669
Ourense,Amoeiro,32,002,8,320028,32170
Ourense,Amoeiro,32,002,8,320028,32172
Ourense,Amoeiro,32,002,8,320028,32980
Ourense,"Arnoia, A",32,003,4,320034,32417
Ourense,Avión,32,004,9,320049,32520
Ourense,Baltar,32,005,2,320052,32632
Ourense,Baltar,32,005,2,320052,32633
Ourense,Baltar,32,005,2,320052,32646
Ourense,Bande,32,006,5,320065,32840
Ourense,Bande,32,006,5,320065,32846
Ourense,Bande,32,006,5,320065,32847
Ourense,Bande,32,006,5,320065,32848
Ourense,Bande,32,006,5,320065,32849
Ourense,Baños de Molgas,32,007,1,320071,32701
Ourense,Baños de Molgas,32,007,1,320071,32704
Ourense,Barbadás,32,008,7,320087,32002
Ourense,Barbadás,32,008,7,320087,32005
Ourense,Barbadás,32,008,7,320087,32890
Ourense,Barbadás,32,008,7,320087,32930
Ourense,"Barco de Valdeorras, O",32,009,0,320090,32300
Ourense,"Barco de Valdeorras, O",32,009,0,320090,32314
Ourense,"Barco de Valdeorras, O",32,009,0,320090,32315
Ourense,"Barco de Valdeorras, O",32,009,0,320090,32317
Ourense,"Barco de Valdeorras, O",32,009,0,320090,32318
Ourense,"Barco de Valdeorras, O",32,009,0,320090,32336
Ourense,Beade,32,010,4,320104,32431
Ourense,Beade,32,010,4,320104,32432
Ourense,Beariz,32,011,1,320111,32525
Ourense,"Blancos, Os",32,012,6,320126,32632
Ourense,"Blancos, Os",32,012,6,320126,32634
Ourense,Boborás,32,013,2,320132,32512
Ourense,Boborás,32,013,2,320132,32514
Ourense,Boborás,32,013,2,320132,32520
Ourense,Boborás,32,013,2,320132,32521
Ourense,Boborás,32,013,2,320132,32522
Ourense,Boborás,32,013,2,320132,32523
Ourense,Boborás,32,013,2,320132,32526
Ourense,"Bola, A",32,014,7,320147,32812
Ourense,"Bolo, O",32,015,0,320150,32357
Ourense,"Bolo, O",32,015,0,320150,32372
Ourense,"Bolo, O",32,015,0,320150,32373
Ourense,"Bolo, O",32,015,0,320150,32375
Ourense,Calvos de Randín,32,016,3,320163,32644
Ourense,Calvos de Randín,32,016,3,320163,32646
Ourense,Calvos de Randín,32,016,3,320163,32648
Ourense,Carballeda de Valdeorras,32,017,9,320179,32330
Ourense,Carballeda de Valdeorras,32,017,9,320179,32334
Ourense,Carballeda de Valdeorras,32,017,9,320179,32336
Ourense,Carballeda de Valdeorras,32,017,9,320179,32337
Ourense,Carballeda de Valdeorras,32,017,9,320179,32338
Ourense,Carballeda de Avia,32,018,5,320185,32412
Ourense,Carballeda de Avia,32,018,5,320185,32413
Ourense,Carballeda de Avia,32,018,5,320185,32433
Ourense,"Carballiño, O",32,019,8,320198,32500
Ourense,"Carballiño, O",32,019,8,320198,32510
Ourense,"Carballiño, O",32,019,8,320198,32515
Ourense,"Carballiño, O",32,019,8,320198,32516
Ourense,"Carballiño, O",32,019,8,320198,32534
Ourense,Cartelle,32,020,2,320202,32820
Ourense,Cartelle,32,020,2,320202,32821
Ourense,Cartelle,32,020,2,320202,32823
Ourense,Cartelle,32,020,2,320202,32824
Ourense,Cartelle,32,020,2,320202,32825
Ourense,Cartelle,32,020,2,320202,32826
Ourense,Castrelo do Val,32,021,9,320219,32611
Ourense,Castrelo do Val,32,021,9,320219,32612
Ourense,Castrelo do Val,32,021,9,320219,32624
Ourense,Castrelo do Val,32,021,9,320219,32625
Ourense,Castrelo do Val,32,021,9,320219,32626
Ourense,Castrelo de Miño,32,022,4,320224,32430
Ourense,Castro Caldelas,32,023,0,320230,32760
Ourense,Castro Caldelas,32,023,0,320230,32764
Ourense,Castro Caldelas,32,023,0,320230,32766
Ourense,Castro Caldelas,32,023,0,320230,32769
Ourense,Castro Caldelas,32,023,0,320230,32794
Ourense,Celanova,32,024,5,320245,32800
Ourense,Celanova,32,024,5,320245,32815
Ourense,Celanova,32,024,5,320245,32816
Ourense,Celanova,32,024,5,320245,32817
Ourense,Celanova,32,024,5,320245,32828
Ourense,Cenlle,32,025,8,320258,32450
Ourense,Cenlle,32,025,8,320258,32454
Ourense,Cenlle,32,025,8,320258,32459
Ourense,Coles,32,026,1,320261,32100
Ourense,Coles,32,026,1,320261,32152
Ourense,Coles,32,026,1,320261,32153
Ourense,Coles,32,026,1,320261,32950
Ourense,Cortegada,32,027,7,320277,32200
Ourense,Cortegada,32,027,7,320277,32211
Ourense,Cortegada,32,027,7,320277,32213
Ourense,Cualedro,32,028,3,320283,32680
Ourense,Cualedro,32,028,3,320283,32688
Ourense,Cualedro,32,028,3,320283,32689
Ourense,Chandrexa de Queixa,32,029,6,320296,32767
Ourense,Chandrexa de Queixa,32,029,6,320296,32768
Ourense,Chandrexa de Queixa,32,029,6,320296,32786
Ourense,Chandrexa de Queixa,32,029,6,320296,32787
Ourense,Chandrexa de Queixa,32,029,6,320296,32794
Ourense,Entrimo,32,030,0,320300,32860
Ourense,Entrimo,32,030,0,320300,32868
Ourense,Entrimo,32,030,0,320300,32869
Ourense,Esgos,32,031,7,320317,32720
Ourense,Xinzo de Limia,32,032,2,320322,32630
Ourense,Xinzo de Limia,32,032,2,320322,32631
Ourense,Xinzo de Limia,32,032,2,320322,32632
Ourense,Xinzo de Limia,32,032,2,320322,32635
Ourense,Xinzo de Limia,32,032,2,320322,32636
Ourense,Xinzo de Limia,32,032,2,320322,32637
Ourense,Xinzo de Limia,32,032,2,320322,32640
Ourense,Gomesende,32,033,8,320338,32212
Ourense,"Gudiña, A",32,034,3,320343,32540
Ourense,"Gudiña, A",32,034,3,320343,32545
Ourense,"Gudiña, A",32,034,3,320343,32546
Ourense,"Gudiña, A",32,034,3,320343,32547
Ourense,"Irixo, O",32,035,6,320356,32530
Ourense,"Irixo, O",32,035,6,320356,32536
Ourense,"Irixo, O",32,035,6,320356,32537
Ourense,"Irixo, O",32,035,6,320356,32539
Ourense,Xunqueira de Ambía,32,036,9,320369,32670
Ourense,Xunqueira de Ambía,32,036,9,320369,32678
Ourense,Xunqueira de Ambía,32,036,9,320369,32679
Ourense,Xunqueira de Espadanedo,32,037,5,320375,32708
Ourense,Xunqueira de Espadanedo,32,037,5,320375,32730
Ourense,Larouco,32,038,1,320381,32357
Ourense,Larouco,32,038,1,320381,32358
Ourense,Larouco,32,038,1,320381,32370
Ourense,Larouco,32,038,1,320381,32371
Ourense,Laza,32,039,4,320394,32620
Ourense,Laza,32,039,4,320394,32621
Ourense,Laza,32,039,4,320394,32622
Ourense,Leiro,32,040,8,320408,32419
Ourense,Leiro,32,040,8,320408,32420
Ourense,Leiro,32,040,8,320408,32425
Ourense,Leiro,32,040,8,320408,32426
Ourense,Leiro,32,040,8,320408,32428
Ourense,Leiro,32,040,8,320408,32429
Ourense,Lobeira,32,041,5,320415,32846
Ourense,Lobeira,32,041,5,320415,32850
Ourense,Lobeira,32,041,5,320415,32858
Ourense,Lobeira,32,041,5,320415,32859
Ourense,Lobeira,32,041,5,320415,32897
Ourense,Lobios,32,042,0,320420,32869
Ourense,Lobios,32,042,0,320420,32870
Ourense,Lobios,32,042,0,320420,32879
Ourense,Lobios,32,042,0,320420,32892
Ourense,Lobios,32,042,0,320420,32895
Ourense,Maceda,32,043,6,320436,32700
Ourense,Maceda,32,043,6,320436,32703
Ourense,Maceda,32,043,6,320436,32706
Ourense,Maceda,32,043,6,320436,32707
Ourense,Maceda,32,043,6,320436,32708
Ourense,Maceda,32,043,6,320436,32740
Ourense,Maceda,32,043,6,320436,32748
Ourense,Manzaneda,32,044,1,320441,32385
Ourense,Manzaneda,32,044,1,320441,32781
Ourense,Manzaneda,32,044,1,320441,32782
Ourense,Manzaneda,32,044,1,320441,32784
Ourense,Manzaneda,32,044,1,320441,32785
Ourense,Maside,32,045,4,320454,32570
Ourense,Maside,32,045,4,320454,32573
Ourense,Maside,32,045,4,320454,32574
Ourense,Maside,32,045,4,320454,32575
Ourense,Maside,32,045,4,320454,32577
Ourense,Melón,32,046,7,320467,32410
Ourense,Melón,32,046,7,320467,32411
Ourense,"Merca, A",32,047,3,320473,32830
Ourense,"Merca, A",32,047,3,320473,32838
Ourense,"Merca, A",32,047,3,320473,32839
Ourense,"Mezquita, A",32,048,9,320489,32548
Ourense,"Mezquita, A",32,048,9,320489,32549
Ourense,Montederramo,32,049,2,320492,32750
Ourense,Montederramo,32,049,2,320492,32751
Ourense,Montederramo,32,049,2,320492,32769
Ourense,Montederramo,32,049,2,320492,32790
Ourense,Monterrei,32,050,5,320505,32618
Ourense,Monterrei,32,050,5,320505,32624
Ourense,Muíños,32,051,2,320512,32880
Ourense,Muíños,32,051,2,320512,32896
Ourense,Muíños,32,051,2,320512,32898
Ourense,Muíños,32,051,2,320512,32899
Ourense,Nogueira de Ramuín,32,052,7,320527,32160
Ourense,Nogueira de Ramuín,32,052,7,320527,32161
Ourense,Nogueira de Ramuín,32,052,7,320527,32164
Ourense,Nogueira de Ramuín,32,052,7,320527,32448
Ourense,Oímbra,32,053,3,320533,32613
Ourense,Oímbra,32,053,3,320533,32698
Ourense,Ourense,32,054,8,320548,32001
Ourense,Ourense,32,054,8,320548,32002
Ourense,Ourense,32,054,8,320548,32003
Ourense,Ourense,32,054,8,320548,32004
Ourense,Ourense,32,054,8,320548,32005
Ourense,Ourense,32,054,8,320548,32103
Ourense,Ourense,32,054,8,320548,32172
Ourense,Ourense,32,054,8,320548,32960
Ourense,Ourense,32,054,8,320548,32970
Ourense,Ourense,32,054,8,320548,32971
Ourense,Ourense,32,054,8,320548,32980
Ourense,Ourense,32,054,8,320548,32981
Ourense,Ourense,32,054,8,320548,32990
Ourense,Paderne de Allariz,32,055,1,320551,32111
Ourense,Paderne de Allariz,32,055,1,320551,32112
Ourense,Padrenda,32,056,4,320564,32226
Ourense,Padrenda,32,056,4,320564,32227
Ourense,Padrenda,32,056,4,320564,32228
Ourense,Padrenda,32,056,4,320564,32229
Ourense,Padrenda,32,056,4,320564,32236
Ourense,Parada de Sil,32,057,0,320570,32740
Ourense,Parada de Sil,32,057,0,320570,32747
Ourense,Parada de Sil,32,057,0,320570,32748
Ourense,Parada de Sil,32,057,0,320570,32749
Ourense,"Pereiro de Aguiar, O",32,058,6,320586,32710
Ourense,"Pereiro de Aguiar, O",32,058,6,320586,32711
Ourense,"Pereiro de Aguiar, O",32,058,6,320586,32792
Ourense,"Pereiro de Aguiar, O",32,058,6,320586,32793
Ourense,"Peroxa, A",32,059,9,320599,32120
Ourense,"Peroxa, A",32,059,9,320599,32150
Ourense,"Peroxa, A",32,059,9,320599,32151
Ourense,"Peroxa, A",32,059,9,320599,32153
Ourense,"Peroxa, A",32,059,9,320599,32440
Ourense,"Peroxa, A",32,059,9,320599,32449
Ourense,Petín,32,060,3,320603,32356
Ourense,Petín,32,060,3,320603,32357
Ourense,Petín,32,060,3,320603,32370
Ourense,Petín,32,060,3,320603,32371
Ourense,Piñor,32,061,0,320610,32135
Ourense,Piñor,32,061,0,320610,32137
Ourense,Piñor,32,061,0,320610,32138
Ourense,Porqueira,32,062,5,320625,32641
Ourense,Porqueira,32,062,5,320625,32643
Ourense,Porqueira,32,062,5,320625,32644
Ourense,Porqueira,32,062,5,320625,32645
Ourense,"Pobra de Trives, A",32,063,1,320631,32780
Ourense,"Pobra de Trives, A",32,063,1,320631,32782
Ourense,"Pobra de Trives, A",32,063,1,320631,32787
Ourense,"Pobra de Trives, A",32,063,1,320631,32788
Ourense,"Pobra de Trives, A",32,063,1,320631,32789
Ourense,Pontedeva,32,064,6,320646,32235
Ourense,Punxín,32,065,9,320659,32452
Ourense,Punxín,32,065,9,320659,32456
Ourense,Punxín,32,065,9,320659,32457
Ourense,Quintela de Leirado,32,066,2,320662,32814
Ourense,Rairiz de Veiga,32,067,8,320678,32652
Ourense,Rairiz de Veiga,32,067,8,320678,32654
Ourense,Rairiz de Veiga,32,067,8,320678,32655
Ourense,Ramirás,32,068,4,320684,32810
Ourense,Ramirás,32,068,4,320684,32811
Ourense,Ribadavia,32,069,7,320697,32400
Ourense,Ribadavia,32,069,7,320697,32415
Ourense,Ribadavia,32,069,7,320697,32416
Ourense,Ribadavia,32,069,7,320697,32418
Ourense,San Xoán de Río,32,070,1,320701,32770
Ourense,San Xoán de Río,32,070,1,320701,32779
Ourense,San Xoán de Río,32,070,1,320701,32794
Ourense,Riós,32,071,8,320718,32610
Ourense,Riós,32,071,8,320718,32611
Ourense,Riós,32,071,8,320718,32612
Ourense,"Rúa, A",32,072,3,320723,32350
Ourense,"Rúa, A",32,072,3,320723,32357
Ourense,Rubiá,32,073,9,320739,32310
Ourense,Rubiá,32,073,9,320739,32311
Ourense,Rubiá,32,073,9,320739,32312
Ourense,Rubiá,32,073,9,320739,32320
Ourense,Rubiá,32,073,9,320739,32329
Ourense,San Amaro,32,074,4,320744,32453
Ourense,San Amaro,32,074,4,320744,32455
Ourense,San Cibrao das Viñas,32,075,7,320757,32900
Ourense,San Cibrao das Viñas,32,075,7,320757,32901
Ourense,San Cibrao das Viñas,32,075,7,320757,32910
Ourense,San Cibrao das Viñas,32,075,7,320757,32911
Ourense,San Cristovo de Cea,32,076,0,320760,32130
Ourense,San Cristovo de Cea,32,076,0,320760,32136
Ourense,San Cristovo de Cea,32,076,0,320760,32139
Ourense,San Cristovo de Cea,32,076,0,320760,32141
Ourense,Sandiás,32,077,6,320776,32692
Ourense,Sandiás,32,077,6,320776,32693
Ourense,Sarreaus,32,078,2,320782,32631
Ourense,Sarreaus,32,078,2,320782,32636
Ourense,Sarreaus,32,078,2,320782,32696
Ourense,Taboadela,32,079,5,320795,32690
Ourense,Taboadela,32,079,5,320795,32691
Ourense,"Teixeira, A",32,080,9,320809,32764
Ourense,"Teixeira, A",32,080,9,320809,32765
Ourense,Toén,32,081,6,320816,32920
Ourense,Toén,32,081,6,320816,32930
Ourense,Toén,32,081,6,320816,32940
Ourense,Trasmiras,32,082,1,320821,32695
Ourense,Trasmiras,32,082,1,320821,32696
Ourense,"Veiga, A",32,083,7,320837,32357
Ourense,"Veiga, A",32,083,7,320837,32360
Ourense,"Veiga, A",32,083,7,320837,32365
Ourense,"Veiga, A",32,083,7,320837,32366
Ourense,"Veiga, A",32,083,7,320837,32368
Ourense,"Veiga, A",32,083,7,320837,32369
Ourense,Verea,32,084,2,320842,32813
Ourense,Verín,32,085,5,320855,32600
Ourense,Verín,32,085,5,320855,32612
Ourense,Verín,32,085,5,320855,32615
Ourense,Verín,32,085,5,320855,32619
Ourense,Verín,32,085,5,320855,32622
Ourense,Verín,32,085,5,320855,32627
Ourense,Verín,32,085,5,320855,32697
Ourense,Verín,32,085,5,320855,32698
Ourense,Verín,32,085,5,320855,32699
Ourense,Viana do Bolo,32,086,8,320868,32550
Ourense,Viana do Bolo,32,086,8,320868,32554
Ourense,Viana do Bolo,32,086,8,320868,32555
Ourense,Viana do Bolo,32,086,8,320868,32556
Ourense,Viana do Bolo,32,086,8,320868,32557
Ourense,Viana do Bolo,32,086,8,320868,32558
Ourense,Viana do Bolo,32,086,8,320868,32560
Ourense,Viana do Bolo,32,086,8,320868,32562
Ourense,Viana do Bolo,32,086,8,320868,32563
Ourense,Vilamarín,32,087,4,320874,32101
Ourense,Vilamarín,32,087,4,320874,32102
Ourense,Vilamarín,32,087,4,320874,32120
Ourense,Vilamarín,32,087,4,320874,32140
Ourense,Vilamarín,32,087,4,320874,32141
Ourense,Vilamartín de Valdeorras,32,088,0,320880,32340
Ourense,Vilamartín de Valdeorras,32,088,0,320880,32348
Ourense,Vilar de Barrio,32,089,3,320893,32702
Ourense,Vilar de Barrio,32,089,3,320893,32705
Ourense,Vilar de Santos,32,090,7,320907,32650
Ourense,Vilar de Santos,32,090,7,320907,32651
Ourense,Vilardevós,32,091,4,320914,32611
Ourense,Vilardevós,32,091,4,320914,32616
Ourense,Vilardevós,32,091,4,320914,32617
Ourense,Vilariño de Conso,32,092,9,320929,32547
Ourense,Vilariño de Conso,32,092,9,320929,32557
Asturias,Allande,33,001,9,330019,33815
Asturias,Allande,33,001,9,330019,33880
Asturias,Allande,33,001,9,330019,33885
Asturias,Allande,33,001,9,330019,33887
Asturias,Allande,33,001,9,330019,33888
Asturias,Allande,33,001,9,330019,33889
Asturias,Allande,33,001,9,330019,33890
Asturias,Aller,33,002,4,330024,33670
Asturias,Aller,33,002,4,330024,33675
Asturias,Aller,33,002,4,330024,33676
Asturias,Aller,33,002,4,330024,33677
Asturias,Aller,33,002,4,330024,33678
Asturias,Aller,33,002,4,330024,33679
Asturias,Aller,33,002,4,330024,33680
Asturias,Aller,33,002,4,330024,33681
Asturias,Aller,33,002,4,330024,33684
Asturias,Aller,33,002,4,330024,33685
Asturias,Aller,33,002,4,330024,33686
Asturias,Aller,33,002,4,330024,33687
Asturias,Aller,33,002,4,330024,33688
Asturias,Amieva,33,003,0,330030,33557
Asturias,Amieva,33,003,0,330030,33558
Asturias,Avilés,33,004,5,330045,33401
Asturias,Avilés,33,004,5,330045,33402
Asturias,Avilés,33,004,5,330045,33403
Asturias,Avilés,33,004,5,330045,33410
Asturias,Avilés,33,004,5,330045,33417
Asturias,Avilés,33,004,5,330045,33460
Asturias,Avilés,33,004,5,330045,33470
Asturias,Avilés,33,004,5,330045,33490
Asturias,Belmonte de Miranda,33,005,8,330058,33830
Asturias,Belmonte de Miranda,33,005,8,330058,33836
Asturias,Belmonte de Miranda,33,005,8,330058,33839
Asturias,Belmonte de Miranda,33,005,8,330058,33843
Asturias,Belmonte de Miranda,33,005,8,330058,33844
Asturias,Belmonte de Miranda,33,005,8,330058,33845
Asturias,Belmonte de Miranda,33,005,8,330058,33846
Asturias,Bimenes,33,006,1,330061,33527
Asturias,Bimenes,33,006,1,330061,33528
Asturias,Boal,33,007,7,330077,33720
Asturias,Boal,33,007,7,330077,33725
Asturias,Boal,33,007,7,330077,33726
Asturias,Boal,33,007,7,330077,33727
Asturias,Boal,33,007,7,330077,33728
Asturias,Boal,33,007,7,330077,33729
Asturias,Boal,33,007,7,330077,33731
Asturias,Boal,33,007,7,330077,33756
Asturias,Boal,33,007,7,330077,33798
Asturias,Cabrales,33,008,3,330083,33554
Asturias,Cabrales,33,008,3,330083,33555
Asturias,Cabranes,33,009,6,330096,33310
Asturias,Cabranes,33,009,6,330096,33529
Asturias,Candamo,33,010,0,330100,33456
Asturias,Candamo,33,010,0,330100,33828
Asturias,Candamo,33,010,0,330100,33829
Asturias,Cangas del Narcea,33,011,7,330117,33800
Asturias,Cangas del Narcea,33,011,7,330117,33811
Asturias,Cangas del Narcea,33,011,7,330117,33813
Asturias,Cangas del Narcea,33,011,7,330117,33814
Asturias,Cangas del Narcea,33,011,7,330117,33815
Asturias,Cangas del Narcea,33,011,7,330117,33816
Asturias,Cangas del Narcea,33,011,7,330117,33817
Asturias,Cangas del Narcea,33,011,7,330117,33818
Asturias,Cangas del Narcea,33,011,7,330117,33819
Asturias,Cangas de Onís,33,012,2,330122,33547
Asturias,Cangas de Onís,33,012,2,330122,33550
Asturias,Cangas de Onís,33,012,2,330122,33556
Asturias,Cangas de Onís,33,012,2,330122,33559
Asturias,Cangas de Onís,33,012,2,330122,33589
Asturias,Caravia,33,013,8,330138,33343
Asturias,Caravia,33,013,8,330138,33344
Asturias,Carreño,33,014,3,330143,33430
Asturias,Carreño,33,014,3,330143,33438
Asturias,Carreño,33,014,3,330143,33439
Asturias,Carreño,33,014,3,330143,33469
Asturias,Carreño,33,014,3,330143,33491
Asturias,Carreño,33,014,3,330143,33492
Asturias,Caso,33,015,6,330156,33990
Asturias,Caso,33,015,6,330156,33994
Asturias,Caso,33,015,6,330156,33995
Asturias,Caso,33,015,6,330156,33996
Asturias,Caso,33,015,6,330156,33997
Asturias,Castrillón,33,016,9,330169,33401
Asturias,Castrillón,33,016,9,330169,33405
Asturias,Castrillón,33,016,9,330169,33410
Asturias,Castrillón,33,016,9,330169,33412
Asturias,Castrillón,33,016,9,330169,33417
Asturias,Castrillón,33,016,9,330169,33450
Asturias,Castrillón,33,016,9,330169,33456
Asturias,Castrillón,33,016,9,330169,33457
Asturias,Castrillón,33,016,9,330169,33459
Asturias,Castropol,33,017,5,330175,33760
Asturias,Castropol,33,017,5,330175,33768
Asturias,Castropol,33,017,5,330175,33769
Asturias,Castropol,33,017,5,330175,33778
Asturias,Castropol,33,017,5,330175,33794
Asturias,Coaña,33,018,1,330181,33179
Asturias,Coaña,33,018,1,330181,33710
Asturias,Coaña,33,018,1,330181,33716
Asturias,Coaña,33,018,1,330181,33718
Asturias,Coaña,33,018,1,330181,33719
Asturias,Coaña,33,018,1,330181,33726
Asturias,Coaña,33,018,1,330181,33795
Asturias,Coaña,33,018,1,330181,33796
Asturias,Colunga,33,019,4,330194,33320
Asturias,Colunga,33,019,4,330194,33324
Asturias,Colunga,33,019,4,330194,33325
Asturias,Colunga,33,019,4,330194,33326
Asturias,Colunga,33,019,4,330194,33327
Asturias,Colunga,33,019,4,330194,33328
Asturias,Colunga,33,019,4,330194,33329
Asturias,Colunga,33,019,4,330194,33330
Asturias,Colunga,33,019,4,330194,33340
Asturias,Colunga,33,019,4,330194,33341
Asturias,Colunga,33,019,4,330194,33342
Asturias,Corvera de Asturias,33,020,8,330208,33404
Asturias,Corvera de Asturias,33,020,8,330208,33412
Asturias,Corvera de Asturias,33,020,8,330208,33416
Asturias,Corvera de Asturias,33,020,8,330208,33468
Asturias,Corvera de Asturias,33,020,8,330208,33470
Asturias,Cudillero,33,021,5,330215,33150
Asturias,Cudillero,33,021,5,330215,33154
Asturias,Cudillero,33,021,5,330215,33155
Asturias,Cudillero,33,021,5,330215,33156
Asturias,Cudillero,33,021,5,330215,33157
Asturias,Cudillero,33,021,5,330215,33158
Asturias,Cudillero,33,021,5,330215,33159
Asturias,Cudillero,33,021,5,330215,33519
Asturias,Degaña,33,022,0,330220,33812
Asturias,"Franco, El",33,023,6,330236,33746
Asturias,"Franco, El",33,023,6,330236,33750
Asturias,"Franco, El",33,023,6,330236,33757
Asturias,"Franco, El",33,023,6,330236,33758
Asturias,"Franco, El",33,023,6,330236,33759
Asturias,Gijón,33,024,1,330241,33201
Asturias,Gijón,33,024,1,330241,33202
Asturias,Gijón,33,024,1,330241,33203
Asturias,Gijón,33,024,1,330241,33204
Asturias,Gijón,33,024,1,330241,33205
Asturias,Gijón,33,024,1,330241,33206
Asturias,Gijón,33,024,1,330241,33207
Asturias,Gijón,33,024,1,330241,33208
Asturias,Gijón,33,024,1,330241,33209
Asturias,Gijón,33,024,1,330241,33210
Asturias,Gijón,33,024,1,330241,33211
Asturias,Gijón,33,024,1,330241,33212
Asturias,Gijón,33,024,1,330241,33213
Asturias,Gijón,33,024,1,330241,33290
Asturias,Gijón,33,024,1,330241,33299
Asturias,Gijón,33,024,1,330241,33350
Asturias,Gijón,33,024,1,330241,33390
Asturias,Gijón,33,024,1,330241,33391
Asturias,Gijón,33,024,1,330241,33392
Asturias,Gijón,33,024,1,330241,33393
Asturias,Gijón,33,024,1,330241,33394
Asturias,Gijón,33,024,1,330241,33691
Asturias,Gijón,33,024,1,330241,33697
Asturias,Gozón,33,025,4,330254,33418
Asturias,Gozón,33,025,4,330254,33440
Asturias,Gozón,33,025,4,330254,33448
Asturias,Gozón,33,025,4,330254,33449
Asturias,Gozón,33,025,4,330254,33490
Asturias,Grado,33,026,7,330267,33119
Asturias,Grado,33,026,7,330267,33820
Asturias,Grado,33,026,7,330267,33825
Asturias,Grado,33,026,7,330267,33826
Asturias,Grado,33,026,7,330267,33827
Asturias,Grado,33,026,7,330267,33829
Asturias,Grandas de Salime,33,027,3,330273,33730
Asturias,Ibias,33,028,9,330289,33810
Asturias,Ibias,33,028,9,330289,33811
Asturias,Ibias,33,028,9,330289,33812
Asturias,Illano,33,029,2,330292,33733
Asturias,Illano,33,029,2,330292,33734
Asturias,Illas,33,030,6,330306,33411
Asturias,Illas,33,030,6,330306,33412
Asturias,Illas,33,030,6,330306,33414
Asturias,Langreo,33,031,3,330313,33900
Asturias,Langreo,33,031,3,330313,33909
Asturias,Langreo,33,031,3,330313,33920
Asturias,Langreo,33,031,3,330313,33929
Asturias,Langreo,33,031,3,330313,33930
Asturias,Langreo,33,031,3,330313,33934
Asturias,Langreo,33,031,3,330313,33935
Asturias,Langreo,33,031,3,330313,33939
Asturias,Langreo,33,031,3,330313,33949
Asturias,Laviana,33,032,8,330328,33970
Asturias,Laviana,33,032,8,330328,33979
Asturias,Laviana,33,032,8,330328,33980
Asturias,Laviana,33,032,8,330328,33986
Asturias,Laviana,33,032,8,330328,33987
Asturias,Laviana,33,032,8,330328,33989
Asturias,Laviana,33,032,8,330328,33991
Asturias,Laviana,33,032,8,330328,33992
Asturias,Lena,33,033,4,330334,33620
Asturias,Lena,33,033,4,330334,33628
Asturias,Lena,33,033,4,330334,33629
Asturias,Lena,33,033,4,330334,33630
Asturias,Lena,33,033,4,330334,33637
Asturias,Lena,33,033,4,330334,33638
Asturias,Lena,33,033,4,330334,33639
Asturias,Lena,33,033,4,330334,33693
Asturias,Lena,33,033,4,330334,33694
Asturias,Lena,33,033,4,330334,33695
Asturias,Valdés,33,034,9,330349,33700
Asturias,Valdés,33,034,9,330349,33707
Asturias,Valdés,33,034,9,330349,33708
Asturias,Valdés,33,034,9,330349,33709
Asturias,Valdés,33,034,9,330349,33780
Asturias,Valdés,33,034,9,330349,33782
Asturias,Valdés,33,034,9,330349,33783
Asturias,Valdés,33,034,9,330349,33784
Asturias,Valdés,33,034,9,330349,33785
Asturias,Valdés,33,034,9,330349,33787
Asturias,Valdés,33,034,9,330349,33788
Asturias,Valdés,33,034,9,330349,33789
Asturias,Valdés,33,034,9,330349,33791
Asturias,Valdés,33,034,9,330349,33792
Asturias,Valdés,33,034,9,330349,33874
Asturias,Llanera,33,035,2,330352,33192
Asturias,Llanera,33,035,2,330352,33422
Asturias,Llanera,33,035,2,330352,33423
Asturias,Llanera,33,035,2,330352,33424
Asturias,Llanera,33,035,2,330352,33425
Asturias,Llanera,33,035,2,330352,33426
Asturias,Llanera,33,035,2,330352,33427
Asturias,Llanera,33,035,2,330352,33428
Asturias,Llanera,33,035,2,330352,33470
Asturias,Llanera,33,035,2,330352,33690
Asturias,Llanes,33,036,5,330365,33500
Asturias,Llanes,33,036,5,330365,33507
Asturias,Llanes,33,036,5,330365,33509
Asturias,Llanes,33,036,5,330365,33591
Asturias,Llanes,33,036,5,330365,33592
Asturias,Llanes,33,036,5,330365,33593
Asturias,Llanes,33,036,5,330365,33594
Asturias,Llanes,33,036,5,330365,33595
Asturias,Llanes,33,036,5,330365,33596
Asturias,Llanes,33,036,5,330365,33598
Asturias,Mieres,33,037,1,330371,33600
Asturias,Mieres,33,037,1,330371,33610
Asturias,Mieres,33,037,1,330371,33611
Asturias,Mieres,33,037,1,330371,33612
Asturias,Mieres,33,037,1,330371,33613
Asturias,Mieres,33,037,1,330371,33614
Asturias,Mieres,33,037,1,330371,33615
Asturias,Mieres,33,037,1,330371,33616
Asturias,Mieres,33,037,1,330371,33617
Asturias,Mieres,33,037,1,330371,33618
Asturias,Mieres,33,037,1,330371,33619
Asturias,Mieres,33,037,1,330371,33640
Asturias,Mieres,33,037,1,330371,33650
Asturias,Mieres,33,037,1,330371,33682
Asturias,Mieres,33,037,1,330371,33683
Asturias,Morcín,33,038,7,330387,33161
Asturias,Morcín,33,038,7,330387,33162
Asturias,Morcín,33,038,7,330387,33163
Asturias,Muros de Nalón,33,039,0,330390,33130
Asturias,Muros de Nalón,33,039,0,330390,33138
Asturias,Nava,33,040,4,330404,33520
Asturias,Nava,33,040,4,330404,33528
Asturias,Nava,33,040,4,330404,33529
Asturias,Nava,33,040,4,330404,33581
Asturias,Nava,33,040,4,330404,33582
Asturias,Navia,33,041,1,330411,33710
Asturias,Navia,33,041,1,330411,33719
Asturias,Navia,33,041,1,330411,33790
Asturias,Navia,33,041,1,330411,33792
Asturias,Navia,33,041,1,330411,33793
Asturias,Noreña,33,042,6,330426,33180
Asturias,Onís,33,043,2,330432,33556
Asturias,Oviedo,33,044,7,330447,33001
Asturias,Oviedo,33,044,7,330447,33002
Asturias,Oviedo,33,044,7,330447,33003
Asturias,Oviedo,33,044,7,330447,33004
Asturias,Oviedo,33,044,7,330447,33005
Asturias,Oviedo,33,044,7,330447,33006
Asturias,Oviedo,33,044,7,330447,33007
Asturias,Oviedo,33,044,7,330447,33008
Asturias,Oviedo,33,044,7,330447,33009
Asturias,Oviedo,33,044,7,330447,33010
Asturias,Oviedo,33,044,7,330447,33011
Asturias,Oviedo,33,044,7,330447,33012
Asturias,Oviedo,33,044,7,330447,33013
Asturias,Oviedo,33,044,7,330447,33119
Asturias,Oviedo,33,044,7,330447,33140
Asturias,Oviedo,33,044,7,330447,33170
Asturias,Oviedo,33,044,7,330447,33171
Asturias,Oviedo,33,044,7,330447,33174
Asturias,Oviedo,33,044,7,330447,33191
Asturias,Oviedo,33,044,7,330447,33193
Asturias,Oviedo,33,044,7,330447,33194
Asturias,Oviedo,33,044,7,330447,33195
Asturias,Oviedo,33,044,7,330447,33196
Asturias,Oviedo,33,044,7,330447,33199
Asturias,Oviedo,33,044,7,330447,33660
Asturias,Oviedo,33,044,7,330447,33669
Asturias,Oviedo,33,044,7,330447,33910
Asturias,Oviedo,33,044,7,330447,33919
Asturias,Parres,33,045,0,330450,33540
Asturias,Parres,33,045,0,330450,33546
Asturias,Parres,33,045,0,330450,33548
Asturias,Parres,33,045,0,330450,33549
Asturias,Parres,33,045,0,330450,33559
Asturias,Parres,33,045,0,330450,33585
Asturias,Parres,33,045,0,330450,33586
Asturias,Parres,33,045,0,330450,33587
Asturias,Peñamellera Alta,33,046,3,330463,33576
Asturias,Peñamellera Alta,33,046,3,330463,33577
Asturias,Peñamellera Alta,33,046,3,330463,33578
Asturias,Peñamellera Baja,33,047,9,330479,33570
Asturias,Peñamellera Baja,33,047,9,330479,33579
Asturias,Pesoz,33,048,5,330485,33735
Asturias,Pesoz,33,048,5,330485,33777
Asturias,Piloña,33,049,8,330498,33530
Asturias,Piloña,33,049,8,330498,33534
Asturias,Piloña,33,049,8,330498,33535
Asturias,Piloña,33,049,8,330498,33536
Asturias,Piloña,33,049,8,330498,33537
Asturias,Piloña,33,049,8,330498,33538
Asturias,Piloña,33,049,8,330498,33539
Asturias,Piloña,33,049,8,330498,33583
Asturias,Piloña,33,049,8,330498,33584
Asturias,Ponga,33,050,1,330501,33557
Asturias,Ponga,33,050,1,330501,33558
Asturias,Pravia,33,051,8,330518,33120
Asturias,Pravia,33,051,8,330518,33127
Asturias,Pravia,33,051,8,330518,33128
Asturias,Pravia,33,051,8,330518,33129
Asturias,Pravia,33,051,8,330518,33139
Asturias,Proaza,33,052,3,330523,33112
Asturias,Proaza,33,052,3,330523,33114
Asturias,Quirós,33,053,9,330539,33115
Asturias,Quirós,33,053,9,330539,33116
Asturias,Quirós,33,053,9,330539,33117
Asturias,Quirós,33,053,9,330539,33118
Asturias,"Regueras, Las",33,054,4,330544,33190
Asturias,"Regueras, Las",33,054,4,330544,33191
Asturias,Ribadedeva,33,055,7,330557,33590
Asturias,Ribadesella,33,056,0,330560,33345
Asturias,Ribadesella,33,056,0,330560,33346
Asturias,Ribadesella,33,056,0,330560,33347
Asturias,Ribadesella,33,056,0,330560,33560
Asturias,Ribadesella,33,056,0,330560,33567
Asturias,Ribadesella,33,056,0,330560,33568
Asturias,Ribadesella,33,056,0,330560,33569
Asturias,Ribera de Arriba,33,057,6,330576,33171
Asturias,Ribera de Arriba,33,057,6,330576,33172
Asturias,Ribera de Arriba,33,057,6,330576,33173
Asturias,Ribera de Arriba,33,057,6,330576,33696
Asturias,Riosa,33,058,2,330582,33160
Asturias,Salas,33,059,5,330595,33836
Asturias,Salas,33,059,5,330595,33850
Asturias,Salas,33,059,5,330595,33857
Asturias,Salas,33,059,5,330595,33858
Asturias,Salas,33,059,5,330595,33859
Asturias,Salas,33,059,5,330595,33860
Asturias,Salas,33,059,5,330595,33865
Asturias,Salas,33,059,5,330595,33866
Asturias,Salas,33,059,5,330595,33867
Asturias,Salas,33,059,5,330595,33868
Asturias,Salas,33,059,5,330595,33869
Asturias,Salas,33,059,5,330595,33891
Asturias,San Martín del Rey Aurelio,33,060,9,330609,33940
Asturias,San Martín del Rey Aurelio,33,060,9,330609,33945
Asturias,San Martín del Rey Aurelio,33,060,9,330609,33946
Asturias,San Martín del Rey Aurelio,33,060,9,330609,33947
Asturias,San Martín del Rey Aurelio,33,060,9,330609,33948
Asturias,San Martín del Rey Aurelio,33,060,9,330609,33950
Asturias,San Martín del Rey Aurelio,33,060,9,330609,33957
Asturias,San Martín del Rey Aurelio,33,060,9,330609,33958
Asturias,San Martín del Rey Aurelio,33,060,9,330609,33959
Asturias,San Martín del Rey Aurelio,33,060,9,330609,33960
Asturias,San Martín de Oscos,33,061,6,330616,33777
Asturias,Santa Eulalia de Oscos,33,062,1,330621,33776
Asturias,San Tirso de Abres,33,063,7,330637,33774
Asturias,Santo Adriano,33,064,2,330642,33115
Asturias,Sariego,33,065,5,330655,33518
Asturias,Siero,33,066,8,330668,33010
Asturias,Siero,33,066,8,330668,33186
Asturias,Siero,33,066,8,330668,33187
Asturias,Siero,33,066,8,330668,33188
Asturias,Siero,33,066,8,330668,33189
Asturias,Siero,33,066,8,330668,33192
Asturias,Siero,33,066,8,330668,33199
Asturias,Siero,33,066,8,330668,33420
Asturias,Siero,33,066,8,330668,33429
Asturias,Siero,33,066,8,330668,33510
Asturias,Siero,33,066,8,330668,33518
Asturias,Siero,33,066,8,330668,33519
Asturias,Siero,33,066,8,330668,33580
Asturias,Siero,33,066,8,330668,33936
Asturias,Siero,33,066,8,330668,33937
Asturias,Siero,33,066,8,330668,33938
Asturias,Sobrescobio,33,067,4,330674,33993
Asturias,Somiedo,33,068,0,330680,33840
Asturias,Somiedo,33,068,0,330680,33841
Asturias,Somiedo,33,068,0,330680,33842
Asturias,Soto del Barco,33,069,3,330693,33125
Asturias,Soto del Barco,33,069,3,330693,33126
Asturias,Soto del Barco,33,069,3,330693,33127
Asturias,Soto del Barco,33,069,3,330693,33458
Asturias,Soto del Barco,33,069,3,330693,33459
Asturias,Tapia de Casariego,33,070,7,330707,33740
Asturias,Tapia de Casariego,33,070,7,330707,33747
Asturias,Tapia de Casariego,33,070,7,330707,33749
Asturias,Taramundi,33,071,4,330714,33775
Asturias,Teverga,33,072,9,330729,33111
Asturias,Tineo,33,073,5,330735,33870
Asturias,Tineo,33,073,5,330735,33873
Asturias,Tineo,33,073,5,330735,33874
Asturias,Tineo,33,073,5,330735,33875
Asturias,Tineo,33,073,5,330735,33876
Asturias,Tineo,33,073,5,330735,33877
Asturias,Tineo,33,073,5,330735,33878
Asturias,Tineo,33,073,5,330735,33879
Asturias,Vegadeo,33,074,0,330740,33770
Asturias,Vegadeo,33,074,0,330740,33776
Asturias,Vegadeo,33,074,0,330740,33778
Asturias,Vegadeo,33,074,0,330740,33779
Asturias,Villanueva de Oscos,33,075,3,330753,33777
Asturias,Villaviciosa,33,076,6,330766,33300
Asturias,Villaviciosa,33,076,6,330766,33310
Asturias,Villaviciosa,33,076,6,330766,33311
Asturias,Villaviciosa,33,076,6,330766,33312
Asturias,Villaviciosa,33,076,6,330766,33313
Asturias,Villaviciosa,33,076,6,330766,33314
Asturias,Villaviciosa,33,076,6,330766,33315
Asturias,Villaviciosa,33,076,6,330766,33316
Asturias,Villaviciosa,33,076,6,330766,33317
Asturias,Villaviciosa,33,076,6,330766,33318
Asturias,Villaviciosa,33,076,6,330766,33326
Asturias,Villayón,33,077,2,330772,33717
Asturias,Villayón,33,077,2,330772,33718
Asturias,Yernes y Tameza,33,078,8,330788,33826
Palencia,Abarca de Campos,34,001,4,340014,34338
Palencia,Abia de las Torres,34,003,5,340035,34479
Palencia,Aguilar de Campoo,34,004,0,340040,34488
Palencia,Aguilar de Campoo,34,004,0,340040,34492
Palencia,Aguilar de Campoo,34,004,0,340040,34800
Palencia,Aguilar de Campoo,34,004,0,340040,34810
Palencia,Aguilar de Campoo,34,004,0,340040,34811
Palencia,Aguilar de Campoo,34,004,0,340040,34813
Palencia,Aguilar de Campoo,34,004,0,340040,34815
Palencia,Alar del Rey,34,005,3,340053,34480
Palencia,Alar del Rey,34,005,3,340053,34487
Palencia,Alar del Rey,34,005,3,340053,34492
Palencia,Alba de Cerrato,34,006,6,340066,34219
Palencia,Amayuelas de Arriba,34,009,1,340091,34429
Palencia,Ampudia,34,010,5,340105,34159
Palencia,Ampudia,34,010,5,340105,34160
Palencia,Ampudia,34,010,5,340105,34191
Palencia,Amusco,34,011,2,340112,34419
Palencia,Amusco,34,011,2,340112,34420
Palencia,Antigüedad,34,012,7,340127,34248
Palencia,Arconada,34,015,1,340151,34449
Palencia,Astudillo,34,017,0,340170,34450
Palencia,Astudillo,34,017,0,340170,34490
Palencia,Autilla del Pino,34,018,6,340186,34191
Palencia,Autillo de Campos,34,019,9,340199,34338
Palencia,Ayuela,34,020,3,340203,34473
Palencia,Baltanás,34,022,5,340225,34240
Palencia,Baltanás,34,022,5,340225,34249
Palencia,Venta de Baños,34,023,1,340231,34200
Palencia,Venta de Baños,34,023,1,340231,34208
Palencia,Baquerín de Campos,34,024,6,340246,34305
Palencia,Bárcena de Campos,34,025,9,340259,34477
Palencia,Barruelo de Santullán,34,027,8,340278,34820
Palencia,Barruelo de Santullán,34,027,8,340278,34828
Palencia,Barruelo de Santullán,34,027,8,340278,34829
Palencia,Báscones de Ojeda,34,028,4,340284,34406
Palencia,Becerril de Campos,34,029,7,340297,34310
Palencia,Belmonte de Campos,34,031,8,340318,34304
Palencia,Berzosilla,34,032,3,340323,39250
Palencia,Boada de Campos,34,033,9,340339,34305
Palencia,Boadilla del Camino,34,034,4,340344,34468
Palencia,Boadilla de Rioseco,34,035,7,340357,34349
Palencia,Brañosera,34,036,0,340360,34829
Palencia,Buenavista de Valdavia,34,037,6,340376,34470
Palencia,Buenavista de Valdavia,34,037,6,340376,34473
Palencia,Bustillo de la Vega,34,038,2,340382,34116
Palencia,Bustillo del Páramo de Carrión,34,039,5,340395,34129
Palencia,Calahorra de Boedo,34,041,6,340416,34407
Palencia,Calzada de los Molinos,34,042,1,340421,34129
Palencia,Capillas,34,045,5,340455,34305
Palencia,Cardeñosa de Volpejera,34,046,8,340468,34309
Palencia,Carrión de los Condes,34,047,4,340474,34120
Palencia,Carrión de los Condes,34,047,4,340474,34131
Palencia,Castil de Vela,34,048,0,340480,34304
Palencia,Castrejón de la Peña,34,049,3,340493,34850
Palencia,Castrejón de la Peña,34,049,3,340493,34858
Palencia,Castrejón de la Peña,34,049,3,340493,34859
Palencia,Castrillo de Don Juan,34,050,6,340506,34246
Palencia,Castrillo de Onielo,34,051,3,340513,34219
Palencia,Castrillo de Villavega,34,052,8,340528,34478
Palencia,Castromocho,34,053,4,340534,34305
Palencia,Cervatos de la Cueza,34,055,2,340552,34309
Palencia,Cervera de Pisuerga,34,056,5,340565,34488
Palencia,Cervera de Pisuerga,34,056,5,340565,34839
Palencia,Cervera de Pisuerga,34,056,5,340565,34840
Palencia,Cervera de Pisuerga,34,056,5,340565,34844
Palencia,Cervera de Pisuerga,34,056,5,340565,34846
Palencia,Cevico de la Torre,34,057,1,340571,34218
Palencia,Cevico Navero,34,058,7,340587,34247
Palencia,Cisneros,34,059,0,340590,34320
Palencia,Cobos de Cerrato,34,060,4,340604,34248
Palencia,Collazos de Boedo,34,061,1,340611,34406
Palencia,Collazos de Boedo,34,061,1,340611,34407
Palencia,Congosto de Valdavia,34,062,6,340626,34878
Palencia,Congosto de Valdavia,34,062,6,340626,34882
Palencia,Cordovilla la Real,34,063,2,340632,34259
Palencia,Cubillas de Cerrato,34,066,3,340663,34219
Palencia,Dehesa de Montejo,34,067,9,340679,34483
Palencia,Dehesa de Montejo,34,067,9,340679,34484
Palencia,Dehesa de Montejo,34,067,9,340679,34844
Palencia,Dehesa de Romanos,34,068,5,340685,34406
Palencia,Dueñas,34,069,8,340698,34208
Palencia,Dueñas,34,069,8,340698,34210
Palencia,Espinosa de Cerrato,34,070,2,340702,34248
Palencia,Espinosa de Villagonzalo,34,071,9,340719,34491
Palencia,Frechilla,34,072,4,340724,34306
Palencia,Fresno del Río,34,073,0,340730,34889
Palencia,Frómista,34,074,5,340745,34440
Palencia,Fuentes de Nava,34,076,1,340761,34337
Palencia,Fuentes de Valdepero,34,077,7,340777,34419
Palencia,Grijota,34,079,6,340796,34192
Palencia,Guardo,34,080,0,340800,34879
Palencia,Guardo,34,080,0,340800,34880
Palencia,Guardo,34,080,0,340800,34889
Palencia,Guaza de Campos,34,081,7,340817,34306
Palencia,Hérmedes de Cerrato,34,082,2,340822,34247
Palencia,Herrera de Pisuerga,34,083,8,340838,34400
Palencia,Herrera de Pisuerga,34,083,8,340838,34405
Palencia,Herrera de Pisuerga,34,083,8,340838,34406
Palencia,Herrera de Valdecañas,34,084,3,340843,34259
Palencia,Hontoria de Cerrato,34,086,9,340869,34209
Palencia,Hornillos de Cerrato,34,087,5,340875,34249
Palencia,Husillos,34,088,1,340881,34419
Palencia,Itero de la Vega,34,089,4,340894,34468
Palencia,Lagartos,34,091,5,340915,34347
Palencia,Lagartos,34,091,5,340915,34349
Palencia,Lantadilla,34,092,0,340920,34468
Palencia,"Vid de Ojeda, La",34,093,6,340936,34485
Palencia,Ledigos,34,094,1,340941,34347
Palencia,Lomas,34,096,7,340967,34449
Palencia,Magaz de Pisuerga,34,098,9,340989,34220
Palencia,Manquillos,34,099,2,340992,34429
Palencia,Mantinos,34,100,6,341006,34889
Palencia,Marcilla de Campos,34,101,3,341013,34469
Palencia,Mazariegos,34,102,8,341028,34170
Palencia,Mazuecos de Valdeginate,34,103,4,341034,34306
Palencia,Melgar de Yuso,34,104,9,341049,34467
Palencia,Meneses de Campos,34,106,5,341065,34305
Palencia,Micieces de Ojeda,34,107,1,341071,34485
Palencia,Monzón de Campos,34,108,7,341087,34410
Palencia,Monzón de Campos,34,108,7,341087,34419
Palencia,Moratinos,34,109,0,341090,34349
Palencia,Mudá,34,110,4,341104,34839
Palencia,Nogal de las Huertas,34,112,6,341126,34128
Palencia,Olea de Boedo,34,113,2,341132,34407
Palencia,Olmos de Ojeda,34,114,7,341147,34485
Palencia,Olmos de Ojeda,34,114,7,341147,34486
Palencia,Olmos de Ojeda,34,114,7,341147,34488
Palencia,Osornillo,34,116,3,341163,34468
Palencia,Palencia,34,120,2,341202,34001
Palencia,Palencia,34,120,2,341202,34002
Palencia,Palencia,34,120,2,341202,34003
Palencia,Palencia,34,120,2,341202,34004
Palencia,Palencia,34,120,2,341202,34005
Palencia,Palencia,34,120,2,341202,34191
Palencia,Palenzuela,34,121,9,341219,34257
Palencia,Páramo de Boedo,34,122,4,341224,34407
Palencia,Paredes de Nava,34,123,0,341230,34300
Palencia,Payo de Ojeda,34,124,5,341245,34485
Palencia,Pedraza de Campos,34,125,8,341258,34170
Palencia,Pedrosa de la Vega,34,126,1,341261,34113
Palencia,Pedrosa de la Vega,34,126,1,341261,34116
Palencia,Perales,34,127,7,341277,34133
Palencia,Perales,34,127,7,341277,34310
Palencia,Pino del Río,34,129,6,341296,34110
Palencia,Pino del Río,34,129,6,341296,34111
Palencia,Piña de Campos,34,130,0,341300,34430
Palencia,Población de Arroyo,34,131,7,341317,34347
Palencia,Población de Campos,34,132,2,341322,34449
Palencia,Población de Cerrato,34,133,8,341338,34219
Palencia,Polentinos,34,134,3,341343,34846
Palencia,Pomar de Valdivia,34,135,6,341356,34811
Palencia,Pomar de Valdivia,34,135,6,341356,34813
Palencia,Pomar de Valdivia,34,135,6,341356,34815
Palencia,Pomar de Valdivia,34,135,6,341356,39419
Palencia,Poza de la Vega,34,136,9,341369,34111
Palencia,Pozo de Urama,34,137,5,341375,34347
Palencia,Prádanos de Ojeda,34,139,4,341394,34486
Palencia,"Puebla de Valdavia, La",34,140,8,341408,34470
Palencia,Quintana del Puente,34,141,5,341415,34250
Palencia,Quintanilla de Onsoña,34,143,6,341436,34114
Palencia,Quintanilla de Onsoña,34,143,6,341436,34128
Palencia,Reinoso de Cerrato,34,146,7,341467,34208
Palencia,Renedo de la Vega,34,147,3,341473,34126
Palencia,Requena de Campos,34,149,2,341492,34469
Palencia,Respenda de la Peña,34,151,2,341512,34870
Palencia,Respenda de la Peña,34,151,2,341512,34878
Palencia,Revenga de Campos,34,152,7,341527,34447
Palencia,Revilla de Collazos,34,154,8,341548,34407
Palencia,Ribas de Campos,34,155,1,341551,34411
Palencia,Riberos de la Cueza,34,156,4,341564,34309
Palencia,Saldaña,34,157,0,341570,34100
Palencia,Saldaña,34,157,0,341570,34111
Palencia,Saldaña,34,157,0,341570,34115
Palencia,Saldaña,34,157,0,341570,34117
Palencia,Salinas de Pisuerga,34,158,6,341586,34828
Palencia,Salinas de Pisuerga,34,158,6,341586,34830
Palencia,San Cebrián de Campos,34,159,9,341599,34429
Palencia,San Cebrián de Mudá,34,160,3,341603,34828
Palencia,San Cebrián de Mudá,34,160,3,341603,34839
Palencia,San Cristóbal de Boedo,34,161,0,341610,34491
Palencia,San Mamés de Campos,34,163,1,341631,34127
Palencia,San Román de la Cuba,34,165,9,341659,34347
Palencia,Santa Cecilia del Alcor,34,167,8,341678,34191
Palencia,Santa Cruz de Boedo,34,168,4,341684,34405
Palencia,Santa Cruz de Boedo,34,168,4,341684,34491
Palencia,Santervás de la Vega,34,169,7,341697,34112
Palencia,Santibáñez de Ecla,34,170,1,341701,34486
Palencia,Santibáñez de la Peña,34,171,8,341718,34869
Palencia,Santibáñez de la Peña,34,171,8,341718,34870
Palencia,Santibáñez de la Peña,34,171,8,341718,34878
Palencia,Santibáñez de la Peña,34,171,8,341718,34879
Palencia,Santoyo,34,174,4,341744,34490
Palencia,"Serna, La",34,175,7,341757,34128
Palencia,Sotobañado y Priorato,34,176,0,341760,34407
Palencia,Soto de Cerrato,34,177,6,341776,34209
Palencia,Tabanera de Cerrato,34,178,2,341782,34257
Palencia,Tabanera de Valdavia,34,179,5,341795,34473
Palencia,Támara de Campos,34,180,9,341809,34439
Palencia,Tariego de Cerrato,34,181,6,341816,34209
Palencia,Torquemada,34,182,1,341821,34230
Palencia,Torremormojón,34,184,2,341842,34305
Palencia,Triollo,34,185,5,341855,34887
Palencia,Valbuena de Pisuerga,34,186,8,341868,34465
Palencia,Valdeolmillos,34,189,3,341893,34239
Palencia,Valderrábano,34,190,7,341907,34115
Palencia,Valderrábano,34,190,7,341907,34473
Palencia,Valde-Ucieza,34,192,9,341929,34127
Palencia,Valle de Cerrato,34,196,6,341966,34209
Palencia,Velilla del Río Carrión,34,199,1,341991,34886
Palencia,Velilla del Río Carrión,34,199,1,341991,34888
Palencia,Vertavillo,34,201,2,342012,34219
Palencia,Villabasta de Valdavia,34,202,7,342027,34475
Palencia,Villacidaler,34,204,8,342048,34349
Palencia,Villaconancio,34,205,1,342051,34247
Palencia,Villada,34,206,4,342064,34340
Palencia,Villada,34,206,4,342064,34349
Palencia,Villaeles de Valdavia,34,208,6,342086,34475
Palencia,Villahán,34,210,3,342103,34257
Palencia,Villaherreros,34,211,0,342110,34469
Palencia,Villalaco,34,213,1,342131,34261
Palencia,Villalba de Guardo,34,214,6,342146,34889
Palencia,Villalcázar de Sirga,34,215,9,342159,34449
Palencia,Villalcón,34,216,2,342162,34347
Palencia,Villalobón,34,217,8,342178,34419
Palencia,Villaluenga de la Vega,34,218,4,342184,34111
Palencia,Villaluenga de la Vega,34,218,4,342184,34112
Palencia,Villaluenga de la Vega,34,218,4,342184,34113
Palencia,Villamartín de Campos,34,220,1,342201,34170
Palencia,Villamediana,34,221,8,342218,34239
Palencia,Villameriel,34,222,3,342223,34407
Palencia,Villameriel,34,222,3,342223,34408
Palencia,Villameriel,34,222,3,342223,34409
Palencia,Villamoronta,34,223,9,342239,34126
Palencia,Villamuera de la Cueza,34,224,4,342244,34309
Palencia,Villamuriel de Cerrato,34,225,7,342257,34190
Palencia,Villanueva del Rebollar,34,227,6,342276,34309
Palencia,Villanuño de Valdavia,34,228,2,342282,34477
Palencia,Villaprovedo,34,229,5,342295,34491
Palencia,Villarmentero de Campos,34,230,9,342309,34447
Palencia,Villarrabé,34,231,6,342316,34113
Palencia,Villarrabé,34,231,6,342316,34116
Palencia,Villarramiel,34,232,1,342321,34350
Palencia,Villasarracino,34,233,7,342337,34132
Palencia,Villasila de Valdavia,34,234,2,342342,34475
Palencia,Villaturde,34,236,8,342368,34129
Palencia,Villaumbrales,34,237,4,342374,34170
Palencia,Villaumbrales,34,237,4,342374,34192
Palencia,Villaviudas,34,238,0,342380,34249
Palencia,Villerías de Campos,34,240,7,342407,34305
Palencia,Villodre,34,241,4,342414,34466
Palencia,Villodrigo,34,242,9,342429,34257
Palencia,Villoldo,34,243,5,342435,34131
Palencia,Villota del Páramo,34,245,3,342453,34111
Palencia,Villota del Páramo,34,245,3,342453,34112
Palencia,Villovieco,34,246,6,342466,34449
Palencia,Osorno la Mayor,34,901,5,349015,34460
Palencia,Osorno la Mayor,34,901,5,349015,34469
Palencia,Valle del Retortillo,34,902,0,349020,34307
Palencia,Loma de Ucieza,34,903,6,349036,34118
Palencia,Loma de Ucieza,34,903,6,349036,34127
Palencia,Loma de Ucieza,34,903,6,349036,34128
Palencia,Loma de Ucieza,34,903,6,349036,34477
Palencia,"Pernía, La",34,904,1,349041,34847
Palencia,"Pernía, La",34,904,1,349041,34848
Palencia,"Pernía, La",34,904,1,349041,34849
"Palmas, Las",Agaete,35,001,7,350017,35480
"Palmas, Las",Agaete,35,001,7,350017,35489
"Palmas, Las",Agüimes,35,002,2,350022,35118
"Palmas, Las",Agüimes,35,002,2,350022,35260
"Palmas, Las",Agüimes,35,002,2,350022,35269
"Palmas, Las",Agüimes,35,002,2,350022,35270
"Palmas, Las",Antigua,35,003,8,350038,35369
"Palmas, Las",Antigua,35,003,8,350038,35610
"Palmas, Las",Antigua,35,003,8,350038,35630
"Palmas, Las",Antigua,35,003,8,350038,35638
"Palmas, Las",Antigua,35,003,8,350038,35639
"Palmas, Las",Arrecife,35,004,3,350043,35500
"Palmas, Las",Artenara,35,005,6,350056,35350
"Palmas, Las",Arucas,35,006,9,350069,35300
"Palmas, Las",Arucas,35,006,9,350069,35400
"Palmas, Las",Arucas,35,006,9,350069,35411
"Palmas, Las",Arucas,35,006,9,350069,35412
"Palmas, Las",Arucas,35,006,9,350069,35413
"Palmas, Las",Arucas,35,006,9,350069,35414
"Palmas, Las",Arucas,35,006,9,350069,35415
"Palmas, Las",Arucas,35,006,9,350069,35418
"Palmas, Las",Betancuria,35,007,5,350075,35637
"Palmas, Las",Firgas,35,008,1,350081,35430
"Palmas, Las",Firgas,35,008,1,350081,35431
"Palmas, Las",Firgas,35,008,1,350081,35432
"Palmas, Las",Firgas,35,008,1,350081,35435
"Palmas, Las",Gáldar,35,009,4,350094,35188
"Palmas, Las",Gáldar,35,009,4,350094,35420
"Palmas, Las",Gáldar,35,009,4,350094,35460
"Palmas, Las",Gáldar,35,009,4,350094,35468
"Palmas, Las",Gáldar,35,009,4,350094,35469
"Palmas, Las",Gáldar,35,009,4,350094,35488
"Palmas, Las",Gáldar,35,009,4,350094,35640
"Palmas, Las",Haría,35,010,8,350108,35520
"Palmas, Las",Haría,35,010,8,350108,35541
"Palmas, Las",Haría,35,010,8,350108,35542
"Palmas, Las",Haría,35,010,8,350108,35543
"Palmas, Las",Ingenio,35,011,5,350115,35000
"Palmas, Las",Ingenio,35,011,5,350115,35214
"Palmas, Las",Ingenio,35,011,5,350115,35240
"Palmas, Las",Ingenio,35,011,5,350115,35250
"Palmas, Las",Ingenio,35,011,5,350115,35259
"Palmas, Las",Mogán,35,012,0,350120,35120
"Palmas, Las",Mogán,35,012,0,350120,35128
"Palmas, Las",Mogán,35,012,0,350120,35129
"Palmas, Las",Mogán,35,012,0,350120,35130
"Palmas, Las",Mogán,35,012,0,350120,35138
"Palmas, Las",Mogán,35,012,0,350120,35139
"Palmas, Las",Mogán,35,012,0,350120,35140
"Palmas, Las",Mogán,35,012,0,350120,35149
"Palmas, Las",Moya,35,013,6,350136,35413
"Palmas, Las",Moya,35,013,6,350136,35420
"Palmas, Las",Moya,35,013,6,350136,35421
"Palmas, Las",Moya,35,013,6,350136,35422
"Palmas, Las",Moya,35,013,6,350136,35423
"Palmas, Las","Oliva, La",35,014,1,350141,35469
"Palmas, Las","Oliva, La",35,014,1,350141,35627
"Palmas, Las","Oliva, La",35,014,1,350141,35640
"Palmas, Las","Oliva, La",35,014,1,350141,35649
"Palmas, Las","Oliva, La",35,014,1,350141,35650
"Palmas, Las","Oliva, La",35,014,1,350141,35651
"Palmas, Las","Oliva, La",35,014,1,350141,35660
"Palmas, Las",Pájara,35,015,4,350154,35625
"Palmas, Las",Pájara,35,015,4,350154,35626
"Palmas, Las",Pájara,35,015,4,350154,35627
"Palmas, Las",Pájara,35,015,4,350154,35628
"Palmas, Las","Palmas de Gran Canaria, Las",35,016,7,350167,35001
"Palmas, Las","Palmas de Gran Canaria, Las",35,016,7,350167,35002
"Palmas, Las","Palmas de Gran Canaria, Las",35,016,7,350167,35003
"Palmas, Las","Palmas de Gran Canaria, Las",35,016,7,350167,35004
"Palmas, Las","Palmas de Gran Canaria, Las",35,016,7,350167,35005
"Palmas, Las","Palmas de Gran Canaria, Las",35,016,7,350167,35006
"Palmas, Las","Palmas de Gran Canaria, Las",35,016,7,350167,35007
"Palmas, Las","Palmas de Gran Canaria, Las",35,016,7,350167,35008
"Palmas, Las","Palmas de Gran Canaria, Las",35,016,7,350167,35009
"Palmas, Las","Palmas de Gran Canaria, Las",35,016,7,350167,35010
"Palmas, Las","Palmas de Gran Canaria, Las",35,016,7,350167,35011
"Palmas, Las","Palmas de Gran Canaria, Las",35,016,7,350167,35012
"Palmas, Las","Palmas de Gran Canaria, Las",35,016,7,350167,35013
"Palmas, Las","Palmas de Gran Canaria, Las",35,016,7,350167,35014
"Palmas, Las","Palmas de Gran Canaria, Las",35,016,7,350167,35015
"Palmas, Las","Palmas de Gran Canaria, Las",35,016,7,350167,35016
"Palmas, Las","Palmas de Gran Canaria, Las",35,016,7,350167,35017
"Palmas, Las","Palmas de Gran Canaria, Las",35,016,7,350167,35018
"Palmas, Las","Palmas de Gran Canaria, Las",35,016,7,350167,35019
"Palmas, Las","Palmas de Gran Canaria, Las",35,016,7,350167,35220
"Palmas, Las","Palmas de Gran Canaria, Las",35,016,7,350167,35229
"Palmas, Las",Puerto del Rosario,35,017,3,350173,35500
"Palmas, Las",Puerto del Rosario,35,017,3,350173,35600
"Palmas, Las",Puerto del Rosario,35,017,3,350173,35610
"Palmas, Las",Puerto del Rosario,35,017,3,350173,35611
"Palmas, Las",Puerto del Rosario,35,017,3,350173,35612
"Palmas, Las",Puerto del Rosario,35,017,3,350173,35613
"Palmas, Las",Puerto del Rosario,35,017,3,350173,35627
"Palmas, Las",Puerto del Rosario,35,017,3,350173,35637
"Palmas, Las",San Bartolomé,35,018,9,350189,35509
"Palmas, Las",San Bartolomé,35,018,9,350189,35550
"Palmas, Las",San Bartolomé,35,018,9,350189,35559
"Palmas, Las",San Bartolomé de Tirajana,35,019,2,350192,35100
"Palmas, Las",San Bartolomé de Tirajana,35,019,2,350192,35106
"Palmas, Las",San Bartolomé de Tirajana,35,019,2,350192,35107
"Palmas, Las",San Bartolomé de Tirajana,35,019,2,350192,35108
"Palmas, Las",San Bartolomé de Tirajana,35,019,2,350192,35109
"Palmas, Las",San Bartolomé de Tirajana,35,019,2,350192,35119
"Palmas, Las",San Bartolomé de Tirajana,35,019,2,350192,35120
"Palmas, Las",San Bartolomé de Tirajana,35,019,2,350192,35128
"Palmas, Las",San Bartolomé de Tirajana,35,019,2,350192,35280
"Palmas, Las",San Bartolomé de Tirajana,35,019,2,350192,35290
"Palmas, Las",San Bartolomé de Tirajana,35,019,2,350192,35299
"Palmas, Las",San Bartolomé de Tirajana,35,019,2,350192,35369
"Palmas, Las","Aldea de San Nicolás, La",35,020,6,350206,35470
"Palmas, Las","Aldea de San Nicolás, La",35,020,6,350206,35478
"Palmas, Las","Aldea de San Nicolás, La",35,020,6,350206,35479
"Palmas, Las","Aldea de San Nicolás, La",35,020,6,350206,35579
"Palmas, Las",Santa Brígida,35,021,3,350213,35300
"Palmas, Las",Santa Brígida,35,021,3,350213,35307
"Palmas, Las",Santa Brígida,35,021,3,350213,35308
"Palmas, Las",Santa Brígida,35,021,3,350213,35309
"Palmas, Las",Santa Brígida,35,021,3,350213,35310
"Palmas, Las",Santa Lucía de Tirajana,35,022,8,350228,35110
"Palmas, Las",Santa Lucía de Tirajana,35,022,8,350228,35280
"Palmas, Las",Santa María de Guía de Gran Canaria,35,023,4,350234,35450
"Palmas, Las",Santa María de Guía de Gran Canaria,35,023,4,350234,35457
"Palmas, Las",Santa María de Guía de Gran Canaria,35,023,4,350234,35458
"Palmas, Las",Santa María de Guía de Gran Canaria,35,023,4,350234,35540
"Palmas, Las",Teguise,35,024,9,350249,35507
"Palmas, Las",Teguise,35,024,9,350249,35508
"Palmas, Las",Teguise,35,024,9,350249,35509
"Palmas, Las",Teguise,35,024,9,350249,35530
"Palmas, Las",Teguise,35,024,9,350249,35539
"Palmas, Las",Teguise,35,024,9,350249,35540
"Palmas, Las",Teguise,35,024,9,350249,35543
"Palmas, Las",Teguise,35,024,9,350249,35544
"Palmas, Las",Teguise,35,024,9,350249,35558
"Palmas, Las",Teguise,35,024,9,350249,35561
"Palmas, Las",Tejeda,35,025,2,350252,35360
"Palmas, Las",Tejeda,35,025,2,350252,35368
"Palmas, Las",Telde,35,026,5,350265,35200
"Palmas, Las",Telde,35,026,5,350265,35210
"Palmas, Las",Telde,35,026,5,350265,35211
"Palmas, Las",Telde,35,026,5,350265,35212
"Palmas, Las",Telde,35,026,5,350265,35213
"Palmas, Las",Telde,35,026,5,350265,35214
"Palmas, Las",Telde,35,026,5,350265,35215
"Palmas, Las",Telde,35,026,5,350265,35218
"Palmas, Las",Telde,35,026,5,350265,35219
"Palmas, Las",Telde,35,026,5,350265,35220
"Palmas, Las",Telde,35,026,5,350265,35229
"Palmas, Las",Teror,35,027,1,350271,35300
"Palmas, Las",Teror,35,027,1,350271,35330
"Palmas, Las",Teror,35,027,1,350271,35333
"Palmas, Las",Teror,35,027,1,350271,35338
"Palmas, Las",Teror,35,027,1,350271,35339
"Palmas, Las",Tías,35,028,7,350287,35510
"Palmas, Las",Tías,35,028,7,350287,35571
"Palmas, Las",Tías,35,028,7,350287,35572
"Palmas, Las",Tinajo,35,029,0,350290,35550
"Palmas, Las",Tinajo,35,029,0,350290,35560
"Palmas, Las",Tinajo,35,029,0,350290,35565
"Palmas, Las",Tuineje,35,030,4,350304,35620
"Palmas, Las",Tuineje,35,030,4,350304,35628
"Palmas, Las",Tuineje,35,030,4,350304,35629
"Palmas, Las",Tuineje,35,030,4,350304,35638
"Palmas, Las",Valsequillo de Gran Canaria,35,031,1,350311,35214
"Palmas, Las",Valsequillo de Gran Canaria,35,031,1,350311,35216
"Palmas, Las",Valsequillo de Gran Canaria,35,031,1,350311,35217
"Palmas, Las",Valsequillo de Gran Canaria,35,031,1,350311,35628
"Palmas, Las",Valleseco,35,032,6,350326,35000
"Palmas, Las",Valleseco,35,032,6,350326,35340
"Palmas, Las",Valleseco,35,032,6,350326,35349
"Palmas, Las",Vega de San Mateo,35,033,2,350332,35320
"Palmas, Las",Vega de San Mateo,35,033,2,350332,35328
"Palmas, Las",Vega de San Mateo,35,033,2,350332,35329
"Palmas, Las",Yaiza,35,034,7,350347,35370
"Palmas, Las",Yaiza,35,034,7,350347,35570
"Palmas, Las",Yaiza,35,034,7,350347,35580
Pontevedra,Arbo,36,001,0,360010,36430
Pontevedra,Arbo,36,001,0,360010,36435
Pontevedra,Arbo,36,001,0,360010,36436
Pontevedra,Arbo,36,001,0,360010,36437
Pontevedra,Arbo,36,001,0,360010,36438
Pontevedra,Arbo,36,001,0,360010,36494
Pontevedra,Barro,36,002,5,360025,36190
Pontevedra,Barro,36,002,5,360025,36191
Pontevedra,Barro,36,002,5,360025,36193
Pontevedra,Barro,36,002,5,360025,36194
Pontevedra,Barro,36,002,5,360025,36692
Pontevedra,Baiona,36,003,1,360031,36300
Pontevedra,Baiona,36,003,1,360031,36307
Pontevedra,Baiona,36,003,1,360031,36308
Pontevedra,Baiona,36,003,1,360031,36309
Pontevedra,Baiona,36,003,1,360031,36393
Pontevedra,Bueu,36,004,6,360046,36930
Pontevedra,Bueu,36,004,6,360046,36937
Pontevedra,Bueu,36,004,6,360046,36938
Pontevedra,Bueu,36,004,6,360046,36939
Pontevedra,Caldas de Reis,36,005,9,360059,36615
Pontevedra,Caldas de Reis,36,005,9,360059,36650
Pontevedra,Caldas de Reis,36,005,9,360059,36653
Pontevedra,Caldas de Reis,36,005,9,360059,36654
Pontevedra,Caldas de Reis,36,005,9,360059,36655
Pontevedra,Caldas de Reis,36,005,9,360059,36656
Pontevedra,Caldas de Reis,36,005,9,360059,36659
Pontevedra,Cambados,36,006,2,360062,36630
Pontevedra,Cambados,36,006,2,360062,36633
Pontevedra,Cambados,36,006,2,360062,36634
Pontevedra,Cambados,36,006,2,360062,36635
Pontevedra,Cambados,36,006,2,360062,36639
Pontevedra,Campo Lameiro,36,007,8,360078,36110
Pontevedra,Campo Lameiro,36,007,8,360078,36118
Pontevedra,Campo Lameiro,36,007,8,360078,36119
Pontevedra,Cangas,36,008,4,360084,36940
Pontevedra,Cangas,36,008,4,360084,36945
Pontevedra,Cangas,36,008,4,360084,36946
Pontevedra,Cangas,36,008,4,360084,36947
Pontevedra,Cangas,36,008,4,360084,36949
Pontevedra,"Cañiza, A",36,009,7,360097,36880
Pontevedra,"Cañiza, A",36,009,7,360097,36883
Pontevedra,"Cañiza, A",36,009,7,360097,36884
Pontevedra,"Cañiza, A",36,009,7,360097,36885
Pontevedra,"Cañiza, A",36,009,7,360097,36886
Pontevedra,"Cañiza, A",36,009,7,360097,36887
Pontevedra,"Cañiza, A",36,009,7,360097,36888
Pontevedra,"Cañiza, A",36,009,7,360097,36889
Pontevedra,Catoira,36,010,1,360101,36612
Pontevedra,Covelo,36,013,9,360139,36872
Pontevedra,Covelo,36,013,9,360139,36873
Pontevedra,Covelo,36,013,9,360139,36876
Pontevedra,Covelo,36,013,9,360139,36877
Pontevedra,Covelo,36,013,9,360139,36878
Pontevedra,Crecente,36,014,4,360144,36420
Pontevedra,Crecente,36,014,4,360144,36428
Pontevedra,Crecente,36,014,4,360144,36429
Pontevedra,Crecente,36,014,4,360144,36490
Pontevedra,Crecente,36,014,4,360144,36491
Pontevedra,Crecente,36,014,4,360144,36492
Pontevedra,Crecente,36,014,4,360144,36493
Pontevedra,Cuntis,36,015,7,360157,36670
Pontevedra,Cuntis,36,015,7,360157,36675
Pontevedra,Cuntis,36,015,7,360157,36677
Pontevedra,Cuntis,36,015,7,360157,36678
Pontevedra,Cuntis,36,015,7,360157,36679
Pontevedra,Dozón,36,016,0,360160,36516
Pontevedra,Dozón,36,016,0,360160,36518
Pontevedra,"Estrada, A",36,017,6,360176,36584
Pontevedra,"Estrada, A",36,017,6,360176,36588
Pontevedra,"Estrada, A",36,017,6,360176,36676
Pontevedra,"Estrada, A",36,017,6,360176,36680
Pontevedra,"Estrada, A",36,017,6,360176,36681
Pontevedra,"Estrada, A",36,017,6,360176,36682
Pontevedra,"Estrada, A",36,017,6,360176,36683
Pontevedra,"Estrada, A",36,017,6,360176,36684
Pontevedra,"Estrada, A",36,017,6,360176,36685
Pontevedra,"Estrada, A",36,017,6,360176,36686
Pontevedra,"Estrada, A",36,017,6,360176,36687
Pontevedra,"Estrada, A",36,017,6,360176,36688
Pontevedra,"Estrada, A",36,017,6,360176,36689
Pontevedra,Forcarei,36,018,2,360182,36550
Pontevedra,Forcarei,36,018,2,360182,36555
Pontevedra,Forcarei,36,018,2,360182,36556
Pontevedra,Forcarei,36,018,2,360182,36557
Pontevedra,Forcarei,36,018,2,360182,36558
Pontevedra,Forcarei,36,018,2,360182,36559
Pontevedra,Forcarei,36,018,2,360182,36560
Pontevedra,Forcarei,36,018,2,360182,36567
Pontevedra,Forcarei,36,018,2,360182,36569
Pontevedra,Fornelos de Montes,36,019,5,360195,36845
Pontevedra,Fornelos de Montes,36,019,5,360195,36846
Pontevedra,Fornelos de Montes,36,019,5,360195,36847
Pontevedra,Fornelos de Montes,36,019,5,360195,36848
Pontevedra,Fornelos de Montes,36,019,5,360195,36849
Pontevedra,Fornelos de Montes,36,019,5,360195,36851
Pontevedra,Fornelos de Montes,36,019,5,360195,36852
Pontevedra,Agolada,36,020,9,360209,36520
Pontevedra,Agolada,36,020,9,360209,36524
Pontevedra,Agolada,36,020,9,360209,36525
Pontevedra,Agolada,36,020,9,360209,36526
Pontevedra,Agolada,36,020,9,360209,36527
Pontevedra,Agolada,36,020,9,360209,36528
Pontevedra,Agolada,36,020,9,360209,36529
Pontevedra,Gondomar,36,021,6,360216,36316
Pontevedra,Gondomar,36,021,6,360216,36378
Pontevedra,Gondomar,36,021,6,360216,36380
Pontevedra,Gondomar,36,021,6,360216,36388
Pontevedra,Gondomar,36,021,6,360216,36389
Pontevedra,"Grove, O",36,022,1,360221,36980
Pontevedra,"Grove, O",36,022,1,360221,36988
Pontevedra,"Grove, O",36,022,1,360221,36989
Pontevedra,"Grove, O",36,022,1,360221,36991
Pontevedra,"Guarda, A",36,023,7,360237,36780
Pontevedra,"Guarda, A",36,023,7,360237,36788
Pontevedra,"Guarda, A",36,023,7,360237,36789
Pontevedra,Lalín,36,024,2,360242,36500
Pontevedra,Lalín,36,024,2,360242,36510
Pontevedra,Lalín,36,024,2,360242,36512
Pontevedra,Lalín,36,024,2,360242,36514
Pontevedra,Lalín,36,024,2,360242,36515
Pontevedra,Lalín,36,024,2,360242,36516
Pontevedra,Lalín,36,024,2,360242,36517
Pontevedra,Lalín,36,024,2,360242,36518
Pontevedra,Lalín,36,024,2,360242,36519
Pontevedra,Lalín,36,024,2,360242,36596
Pontevedra,"Lama, A",36,025,5,360255,36830
Pontevedra,"Lama, A",36,025,5,360255,36835
Pontevedra,"Lama, A",36,025,5,360255,36836
Pontevedra,"Lama, A",36,025,5,360255,36837
Pontevedra,"Lama, A",36,025,5,360255,36838
Pontevedra,"Lama, A",36,025,5,360255,36839
Pontevedra,"Lama, A",36,025,5,360255,36853
Pontevedra,Marín,36,026,8,360268,36900
Pontevedra,Marín,36,026,8,360268,36911
Pontevedra,Marín,36,026,8,360268,36912
Pontevedra,Marín,36,026,8,360268,36913
Pontevedra,Marín,36,026,8,360268,36914
Pontevedra,Marín,36,026,8,360268,36915
Pontevedra,Marín,36,026,8,360268,36920
Pontevedra,Meaño,36,027,4,360274,36638
Pontevedra,Meaño,36,027,4,360274,36967
Pontevedra,Meaño,36,027,4,360274,36968
Pontevedra,Meaño,36,027,4,360274,36969
Pontevedra,Meis,36,028,0,360280,36192
Pontevedra,Meis,36,028,0,360280,36616
Pontevedra,Meis,36,028,0,360280,36637
Pontevedra,Moaña,36,029,3,360293,36950
Pontevedra,Moaña,36,029,3,360293,36954
Pontevedra,Moaña,36,029,3,360293,36955
Pontevedra,Moaña,36,029,3,360293,36957
Pontevedra,Moaña,36,029,3,360293,36958
Pontevedra,Moaña,36,029,3,360293,36959
Pontevedra,Mondariz,36,030,7,360307,36870
Pontevedra,Mondariz,36,030,7,360307,36874
Pontevedra,Mondariz,36,030,7,360307,36875
Pontevedra,Mondariz,36,030,7,360307,36876
Pontevedra,Mondariz,36,030,7,360307,36877
Pontevedra,Mondariz,36,030,7,360307,36878
Pontevedra,Mondariz,36,030,7,360307,36879
Pontevedra,Mondariz-Balneario,36,031,4,360314,36890
Pontevedra,Moraña,36,032,9,360329,36660
Pontevedra,Moraña,36,032,9,360329,36668
Pontevedra,Moraña,36,032,9,360329,36669
Pontevedra,Mos,36,033,5,360335,36415
Pontevedra,Mos,36,033,5,360335,36416
Pontevedra,Mos,36,033,5,360335,36417
Pontevedra,Mos,36,033,5,360335,36419
Pontevedra,"Neves, As",36,034,0,360340,36440
Pontevedra,"Neves, As",36,034,0,360340,36446
Pontevedra,"Neves, As",36,034,0,360340,36447
Pontevedra,"Neves, As",36,034,0,360340,36448
Pontevedra,"Neves, As",36,034,0,360340,36449
Pontevedra,Nigrán,36,035,3,360353,36340
Pontevedra,Nigrán,36,035,3,360353,36350
Pontevedra,Nigrán,36,035,3,360353,36360
Pontevedra,Nigrán,36,035,3,360353,36370
Pontevedra,Nigrán,36,035,3,360353,36379
Pontevedra,Nigrán,36,035,3,360353,36391
Pontevedra,Oia,36,036,6,360366,36309
Pontevedra,Oia,36,036,6,360366,36779
Pontevedra,Oia,36,036,6,360366,36794
Pontevedra,Pazos de Borbén,36,037,2,360372,36817
Pontevedra,Pazos de Borbén,36,037,2,360372,36840
Pontevedra,Pazos de Borbén,36,037,2,360372,36841
Pontevedra,Pazos de Borbén,36,037,2,360372,36842
Pontevedra,Pazos de Borbén,36,037,2,360372,36843
Pontevedra,Pazos de Borbén,36,037,2,360372,36844
Pontevedra,Pontevedra,36,038,8,360388,36001
Pontevedra,Pontevedra,36,038,8,360388,36002
Pontevedra,Pontevedra,36,038,8,360388,36003
Pontevedra,Pontevedra,36,038,8,360388,36004
Pontevedra,Pontevedra,36,038,8,360388,36005
Pontevedra,Pontevedra,36,038,8,360388,36143
Pontevedra,Pontevedra,36,038,8,360388,36150
Pontevedra,Pontevedra,36,038,8,360388,36151
Pontevedra,Pontevedra,36,038,8,360388,36152
Pontevedra,Pontevedra,36,038,8,360388,36153
Pontevedra,Pontevedra,36,038,8,360388,36154
Pontevedra,Pontevedra,36,038,8,360388,36156
Pontevedra,Pontevedra,36,038,8,360388,36157
Pontevedra,Pontevedra,36,038,8,360388,36158
Pontevedra,Pontevedra,36,038,8,360388,36160
Pontevedra,Pontevedra,36,038,8,360388,36161
Pontevedra,Pontevedra,36,038,8,360388,36162
Pontevedra,Pontevedra,36,038,8,360388,36164
Pontevedra,Pontevedra,36,038,8,360388,36690
Pontevedra,Pontevedra,36,038,8,360388,36910
Pontevedra,"Porriño, O",36,039,1,360391,36400
Pontevedra,"Porriño, O",36,039,1,360391,36410
Pontevedra,"Porriño, O",36,039,1,360391,36411
Pontevedra,"Porriño, O",36,039,1,360391,36412
Pontevedra,"Porriño, O",36,039,1,360391,36413
Pontevedra,"Porriño, O",36,039,1,360391,36414
Pontevedra,"Porriño, O",36,039,1,360391,36418
Pontevedra,"Porriño, O",36,039,1,360391,36475
Pontevedra,Portas,36,040,5,360405,36652
Pontevedra,Portas,36,040,5,360405,36657
Pontevedra,Portas,36,040,5,360405,36658
Pontevedra,Poio,36,041,2,360412,36163
Pontevedra,Poio,36,041,2,360412,36992
Pontevedra,Poio,36,041,2,360412,36993
Pontevedra,Poio,36,041,2,360412,36995
Pontevedra,Ponteareas,36,042,7,360427,36860
Pontevedra,Ponteareas,36,042,7,360427,36861
Pontevedra,Ponteareas,36,042,7,360427,36862
Pontevedra,Ponteareas,36,042,7,360427,36863
Pontevedra,Ponteareas,36,042,7,360427,36864
Pontevedra,Ponteareas,36,042,7,360427,36865
Pontevedra,Ponteareas,36,042,7,360427,36866
Pontevedra,Ponteareas,36,042,7,360427,36867
Pontevedra,Ponteareas,36,042,7,360427,36868
Pontevedra,Ponteareas,36,042,7,360427,36869
Pontevedra,Ponteareas,36,042,7,360427,36891
Pontevedra,Ponteareas,36,042,7,360427,36892
Pontevedra,Ponteareas,36,042,7,360427,36893
Pontevedra,Ponteareas,36,042,7,360427,36895
Pontevedra,Ponte Caldelas,36,043,3,360433,36820
Pontevedra,Ponte Caldelas,36,043,3,360433,36826
Pontevedra,Ponte Caldelas,36,043,3,360433,36827
Pontevedra,Ponte Caldelas,36,043,3,360433,36828
Pontevedra,Ponte Caldelas,36,043,3,360433,36829
Pontevedra,Ponte Caldelas,36,043,3,360433,36853
Pontevedra,Pontecesures,36,044,8,360448,36640
Pontevedra,Redondela,36,045,1,360451,36320
Pontevedra,Redondela,36,045,1,360451,36693
Pontevedra,Redondela,36,045,1,360451,36800
Pontevedra,Redondela,36,045,1,360451,36810
Pontevedra,Redondela,36,045,1,360451,36811
Pontevedra,Redondela,36,045,1,360451,36812
Pontevedra,Redondela,36,045,1,360451,36813
Pontevedra,Redondela,36,045,1,360451,36814
Pontevedra,Redondela,36,045,1,360451,36815
Pontevedra,Redondela,36,045,1,360451,36816
Pontevedra,Redondela,36,045,1,360451,36817
Pontevedra,Redondela,36,045,1,360451,36818
Pontevedra,Ribadumia,36,046,4,360464,36635
Pontevedra,Ribadumia,36,046,4,360464,36636
Pontevedra,Rodeiro,36,047,0,360470,36511
Pontevedra,Rodeiro,36,047,0,360470,36530
Pontevedra,Rodeiro,36,047,0,360470,36537
Pontevedra,Rodeiro,36,047,0,360470,36538
Pontevedra,Rodeiro,36,047,0,360470,36539
Pontevedra,"Rosal, O",36,048,6,360486,36760
Pontevedra,"Rosal, O",36,048,6,360486,36770
Pontevedra,Salceda de Caselas,36,049,9,360499,36460
Pontevedra,Salceda de Caselas,36,049,9,360499,36470
Pontevedra,Salceda de Caselas,36,049,9,360499,36471
Pontevedra,Salceda de Caselas,36,049,9,360499,36472
Pontevedra,Salceda de Caselas,36,049,9,360499,36474
Pontevedra,Salceda de Caselas,36,049,9,360499,36475
Pontevedra,Salvaterra de Miño,36,050,2,360502,36450
Pontevedra,Salvaterra de Miño,36,050,2,360502,36455
Pontevedra,Salvaterra de Miño,36,050,2,360502,36456
Pontevedra,Salvaterra de Miño,36,050,2,360502,36457
Pontevedra,Salvaterra de Miño,36,050,2,360502,36458
Pontevedra,Salvaterra de Miño,36,050,2,360502,36459
Pontevedra,Sanxenxo,36,051,9,360519,36960
Pontevedra,Sanxenxo,36,051,9,360519,36966
Pontevedra,Sanxenxo,36,051,9,360519,36969
Pontevedra,Sanxenxo,36,051,9,360519,36970
Pontevedra,Sanxenxo,36,051,9,360519,36979
Pontevedra,Sanxenxo,36,051,9,360519,36990
Pontevedra,Silleda,36,052,4,360524,36540
Pontevedra,Silleda,36,052,4,360524,36543
Pontevedra,Silleda,36,052,4,360524,36544
Pontevedra,Silleda,36,052,4,360524,36545
Pontevedra,Silleda,36,052,4,360524,36546
Pontevedra,Silleda,36,052,4,360524,36547
Pontevedra,Silleda,36,052,4,360524,36548
Pontevedra,Silleda,36,052,4,360524,36570
Pontevedra,Silleda,36,052,4,360524,36579
Pontevedra,Silleda,36,052,4,360524,36587
Pontevedra,Silleda,36,052,4,360524,36589
Pontevedra,Soutomaior,36,053,0,360530,36690
Pontevedra,Soutomaior,36,053,0,360530,36691
Pontevedra,Tomiño,36,054,5,360545,36730
Pontevedra,Tomiño,36,054,5,360545,36739
Pontevedra,Tomiño,36,054,5,360545,36740
Pontevedra,Tomiño,36,054,5,360545,36746
Pontevedra,Tomiño,36,054,5,360545,36747
Pontevedra,Tomiño,36,054,5,360545,36748
Pontevedra,Tomiño,36,054,5,360545,36749
Pontevedra,Tomiño,36,054,5,360545,36750
Pontevedra,Tomiño,36,054,5,360545,36790
Pontevedra,Tomiño,36,054,5,360545,36791
Pontevedra,Tomiño,36,054,5,360545,36792
Pontevedra,Tui,36,055,8,360558,36700
Pontevedra,Tui,36,055,8,360558,36710
Pontevedra,Tui,36,055,8,360558,36711
Pontevedra,Tui,36,055,8,360558,36712
Pontevedra,Tui,36,055,8,360558,36713
Pontevedra,Tui,36,055,8,360558,36714
Pontevedra,Tui,36,055,8,360558,36715
Pontevedra,Tui,36,055,8,360558,36720
Pontevedra,Tui,36,055,8,360558,36721
Pontevedra,Tui,36,055,8,360558,36729
Pontevedra,Valga,36,056,1,360561,36645
Pontevedra,Valga,36,056,1,360561,36646
Pontevedra,Valga,36,056,1,360561,36647
Pontevedra,Vigo,36,057,7,360577,36201
Pontevedra,Vigo,36,057,7,360577,36202
Pontevedra,Vigo,36,057,7,360577,36203
Pontevedra,Vigo,36,057,7,360577,36204
Pontevedra,Vigo,36,057,7,360577,36205
Pontevedra,Vigo,36,057,7,360577,36206
Pontevedra,Vigo,36,057,7,360577,36207
Pontevedra,Vigo,36,057,7,360577,36208
Pontevedra,Vigo,36,057,7,360577,36209
Pontevedra,Vigo,36,057,7,360577,36210
Pontevedra,Vigo,36,057,7,360577,36211
Pontevedra,Vigo,36,057,7,360577,36212
Pontevedra,Vigo,36,057,7,360577,36213
Pontevedra,Vigo,36,057,7,360577,36214
Pontevedra,Vigo,36,057,7,360577,36215
Pontevedra,Vigo,36,057,7,360577,36216
Pontevedra,Vigo,36,057,7,360577,36310
Pontevedra,Vigo,36,057,7,360577,36312
Pontevedra,Vigo,36,057,7,360577,36313
Pontevedra,Vigo,36,057,7,360577,36314
Pontevedra,Vigo,36,057,7,360577,36315
Pontevedra,Vigo,36,057,7,360577,36317
Pontevedra,Vigo,36,057,7,360577,36318
Pontevedra,Vigo,36,057,7,360577,36330
Pontevedra,Vigo,36,057,7,360577,36331
Pontevedra,Vigo,36,057,7,360577,36390
Pontevedra,Vigo,36,057,7,360577,36392
Pontevedra,Vilaboa,36,058,3,360583,36140
Pontevedra,Vilaboa,36,058,3,360583,36141
Pontevedra,Vilaboa,36,058,3,360583,36142
Pontevedra,Vila de Cruces,36,059,6,360596,36580
Pontevedra,Vila de Cruces,36,059,6,360596,36581
Pontevedra,Vila de Cruces,36,059,6,360596,36582
Pontevedra,Vila de Cruces,36,059,6,360596,36583
Pontevedra,Vila de Cruces,36,059,6,360596,36585
Pontevedra,Vila de Cruces,36,059,6,360596,36586
Pontevedra,Vila de Cruces,36,059,6,360596,36587
Pontevedra,Vila de Cruces,36,059,6,360596,36590
Pontevedra,Vila de Cruces,36,059,6,360596,36597
Pontevedra,Vila de Cruces,36,059,6,360596,36598
Pontevedra,Vila de Cruces,36,059,6,360596,36599
Pontevedra,Vilagarcía de Arousa,36,060,0,360600,36600
Pontevedra,Vilagarcía de Arousa,36,060,0,360600,36610
Pontevedra,Vilagarcía de Arousa,36,060,0,360600,36611
Pontevedra,Vilagarcía de Arousa,36,060,0,360600,36613
Pontevedra,Vilagarcía de Arousa,36,060,0,360600,36617
Pontevedra,Vilagarcía de Arousa,36,060,0,360600,36618
Pontevedra,Vilagarcía de Arousa,36,060,0,360600,36619
Pontevedra,Vilanova de Arousa,36,061,7,360617,36614
Pontevedra,Vilanova de Arousa,36,061,7,360617,36620
Pontevedra,Vilanova de Arousa,36,061,7,360617,36627
Pontevedra,Vilanova de Arousa,36,061,7,360617,36628
Pontevedra,Vilanova de Arousa,36,061,7,360617,36629
Pontevedra,"Illa de Arousa, A",36,901,1,369011,36626
Pontevedra,Cerdedo-Cotobade,36,902,6,369026,36116
Pontevedra,Cerdedo-Cotobade,36,902,6,369026,36120
Pontevedra,Cerdedo-Cotobade,36,902,6,369026,36121
Pontevedra,Cerdedo-Cotobade,36,902,6,369026,36139
Pontevedra,Cerdedo-Cotobade,36,902,6,369026,36558
Pontevedra,Cerdedo-Cotobade,36,902,6,369026,36854
Pontevedra,Cerdedo-Cotobade,36,902,6,369026,36855
Pontevedra,Cerdedo-Cotobade,36,902,6,369026,36856
Pontevedra,Cerdedo-Cotobade,36,902,6,369026,36857
Pontevedra,Cerdedo-Cotobade,36,902,6,369026,36858
Pontevedra,Cerdedo-Cotobade,36,902,6,369026,36859
Salamanca,Abusejo,37,001,6,370016,37640
Salamanca,Agallas,37,002,1,370021,37510
Salamanca,Ahigal de los Aceiteros,37,003,7,370037,37248
Salamanca,Ahigal de Villarino,37,004,2,370042,37173
Salamanca,"Alameda de Gardón, La",37,005,5,370055,37497
Salamanca,"Alamedilla, La",37,006,8,370068,37554
Salamanca,Alaraz,37,007,4,370074,37312
Salamanca,Alba de Tormes,37,008,0,370080,37800
Salamanca,Alba de Tormes,37,008,0,370080,37882
Salamanca,Alba de Tormes,37,008,0,370080,37890
Salamanca,Alba de Tormes,37,008,0,370080,37892
Salamanca,Alba de Tormes,37,008,0,370080,37893
Salamanca,Alba de Yeltes,37,009,3,370093,37478
Salamanca,"Alberca, La",37,010,7,370107,37624
Salamanca,"Alberguería de Argañán, La",37,011,4,370114,37555
Salamanca,Alconada,37,012,9,370129,37329
Salamanca,Aldeacipreste,37,013,5,370135,37718
Salamanca,Aldeadávila de la Ribera,37,014,0,370140,37250
Salamanca,Aldeadávila de la Ribera,37,014,0,370140,37251
Salamanca,Aldeadávila de la Ribera,37,014,0,370140,37253
Salamanca,Aldea del Obispo,37,015,3,370153,37488
Salamanca,Aldealengua,37,016,6,370166,37350
Salamanca,Aldeanueva de Figueroa,37,017,2,370172,37429
Salamanca,Aldeanueva de la Sierra,37,018,8,370188,37621
Salamanca,Aldearrodrigo,37,019,1,370191,37110
Salamanca,Aldearrubia,37,020,5,370205,37340
Salamanca,Aldeaseca de Alba,37,021,2,370212,37870
Salamanca,Aldeaseca de la Frontera,37,022,7,370227,37317
Salamanca,Aldeatejada,37,023,3,370233,37186
Salamanca,Aldeatejada,37,023,3,370233,37187
Salamanca,Aldeavieja de Tormes,37,024,8,370248,37779
Salamanca,Aldehuela de la Bóveda,37,025,1,370251,37460
Salamanca,Aldehuela de la Bóveda,37,025,1,370251,37466
Salamanca,Aldehuela de Yeltes,37,026,4,370264,37639
Salamanca,Almenara de Tormes,37,027,0,370270,37115
Salamanca,Almendra,37,028,6,370286,37176
Salamanca,Anaya de Alba,37,029,9,370299,37863
Salamanca,Anaya de Alba,37,029,9,370299,37864
Salamanca,Añover de Tormes,37,030,3,370303,37111
Salamanca,Arabayona de Mógica,37,031,0,370310,37418
Salamanca,Arapiles,37,032,5,370325,37796
Salamanca,Arcediano,37,033,1,370331,37429
Salamanca,"Arco, El",37,034,6,370346,37110
Salamanca,Armenteros,37,035,9,370359,37753
Salamanca,Armenteros,37,035,9,370359,37754
Salamanca,Armenteros,37,035,9,370359,37755
Salamanca,Armenteros,37,035,9,370359,37756
Salamanca,San Miguel del Robledo,37,036,2,370362,37659
Salamanca,"Atalaya, La",37,037,8,370378,37591
Salamanca,Babilafuente,37,038,4,370384,37330
Salamanca,Bañobárez,37,039,7,370397,37271
Salamanca,Barbadillo,37,040,1,370401,37440
Salamanca,Barbalos,37,041,8,370418,37607
Salamanca,Barceo,37,042,3,370423,37217
Salamanca,Barruecopardo,37,044,4,370444,37255
Salamanca,"Bastida, La",37,045,7,370457,37621
Salamanca,Béjar,37,046,0,370460,37700
Salamanca,Béjar,37,046,0,370460,37717
Salamanca,Béjar,37,046,0,370460,37793
Salamanca,Beleña,37,047,6,370476,37789
Salamanca,Bermellar,37,049,5,370495,37291
Salamanca,Berrocal de Huebra,37,050,8,370508,37609
Salamanca,Berrocal de Salvatierra,37,051,5,370515,37795
Salamanca,Boada,37,052,0,370520,37290
Salamanca,"Bodón, El",37,054,1,370541,37520
Salamanca,Bogajo,37,055,4,370554,37291
Salamanca,"Bouza, La",37,056,7,370567,37488
Salamanca,Bóveda del Río Almar,37,057,3,370573,37316
Salamanca,Brincones,37,058,9,370589,37217
Salamanca,Buenamadre,37,059,2,370592,37209
Salamanca,Buenamadre,37,059,2,370592,37493
Salamanca,Buenavista,37,060,6,370606,37789
Salamanca,"Cabaco, El",37,061,3,370613,37621
Salamanca,Cabezabellosa de la Calzada,37,062,8,370628,37490
Salamanca,"Cabeza de Béjar, La",37,063,4,370634,37773
Salamanca,Cabeza del Caballo,37,065,2,370652,37214
Salamanca,Cabrerizos,37,067,1,370671,37193
Salamanca,Cabrillas,37,068,7,370687,37630
Salamanca,Calvarrasa de Abajo,37,069,0,370690,37181
Salamanca,Calvarrasa de Arriba,37,070,4,370704,37191
Salamanca,"Calzada de Béjar, La",37,071,1,370711,37714
Salamanca,Calzada de Don Diego,37,072,6,370726,37440
Salamanca,Calzada de Don Diego,37,072,6,370726,37448
Salamanca,Calzada de Valdunciel,37,073,2,370732,37797
Salamanca,Campillo de Azaba,37,074,7,370747,37550
Salamanca,"Campo de Peñaranda, El",37,077,9,370779,37317
Salamanca,Candelario,37,078,5,370785,37710
Salamanca,Canillas de Abajo,37,079,8,370798,37130
Salamanca,Canillas de Abajo,37,079,8,370798,37448
Salamanca,Cantagallo,37,080,2,370802,37716
Salamanca,Cantalapiedra,37,081,9,370819,37400
Salamanca,Cantalpino,37,082,4,370824,37405
Salamanca,Cantaracillo,37,083,0,370830,37319
Salamanca,Carbajosa de la Sagrada,37,085,8,370858,37008
Salamanca,Carbajosa de la Sagrada,37,085,8,370858,37188
Salamanca,Carbajosa de la Sagrada,37,085,8,370858,37191
Salamanca,Carpio de Azaba,37,086,1,370861,37497
Salamanca,Carrascal de Barregas,37,087,7,370877,37120
Salamanca,Carrascal de Barregas,37,087,7,370877,37129
Salamanca,Carrascal de Barregas,37,087,7,370877,37170
Salamanca,Carrascal de Barregas,37,087,7,370877,37192
Salamanca,Carrascal de Barregas,37,087,7,370877,37449
Salamanca,Carrascal del Obispo,37,088,3,370883,37451
Salamanca,Carrascal del Obispo,37,088,3,370883,37609
Salamanca,Casafranca,37,089,6,370896,37767
Salamanca,"Casas del Conde, Las",37,090,0,370900,37659
Salamanca,Casillas de Flores,37,091,7,370917,37541
Salamanca,Castellanos de Moriscos,37,092,2,370922,37439
Salamanca,Castillejo de Martín Viejo,37,096,9,370969,37470
Salamanca,Castillejo de Martín Viejo,37,096,9,370969,37592
Salamanca,Castraz,37,097,5,370975,37496
Salamanca,Cepeda,37,098,1,370981,37656
Salamanca,Cereceda de la Sierra,37,099,4,370994,37621
Salamanca,Cerezal de Peñahorcada,37,100,8,371008,37253
Salamanca,Cerralbo,37,101,5,371015,37273
Salamanca,Cerralbo,37,101,5,371015,37291
Salamanca,"Cerro, El",37,102,0,371020,37720
Salamanca,"Cerro, El",37,102,0,371020,37724
Salamanca,Cespedosa de Tormes,37,103,6,371036,37750
Salamanca,Cilleros de la Bastida,37,104,1,371041,37621
Salamanca,Cipérez,37,106,7,371067,37216
Salamanca,Cipérez,37,106,7,371067,37468
Salamanca,Ciudad Rodrigo,37,107,3,371073,37130
Salamanca,Ciudad Rodrigo,37,107,3,371073,37500
Salamanca,Ciudad Rodrigo,37,107,3,371073,37590
Salamanca,Ciudad Rodrigo,37,107,3,371073,37591
Salamanca,Ciudad Rodrigo,37,107,3,371073,37593
Salamanca,Ciudad Rodrigo,37,107,3,371073,37594
Salamanca,Ciudad Rodrigo,37,107,3,371073,37595
Salamanca,Coca de Alba,37,108,9,371089,37830
Salamanca,Colmenar de Montemayor,37,109,2,371092,37711
Salamanca,Cordovilla,37,110,6,371106,37337
Salamanca,Cristóbal,37,112,8,371128,37684
Salamanca,"Cubo de Don Sancho, El",37,113,4,371134,37281
Salamanca,Chagarcía Medianero,37,114,9,371149,37861
Salamanca,Dios le Guarde,37,115,2,371152,37478
Salamanca,Doñinos de Ledesma,37,116,5,371165,37130
Salamanca,Doñinos de Salamanca,37,117,1,371171,37117
Salamanca,Doñinos de Salamanca,37,117,1,371171,37120
Salamanca,Doñinos de Salamanca,37,117,1,371171,37129
Salamanca,Éjeme,37,118,7,371187,37891
Salamanca,"Encina, La",37,119,0,371190,37515
Salamanca,Encina de San Silvestre,37,120,4,371204,37114
Salamanca,Encinas de Abajo,37,121,1,371211,37874
Salamanca,Encinas de Abajo,37,121,1,371211,37893
Salamanca,Encinas de Arriba,37,122,6,371226,37892
Salamanca,Encinasola de los Comendadores,37,123,2,371232,37256
Salamanca,Endrinal,37,124,7,371247,37765
Salamanca,Endrinal,37,124,7,371247,37766
Salamanca,Escurial de la Sierra,37,125,0,371250,37762
Salamanca,Espadaña,37,126,3,371263,37148
Salamanca,Espeja,37,127,9,371279,37497
Salamanca,Espino de la Orbada,37,128,5,371285,37419
Salamanca,Florida de Liébana,37,129,8,371298,37129
Salamanca,Forfoleda,37,130,2,371302,37799
Salamanca,Frades de la Sierra,37,131,9,371319,37766
Salamanca,"Fregeneda, La",37,132,4,371324,37220
Salamanca,Fresnedoso,37,133,0,371330,37775
Salamanca,Fresno Alhándiga,37,134,5,371345,37789
Salamanca,"Fuente de San Esteban, La",37,135,8,371358,37200
Salamanca,"Fuente de San Esteban, La",37,135,8,371358,37208
Salamanca,"Fuente de San Esteban, La",37,135,8,371358,37493
Salamanca,"Fuente de San Esteban, La",37,135,8,371358,37690
Salamanca,Fuenteguinaldo,37,136,1,371361,37540
Salamanca,Fuenteliante,37,137,7,371377,37291
Salamanca,Fuenterroble de Salvatierra,37,138,3,371383,37768
Salamanca,Fuentes de Béjar,37,139,6,371396,37790
Salamanca,Fuentes de Oñoro,37,140,0,371400,37480
Salamanca,Fuentes de Oñoro,37,140,0,371400,37481
Salamanca,Gajates,37,141,7,371417,37873
Salamanca,Gajates,37,141,7,371417,37874
Salamanca,Galindo y Perahuy,37,142,2,371422,37129
Salamanca,Galindo y Perahuy,37,142,2,371422,37449
Salamanca,Galinduste,37,143,8,371438,37785
Salamanca,Galinduste,37,143,8,371438,37786
Salamanca,Galisancho,37,144,3,371443,37891
Salamanca,Gallegos de Argañán,37,145,6,371456,37497
Salamanca,Gallegos de Solmirón,37,146,9,371469,37751
Salamanca,Garcibuey,37,147,5,371475,37658
Salamanca,Garcihernández,37,148,1,371481,37810
Salamanca,Garcihernández,37,148,1,371481,37874
Salamanca,Garcirrey,37,149,4,371494,37460
Salamanca,Gejuelo del Barro,37,150,7,371507,37114
Salamanca,Golpejas,37,151,4,371514,37170
Salamanca,Gomecello,37,152,9,371529,37420
Salamanca,Guadramiro,37,154,0,371540,37219
Salamanca,Guijo de Ávila,37,155,3,371553,37774
Salamanca,Guijuelo,37,156,6,371566,37770
Salamanca,Guijuelo,37,156,6,371566,37778
Salamanca,Guijuelo,37,156,6,371566,37795
Salamanca,Herguijuela de Ciudad Rodrigo,37,157,2,371572,37510
Salamanca,Herguijuela de Ciudad Rodrigo,37,157,2,371572,37516
Salamanca,Herguijuela de la Sierra,37,158,8,371588,37617
Salamanca,Herguijuela de la Sierra,37,158,8,371588,37619
Salamanca,Herguijuela del Campo,37,159,1,371591,37759
Salamanca,Hinojosa de Duero,37,160,5,371605,37230
Salamanca,Horcajo de Montemayor,37,161,2,371612,37712
Salamanca,Horcajo Medianero,37,162,7,371627,37860
Salamanca,"Hoya, La",37,163,3,371633,37716
Salamanca,Huerta,37,164,8,371648,37336
Salamanca,Iruelos,37,165,1,371651,37217
Salamanca,Ituero de Azaba,37,166,4,371664,37551
Salamanca,Juzbado,37,167,0,371670,37115
Salamanca,Lagunilla,37,168,6,371686,37724
Salamanca,Larrodrigo,37,169,9,371699,37865
Salamanca,Ledesma,37,170,3,371703,37100
Salamanca,Ledesma,37,170,3,371703,37115
Salamanca,Ledesma,37,170,3,371703,37116
Salamanca,Ledrada,37,171,0,371710,37730
Salamanca,Linares de Riofrío,37,172,5,371725,37760
Salamanca,Lumbrales,37,173,1,371731,37240
Salamanca,Macotera,37,174,6,371746,37310
Salamanca,Machacón,37,175,9,371759,37893
Salamanca,Machacón,37,175,9,371759,37894
Salamanca,Madroñal,37,176,2,371762,37619
Salamanca,"Maíllo, El",37,177,8,371778,37621
Salamanca,Malpartida,37,178,4,371784,37313
Salamanca,Mancera de Abajo,37,179,7,371797,37315
Salamanca,"Manzano, El",37,180,1,371801,37171
Salamanca,Martiago,37,181,8,371818,37510
Salamanca,Martinamor,37,182,3,371823,37891
Salamanca,Martín de Yeltes,37,183,9,371839,37494
Salamanca,Martín de Yeltes,37,183,9,371839,37496
Salamanca,Masueco,37,184,4,371844,37251
Salamanca,Castellanos de Villiquera,37,185,7,371857,37797
Salamanca,Castellanos de Villiquera,37,185,7,371857,37798
Salamanca,"Mata de Ledesma, La",37,186,0,371860,37130
Salamanca,"Mata de Ledesma, La",37,186,0,371860,37170
Salamanca,Matilla de los Caños del Río,37,187,6,371876,37450
Salamanca,Matilla de los Caños del Río,37,187,6,371876,37453
Salamanca,"Maya, La",37,188,2,371882,37780
Salamanca,Membribe de la Sierra,37,189,5,371895,37766
Salamanca,Mieza,37,190,9,371909,37254
Salamanca,"Milano, El",37,191,6,371916,37256
Salamanca,Miranda de Azán,37,192,1,371921,37187
Salamanca,Miranda del Castañar,37,193,7,371937,37660
Salamanca,Mogarraz,37,194,2,371942,37610
Salamanca,Molinillo,37,195,5,371955,37683
Salamanca,Monforte de la Sierra,37,196,8,371968,37618
Salamanca,Monleón,37,197,4,371974,37765
Salamanca,Monleras,37,198,0,371980,37171
Salamanca,Monsagro,37,199,3,371993,37532
Salamanca,Montejo,37,200,7,372007,37787
Salamanca,Montejo,37,200,7,372007,37795
Salamanca,Montejo,37,200,7,372007,37798
Salamanca,Montemayor del Río,37,201,4,372014,37727
Salamanca,Monterrubio de Armuña,37,202,9,372029,37798
Salamanca,Monterrubio de la Sierra,37,203,5,372035,37781
Salamanca,Morasverdes,37,204,0,372040,37590
Salamanca,Morille,37,205,3,372053,37183
Salamanca,Moríñigo,37,206,6,372066,37337
Salamanca,Moriscos,37,207,2,372072,37430
Salamanca,Moronta,37,208,8,372088,37216
Salamanca,Mozárbez,37,209,1,372091,37183
Salamanca,Mozárbez,37,209,1,372091,37186
Salamanca,Mozárbez,37,209,1,372091,37796
Salamanca,Narros de Matalayegua,37,211,2,372112,37452
Salamanca,Narros de Matalayegua,37,211,2,372112,37609
Salamanca,Navacarros,37,212,7,372127,37716
Salamanca,Nava de Béjar,37,213,3,372133,37776
Salamanca,Nava de Francia,37,214,8,372148,37659
Salamanca,Nava de Sotrobal,37,215,1,372151,37850
Salamanca,Navales,37,216,4,372164,37882
Salamanca,Navalmoral de Béjar,37,217,0,372170,37794
Salamanca,Navamorales,37,218,6,372186,37749
Salamanca,Navarredonda de la Rinconada,37,219,9,372199,37607
Salamanca,Navasfrías,37,221,0,372210,37542
Salamanca,Negrilla de Palencia,37,222,5,372225,37426
Salamanca,Olmedo de Camaces,37,223,1,372231,37292
Salamanca,"Orbada, La",37,224,6,372246,37428
Salamanca,Pajares de la Laguna,37,225,9,372259,37428
Salamanca,Palacios del Arzobispo,37,226,2,372262,37111
Salamanca,Palaciosrubios,37,228,4,372284,37406
Salamanca,Palencia de Negrilla,37,229,7,372297,37426
Salamanca,Parada de Arriba,37,230,1,372301,37129
Salamanca,Parada de Arriba,37,230,1,372301,37449
Salamanca,Parada de Rubiales,37,231,8,372318,37419
Salamanca,Paradinas de San Juan,37,232,3,372323,37318
Salamanca,Pastores,37,233,9,372339,37510
Salamanca,"Payo, El",37,234,4,372344,37524
Salamanca,Pedraza de Alba,37,235,7,372357,37882
Salamanca,Pedrosillo de Alba,37,236,0,372360,37871
Salamanca,Pedrosillo de los Aires,37,237,6,372376,37788
Salamanca,Pedrosillo de los Aires,37,237,6,372376,37792
Salamanca,Pedrosillo el Ralo,37,238,2,372382,37427
Salamanca,"Pedroso de la Armuña, El",37,239,5,372395,37410
Salamanca,Pelabravo,37,240,9,372409,37181
Salamanca,Pelarrodríguez,37,241,6,372416,37209
Salamanca,Pelarrodríguez,37,241,6,372416,37493
Salamanca,Pelayos,37,242,1,372421,37787
Salamanca,Pelayos,37,242,1,372421,37891
Salamanca,"Peña, La",37,243,7,372437,37214
Salamanca,Peñacaballera,37,244,2,372442,37727
Salamanca,Peñaparda,37,245,5,372455,37523
Salamanca,Peñaranda de Bracamonte,37,246,8,372468,37300
Salamanca,Peñarandilla,37,247,4,372474,37820
Salamanca,Peralejos de Abajo,37,248,0,372480,37216
Salamanca,Peralejos de Arriba,37,249,3,372493,37216
Salamanca,Pereña de la Ribera,37,250,6,372506,37175
Salamanca,Peromingo,37,251,3,372513,37791
Salamanca,Pinedas,37,252,8,372528,37712
Salamanca,"Pino de Tormes, El",37,253,4,372534,37170
Salamanca,Pitiegua,37,254,9,372549,37490
Salamanca,Pizarral,37,255,2,372552,37795
Salamanca,Poveda de las Cintas,37,256,5,372565,37406
Salamanca,Pozos de Hinojo,37,257,1,372571,37216
Salamanca,Pozos de Hinojo,37,257,1,372571,37281
Salamanca,Puebla de Azaba,37,258,7,372587,37552
Salamanca,Puebla de Azaba,37,258,7,372587,37553
Salamanca,Puebla de San Medel,37,259,0,372590,37791
Salamanca,Puebla de Yeltes,37,260,4,372604,37606
Salamanca,Puente del Congosto,37,261,1,372611,37748
Salamanca,Puente del Congosto,37,261,1,372611,37750
Salamanca,Puertas,37,262,6,372626,37159
Salamanca,Puerto de Béjar,37,263,2,372632,37720
Salamanca,Puerto Seguro,37,264,7,372647,37488
Salamanca,Rágama,37,265,0,372650,37318
Salamanca,"Redonda, La",37,266,3,372663,37247
Salamanca,Retortillo,37,267,9,372679,37495
Salamanca,"Rinconada de la Sierra, La",37,268,5,372685,37607
Salamanca,Robleda,37,269,8,372698,37521
Salamanca,Robliza de Cojos,37,270,2,372702,37130
Salamanca,Robliza de Cojos,37,270,2,372702,37492
Salamanca,Rollán,37,271,9,372719,37447
Salamanca,Saelices el Chico,37,272,4,372724,37592
Salamanca,"Sagrada, La",37,273,0,372730,37465
Salamanca,Salamanca,37,274,5,372745,37001
Salamanca,Salamanca,37,274,5,372745,37002
Salamanca,Salamanca,37,274,5,372745,37003
Salamanca,Salamanca,37,274,5,372745,37004
Salamanca,Salamanca,37,274,5,372745,37005
Salamanca,Salamanca,37,274,5,372745,37006
Salamanca,Salamanca,37,274,5,372745,37007
Salamanca,Salamanca,37,274,5,372745,37008
Salamanca,Saldeana,37,275,8,372758,37259
Salamanca,Salmoral,37,276,1,372761,37314
Salamanca,Salvatierra de Tormes,37,277,7,372777,37779
Salamanca,San Cristóbal de la Cuesta,37,278,3,372783,37439
Salamanca,Sancti-Spíritus,37,279,6,372796,37470
Salamanca,Sancti-Spíritus,37,279,6,372796,37479
Salamanca,Sanchón de la Ribera,37,280,0,372800,37217
Salamanca,Sanchón de la Sagrada,37,281,7,372817,37466
Salamanca,Sanchotello,37,282,2,372822,37794
Salamanca,Sando,37,283,8,372838,37460
Salamanca,Sando,37,283,8,372838,37468
Salamanca,San Esteban de la Sierra,37,284,3,372843,37671
Salamanca,San Felices de los Gallegos,37,285,6,372856,37270
Salamanca,San Martín del Castañar,37,286,9,372869,37659
Salamanca,San Miguel de Valero,37,287,5,372875,37763
Salamanca,San Morales,37,288,1,372881,37340
Salamanca,San Muñoz,37,289,4,372894,37208
Salamanca,San Pedro del Valle,37,290,8,372908,37170
Salamanca,San Pedro de Rozados,37,291,5,372915,37183
Salamanca,San Pedro de Rozados,37,291,5,372915,37186
Salamanca,San Pedro de Rozados,37,291,5,372915,37453
Salamanca,San Pedro de Rozados,37,291,5,372915,37455
Salamanca,San Pelayo de Guareña,37,292,0,372920,37110
Salamanca,San Pelayo de Guareña,37,292,0,372920,37111
Salamanca,Santa María de Sando,37,293,6,372936,37468
Salamanca,Santa Marta de Tormes,37,294,1,372941,37900
Salamanca,Santiago de la Puebla,37,296,7,372967,37311
Salamanca,Santibáñez de Béjar,37,297,3,372973,37740
Salamanca,Santibáñez de la Sierra,37,298,9,372989,37670
Salamanca,Santibáñez de la Sierra,37,298,9,372989,37682
Salamanca,Santiz,37,299,2,372992,37110
Salamanca,"Santos, Los",37,300,6,373006,37768
Salamanca,Sardón de los Frailes,37,301,3,373013,37172
Salamanca,Saucelle,37,302,8,373028,37257
Salamanca,"Sahugo, El",37,303,4,373034,37510
Salamanca,Sepulcro-Hilario,37,304,9,373049,37638
Salamanca,Sequeros,37,305,2,373052,37650
Salamanca,Serradilla del Arroyo,37,306,5,373065,37531
Salamanca,Serradilla del Arroyo,37,306,5,373065,37596
Salamanca,Serradilla del Llano,37,307,1,373071,37530
Salamanca,"Sierpe, La",37,309,0,373090,37759
Salamanca,Sieteiglesias de Tormes,37,310,4,373104,37892
Salamanca,Sobradillo,37,311,1,373111,37246
Salamanca,Sorihuela,37,312,6,373126,37777
Salamanca,Sotoserrano,37,313,2,373132,37657
Salamanca,Tabera de Abajo,37,314,7,373147,37130
Salamanca,Tabera de Abajo,37,314,7,373147,37460
Salamanca,"Tala, La",37,315,0,373150,37752
Salamanca,Tamames,37,316,3,373163,37600
Salamanca,Tamames,37,316,3,373163,37609
Salamanca,Tarazona de Guareña,37,317,9,373179,37409
Salamanca,Tardáguila,37,318,5,373185,37429
Salamanca,"Tejado, El",37,319,8,373198,37749
Salamanca,Tejeda y Segoyuela,37,320,2,373202,37607
Salamanca,Tenebrón,37,321,9,373219,37589
Salamanca,Terradillos,37,322,4,373224,37190
Salamanca,Terradillos,37,322,4,373224,37882
Salamanca,Terradillos,37,322,4,373224,37893
Salamanca,Topas,37,323,0,373230,37799
Salamanca,Tordillos,37,324,5,373245,37840
Salamanca,"Tornadizo, El",37,325,8,373258,37765
Salamanca,Torresmenudas,37,327,7,373277,37110
Salamanca,Trabanca,37,328,3,373283,37173
Salamanca,Tremedal de Tormes,37,329,6,373296,37148
Salamanca,Tremedal de Tormes,37,329,6,373296,37149
Salamanca,Valdecarros,37,330,0,373300,37881
Salamanca,Valdefuentes de Sangusín,37,331,7,373317,37680
Salamanca,Valdehijaderos,37,332,2,373322,37713
Salamanca,Valdelacasa,37,333,8,373338,37791
Salamanca,Valdelageve,37,334,3,373343,37724
Salamanca,Valdelosa,37,335,6,373356,37799
Salamanca,Valdemierque,37,336,9,373369,37891
Salamanca,Valderrodrigo,37,337,5,373375,37256
Salamanca,Valdunciel,37,338,1,373381,37798
Salamanca,Valdunciel,37,338,1,373381,37799
Salamanca,Valero,37,339,4,373394,37764
Salamanca,Valsalabroso,37,340,8,373408,37214
Salamanca,Valsalabroso,37,340,8,373408,37217
Salamanca,Valverde de Valdelacasa,37,341,5,373415,37791
Salamanca,Valverdón,37,342,0,373420,37115
Salamanca,Valverdón,37,342,0,373420,37185
Salamanca,Vallejera de Riofrío,37,343,6,373436,37717
Salamanca,Vecinos,37,344,1,373441,37450
Salamanca,Vecinos,37,344,1,373441,37452
Salamanca,Vecinos,37,344,1,373441,37453
Salamanca,Vecinos,37,344,1,373441,37456
Salamanca,Vega de Tirados,37,345,4,373454,37115
Salamanca,Vega de Tirados,37,345,4,373454,37170
Salamanca,"Veguillas, Las",37,346,7,373467,37452
Salamanca,"Veguillas, Las",37,346,7,373467,37454
Salamanca,"Veguillas, Las",37,346,7,373467,37455
Salamanca,"Veguillas, Las",37,346,7,373467,37456
Salamanca,"Vellés, La",37,347,3,373473,37427
Salamanca,Ventosa del Río Almar,37,348,9,373489,37329
Salamanca,"Vídola, La",37,349,2,373492,37214
Salamanca,Vilvestre,37,350,5,373505,37258
Salamanca,Villaflores,37,351,2,373512,37406
Salamanca,Villagonzalo de Tormes,37,352,7,373527,37893
Salamanca,Villagonzalo de Tormes,37,352,7,373527,37894
Salamanca,Villalba de los Llanos,37,353,3,373533,37446
Salamanca,Villamayor,37,354,8,373548,37185
Salamanca,Villanueva del Conde,37,355,1,373551,37658
Salamanca,Villar de Argañán,37,356,4,373564,37497
Salamanca,Villar de Ciervo,37,357,0,373570,37488
Salamanca,Villar de Gallimazo,37,358,6,373586,37320
Salamanca,Villar de la Yegua,37,359,9,373599,37488
Salamanca,Villar de la Yegua,37,359,9,373599,37497
Salamanca,Villar de Peralonso,37,360,3,373603,37147
Salamanca,Villar de Peralonso,37,360,3,373603,37148
Salamanca,Villar de Samaniego,37,361,0,373610,37217
Salamanca,Villares de la Reina,37,362,5,373625,37184
Salamanca,Villares de la Reina,37,362,5,373625,37189
Salamanca,Villares de Yeltes,37,363,1,373631,37267
Salamanca,Villarino de los Aires,37,364,6,373646,37160
Salamanca,Villarino de los Aires,37,364,6,373646,37174
Salamanca,Villarmayor,37,365,9,373659,37130
Salamanca,Villarmayor,37,365,9,373659,37170
Salamanca,Villarmuerto,37,366,2,373662,37217
Salamanca,Villasbuenas,37,367,8,373678,37256
Salamanca,Villasdardo,37,368,4,373684,37468
Salamanca,Villaseco de los Gamitos,37,369,7,373697,37114
Salamanca,Villaseco de los Reyes,37,370,1,373701,37140
Salamanca,Villaseco de los Reyes,37,370,1,373701,37149
Salamanca,Villaseco de los Reyes,37,370,1,373701,37150
Salamanca,Villaseco de los Reyes,37,370,1,373701,37159
Salamanca,Villasrubias,37,371,8,373718,37522
Salamanca,Villaverde de Guareña,37,372,3,373723,37428
Salamanca,Villavieja de Yeltes,37,373,9,373739,37260
Salamanca,Villoria,37,374,4,373744,37339
Salamanca,Villoruela,37,375,7,373757,37338
Salamanca,Vitigudino,37,376,0,373760,37210
Salamanca,Yecla de Yeltes,37,377,6,373776,37219
Salamanca,Zamarra,37,378,2,373782,37591
Salamanca,Zamayón,37,379,5,373795,37110
Salamanca,Zarapicos,37,380,9,373809,37170
Salamanca,"Zarza de Pumareda, La",37,381,6,373816,37253
Salamanca,Zorita de la Frontera,37,382,1,373821,37408
Santa Cruz de Tenerife,Adeje,38,001,2,380012,38615
Santa Cruz de Tenerife,Adeje,38,001,2,380012,38660
Santa Cruz de Tenerife,Adeje,38,001,2,380012,38670
Santa Cruz de Tenerife,Adeje,38,001,2,380012,38677
Santa Cruz de Tenerife,Adeje,38,001,2,380012,38678
Santa Cruz de Tenerife,Adeje,38,001,2,380012,38679
Santa Cruz de Tenerife,Agulo,38,002,7,380027,38830
Santa Cruz de Tenerife,Agulo,38,002,7,380027,38890
Santa Cruz de Tenerife,Alajeró,38,003,3,380033,38810
Santa Cruz de Tenerife,Alajeró,38,003,3,380033,38811
Santa Cruz de Tenerife,Alajeró,38,003,3,380033,38812
Santa Cruz de Tenerife,Alajeró,38,003,3,380033,38813
Santa Cruz de Tenerife,Arafo,38,004,8,380048,38509
Santa Cruz de Tenerife,Arafo,38,004,8,380048,38550
Santa Cruz de Tenerife,Arico,38,005,1,380051,38580
Santa Cruz de Tenerife,Arico,38,005,1,380051,38588
Santa Cruz de Tenerife,Arico,38,005,1,380051,38589
Santa Cruz de Tenerife,Arico,38,005,1,380051,38592
Santa Cruz de Tenerife,Arico,38,005,1,380051,38593
Santa Cruz de Tenerife,Arona,38,006,4,380064,38626
Santa Cruz de Tenerife,Arona,38,006,4,380064,38627
Santa Cruz de Tenerife,Arona,38,006,4,380064,38630
Santa Cruz de Tenerife,Arona,38,006,4,380064,38631
Santa Cruz de Tenerife,Arona,38,006,4,380064,38632
Santa Cruz de Tenerife,Arona,38,006,4,380064,38640
Santa Cruz de Tenerife,Arona,38,006,4,380064,38649
Santa Cruz de Tenerife,Arona,38,006,4,380064,38650
Santa Cruz de Tenerife,Arona,38,006,4,380064,38652
Santa Cruz de Tenerife,Barlovento,38,007,0,380070,38726
Santa Cruz de Tenerife,Barlovento,38,007,0,380070,38727
Santa Cruz de Tenerife,Breña Alta,38,008,6,380086,38700
Santa Cruz de Tenerife,Breña Alta,38,008,6,380086,38710
Santa Cruz de Tenerife,Breña Alta,38,008,6,380086,38713
Santa Cruz de Tenerife,Breña Baja,38,009,9,380099,38711
Santa Cruz de Tenerife,Breña Baja,38,009,9,380099,38712
Santa Cruz de Tenerife,Buenavista del Norte,38,010,3,380103,38480
Santa Cruz de Tenerife,Buenavista del Norte,38,010,3,380103,38489
Santa Cruz de Tenerife,Candelaria,38,011,0,380110,38509
Santa Cruz de Tenerife,Candelaria,38,011,0,380110,38510
Santa Cruz de Tenerife,Candelaria,38,011,0,380110,38520
Santa Cruz de Tenerife,Candelaria,38,011,0,380110,38530
Santa Cruz de Tenerife,Candelaria,38,011,0,380110,38540
Santa Cruz de Tenerife,Fasnia,38,012,5,380125,38570
Santa Cruz de Tenerife,Fasnia,38,012,5,380125,38579
Santa Cruz de Tenerife,Frontera,38,013,1,380131,38911
Santa Cruz de Tenerife,Frontera,38,013,1,380131,38912
Santa Cruz de Tenerife,Frontera,38,013,1,380131,38913
Santa Cruz de Tenerife,Fuencaliente de la Palma,38,014,6,380146,38740
Santa Cruz de Tenerife,Fuencaliente de la Palma,38,014,6,380146,38749
Santa Cruz de Tenerife,Garachico,38,015,9,380159,38450
Santa Cruz de Tenerife,Garachico,38,015,9,380159,38458
Santa Cruz de Tenerife,Garachico,38,015,9,380159,38459
Santa Cruz de Tenerife,Garachico,38,015,9,380159,38460
Santa Cruz de Tenerife,Garafía,38,016,2,380162,38728
Santa Cruz de Tenerife,Garafía,38,016,2,380162,38787
Santa Cruz de Tenerife,Garafía,38,016,2,380162,38788
Santa Cruz de Tenerife,Granadilla de Abona,38,017,8,380178,38594
Santa Cruz de Tenerife,Granadilla de Abona,38,017,8,380178,38595
Santa Cruz de Tenerife,Granadilla de Abona,38,017,8,380178,38600
Santa Cruz de Tenerife,Granadilla de Abona,38,017,8,380178,38611
Santa Cruz de Tenerife,Granadilla de Abona,38,017,8,380178,38612
Santa Cruz de Tenerife,Granadilla de Abona,38,017,8,380178,38616
Santa Cruz de Tenerife,Granadilla de Abona,38,017,8,380178,38617
Santa Cruz de Tenerife,Granadilla de Abona,38,017,8,380178,38618
Santa Cruz de Tenerife,"Guancha, La",38,018,4,380184,38440
Santa Cruz de Tenerife,"Guancha, La",38,018,4,380184,38441
Santa Cruz de Tenerife,"Guancha, La",38,018,4,380184,38449
Santa Cruz de Tenerife,Guía de Isora,38,019,7,380197,38680
Santa Cruz de Tenerife,Guía de Isora,38,019,7,380197,38685
Santa Cruz de Tenerife,Guía de Isora,38,019,7,380197,38686
Santa Cruz de Tenerife,Guía de Isora,38,019,7,380197,38687
Santa Cruz de Tenerife,Guía de Isora,38,019,7,380197,38688
Santa Cruz de Tenerife,Guía de Isora,38,019,7,380197,38689
Santa Cruz de Tenerife,Güímar,38,020,1,380201,38500
Santa Cruz de Tenerife,Güímar,38,020,1,380201,38508
Santa Cruz de Tenerife,Güímar,38,020,1,380201,38560
Santa Cruz de Tenerife,Güímar,38,020,1,380201,38590
Santa Cruz de Tenerife,Güímar,38,020,1,380201,38591
Santa Cruz de Tenerife,Hermigua,38,021,8,380218,38820
Santa Cruz de Tenerife,Hermigua,38,021,8,380218,38829
Santa Cruz de Tenerife,Hermigua,38,021,8,380218,38869
Santa Cruz de Tenerife,Hermigua,38,021,8,380218,38890
Santa Cruz de Tenerife,Icod de los Vinos,38,022,3,380223,38430
Santa Cruz de Tenerife,Icod de los Vinos,38,022,3,380223,38434
Santa Cruz de Tenerife,Icod de los Vinos,38,022,3,380223,38438
Santa Cruz de Tenerife,Icod de los Vinos,38,022,3,380223,38439
Santa Cruz de Tenerife,San Cristóbal de La Laguna,38,023,9,380239,38108
Santa Cruz de Tenerife,San Cristóbal de La Laguna,38,023,9,380239,38201
Santa Cruz de Tenerife,San Cristóbal de La Laguna,38,023,9,380239,38202
Santa Cruz de Tenerife,San Cristóbal de La Laguna,38,023,9,380239,38203
Santa Cruz de Tenerife,San Cristóbal de La Laguna,38,023,9,380239,38204
Santa Cruz de Tenerife,San Cristóbal de La Laguna,38,023,9,380239,38205
Santa Cruz de Tenerife,San Cristóbal de La Laguna,38,023,9,380239,38206
Santa Cruz de Tenerife,San Cristóbal de La Laguna,38,023,9,380239,38207
Santa Cruz de Tenerife,San Cristóbal de La Laguna,38,023,9,380239,38208
Santa Cruz de Tenerife,San Cristóbal de La Laguna,38,023,9,380239,38240
Santa Cruz de Tenerife,San Cristóbal de La Laguna,38,023,9,380239,38250
Santa Cruz de Tenerife,San Cristóbal de La Laguna,38,023,9,380239,38260
Santa Cruz de Tenerife,San Cristóbal de La Laguna,38,023,9,380239,38270
Santa Cruz de Tenerife,San Cristóbal de La Laguna,38,023,9,380239,38291
Santa Cruz de Tenerife,San Cristóbal de La Laguna,38,023,9,380239,38293
Santa Cruz de Tenerife,San Cristóbal de La Laguna,38,023,9,380239,38294
Santa Cruz de Tenerife,San Cristóbal de La Laguna,38,023,9,380239,38296
Santa Cruz de Tenerife,San Cristóbal de La Laguna,38,023,9,380239,38297
Santa Cruz de Tenerife,San Cristóbal de La Laguna,38,023,9,380239,38320
Santa Cruz de Tenerife,San Cristóbal de La Laguna,38,023,9,380239,38329
Santa Cruz de Tenerife,San Cristóbal de La Laguna,38,023,9,380239,38330
Santa Cruz de Tenerife,"Llanos de Aridane, Los",38,024,4,380244,38759
Santa Cruz de Tenerife,"Llanos de Aridane, Los",38,024,4,380244,38760
Santa Cruz de Tenerife,"Llanos de Aridane, Los",38,024,4,380244,38767
Santa Cruz de Tenerife,"Llanos de Aridane, Los",38,024,4,380244,38768
Santa Cruz de Tenerife,"Llanos de Aridane, Los",38,024,4,380244,38769
Santa Cruz de Tenerife,"Matanza de Acentejo, La",38,025,7,380257,38370
Santa Cruz de Tenerife,"Matanza de Acentejo, La",38,025,7,380257,38379
Santa Cruz de Tenerife,"Orotava, La",38,026,0,380260,38300
Santa Cruz de Tenerife,"Orotava, La",38,026,0,380260,38310
Santa Cruz de Tenerife,"Orotava, La",38,026,0,380260,38311
Santa Cruz de Tenerife,"Orotava, La",38,026,0,380260,38312
Santa Cruz de Tenerife,"Orotava, La",38,026,0,380260,38313
Santa Cruz de Tenerife,"Orotava, La",38,026,0,380260,38314
Santa Cruz de Tenerife,"Orotava, La",38,026,0,380260,38315
Santa Cruz de Tenerife,"Paso, El",38,027,6,380276,38750
Santa Cruz de Tenerife,"Paso, El",38,027,6,380276,38758
Santa Cruz de Tenerife,"Paso, El",38,027,6,380276,38759
Santa Cruz de Tenerife,"Paso, El",38,027,6,380276,38768
Santa Cruz de Tenerife,"Paso, El",38,027,6,380276,38769
Santa Cruz de Tenerife,Puerto de la Cruz,38,028,2,380282,38400
Santa Cruz de Tenerife,Puntagorda,38,029,5,380295,38789
Santa Cruz de Tenerife,Puntallana,38,030,9,380309,38714
Santa Cruz de Tenerife,Puntallana,38,030,9,380309,38715
Santa Cruz de Tenerife,"Realejos, Los",38,031,6,380316,38410
Santa Cruz de Tenerife,"Realejos, Los",38,031,6,380316,38412
Santa Cruz de Tenerife,"Realejos, Los",38,031,6,380316,38413
Santa Cruz de Tenerife,"Realejos, Los",38,031,6,380316,38414
Santa Cruz de Tenerife,"Realejos, Los",38,031,6,380316,38415
Santa Cruz de Tenerife,"Realejos, Los",38,031,6,380316,38416
Santa Cruz de Tenerife,"Realejos, Los",38,031,6,380316,38417
Santa Cruz de Tenerife,"Realejos, Los",38,031,6,380316,38418
Santa Cruz de Tenerife,"Realejos, Los",38,031,6,380316,38419
Santa Cruz de Tenerife,"Rosario, El",38,032,1,380321,38109
Santa Cruz de Tenerife,"Rosario, El",38,032,1,380321,38190
Santa Cruz de Tenerife,"Rosario, El",38,032,1,380321,38290
Santa Cruz de Tenerife,"Rosario, El",38,032,1,380321,38510
Santa Cruz de Tenerife,San Andrés y Sauces,38,033,7,380337,38720
Santa Cruz de Tenerife,San Andrés y Sauces,38,033,7,380337,38729
Santa Cruz de Tenerife,San Juan de la Rambla,38,034,2,380342,38420
Santa Cruz de Tenerife,San Juan de la Rambla,38,034,2,380342,38428
Santa Cruz de Tenerife,San Juan de la Rambla,38,034,2,380342,38429
Santa Cruz de Tenerife,San Miguel de Abona,38,035,5,380355,38620
Santa Cruz de Tenerife,San Miguel de Abona,38,035,5,380355,38628
Santa Cruz de Tenerife,San Miguel de Abona,38,035,5,380355,38629
Santa Cruz de Tenerife,San Miguel de Abona,38,035,5,380355,38632
Santa Cruz de Tenerife,San Miguel de Abona,38,035,5,380355,38639
Santa Cruz de Tenerife,San Sebastián de la Gomera,38,036,8,380368,38800
Santa Cruz de Tenerife,San Sebastián de la Gomera,38,036,8,380368,38801
Santa Cruz de Tenerife,San Sebastián de la Gomera,38,036,8,380368,38811
Santa Cruz de Tenerife,Santa Cruz de la Palma,38,037,4,380374,38700
Santa Cruz de Tenerife,Santa Cruz de la Palma,38,037,4,380374,38714
Santa Cruz de Tenerife,Santa Cruz de la Palma,38,037,4,380374,38715
Santa Cruz de Tenerife,Santa Cruz de Tenerife,38,038,0,380380,38001
Santa Cruz de Tenerife,Santa Cruz de Tenerife,38,038,0,380380,38002
Santa Cruz de Tenerife,Santa Cruz de Tenerife,38,038,0,380380,38003
Santa Cruz de Tenerife,Santa Cruz de Tenerife,38,038,0,380380,38004
Santa Cruz de Tenerife,Santa Cruz de Tenerife,38,038,0,380380,38005
Santa Cruz de Tenerife,Santa Cruz de Tenerife,38,038,0,380380,38006
Santa Cruz de Tenerife,Santa Cruz de Tenerife,38,038,0,380380,38007
Santa Cruz de Tenerife,Santa Cruz de Tenerife,38,038,0,380380,38008
Santa Cruz de Tenerife,Santa Cruz de Tenerife,38,038,0,380380,38009
Santa Cruz de Tenerife,Santa Cruz de Tenerife,38,038,0,380380,38010
Santa Cruz de Tenerife,Santa Cruz de Tenerife,38,038,0,380380,38107
Santa Cruz de Tenerife,Santa Cruz de Tenerife,38,038,0,380380,38108
Santa Cruz de Tenerife,Santa Cruz de Tenerife,38,038,0,380380,38110
Santa Cruz de Tenerife,Santa Cruz de Tenerife,38,038,0,380380,38111
Santa Cruz de Tenerife,Santa Cruz de Tenerife,38,038,0,380380,38120
Santa Cruz de Tenerife,Santa Cruz de Tenerife,38,038,0,380380,38129
Santa Cruz de Tenerife,Santa Cruz de Tenerife,38,038,0,380380,38130
Santa Cruz de Tenerife,Santa Cruz de Tenerife,38,038,0,380380,38139
Santa Cruz de Tenerife,Santa Cruz de Tenerife,38,038,0,380380,38140
Santa Cruz de Tenerife,Santa Cruz de Tenerife,38,038,0,380380,38150
Santa Cruz de Tenerife,Santa Cruz de Tenerife,38,038,0,380380,38160
Santa Cruz de Tenerife,Santa Cruz de Tenerife,38,038,0,380380,38170
Santa Cruz de Tenerife,Santa Cruz de Tenerife,38,038,0,380380,38180
Santa Cruz de Tenerife,Santa Cruz de Tenerife,38,038,0,380380,38294
Santa Cruz de Tenerife,Santa Cruz de Tenerife,38,038,0,380380,38320
Santa Cruz de Tenerife,Santa Úrsula,38,039,3,380393,38390
Santa Cruz de Tenerife,Santa Úrsula,38,039,3,380393,38398
Santa Cruz de Tenerife,Santa Úrsula,38,039,3,380393,38399
Santa Cruz de Tenerife,Santiago del Teide,38,040,7,380407,38683
Santa Cruz de Tenerife,Santiago del Teide,38,040,7,380407,38684
Santa Cruz de Tenerife,Santiago del Teide,38,040,7,380407,38690
Santa Cruz de Tenerife,"Sauzal, El",38,041,4,380414,38359
Santa Cruz de Tenerife,"Sauzal, El",38,041,4,380414,38360
Santa Cruz de Tenerife,"Silos, Los",38,042,9,380429,38435
Santa Cruz de Tenerife,"Silos, Los",38,042,9,380429,38460
Santa Cruz de Tenerife,"Silos, Los",38,042,9,380429,38470
Santa Cruz de Tenerife,"Silos, Los",38,042,9,380429,38479
Santa Cruz de Tenerife,Tacoronte,38,043,5,380435,38340
Santa Cruz de Tenerife,Tacoronte,38,043,5,380435,38350
Santa Cruz de Tenerife,Tacoronte,38,043,5,380435,38355
Santa Cruz de Tenerife,Tacoronte,38,043,5,380435,38356
Santa Cruz de Tenerife,Tacoronte,38,043,5,380435,38357
Santa Cruz de Tenerife,Tacoronte,38,043,5,380435,38358
Santa Cruz de Tenerife,"Tanque, El",38,044,0,380440,38435
Santa Cruz de Tenerife,Tazacorte,38,045,3,380453,38770
Santa Cruz de Tenerife,Tazacorte,38,045,3,380453,38779
Santa Cruz de Tenerife,Tegueste,38,046,6,380466,38280
Santa Cruz de Tenerife,Tegueste,38,046,6,380466,38292
Santa Cruz de Tenerife,Tijarafe,38,047,2,380472,38780
Santa Cruz de Tenerife,Valverde,38,048,8,380488,38900
Santa Cruz de Tenerife,Valverde,38,048,8,380488,38910
Santa Cruz de Tenerife,Valverde,38,048,8,380488,38915
Santa Cruz de Tenerife,Valverde,38,048,8,380488,38916
Santa Cruz de Tenerife,Valle Gran Rey,38,049,1,380491,38852
Santa Cruz de Tenerife,Valle Gran Rey,38,049,1,380491,38870
Santa Cruz de Tenerife,Valle Gran Rey,38,049,1,380491,38879
Santa Cruz de Tenerife,Valle Gran Rey,38,049,1,380491,38892
Santa Cruz de Tenerife,Vallehermoso,38,050,4,380504,38840
Santa Cruz de Tenerife,Vallehermoso,38,050,4,380504,38849
Santa Cruz de Tenerife,Vallehermoso,38,050,4,380504,38850
Santa Cruz de Tenerife,Vallehermoso,38,050,4,380504,38852
Santa Cruz de Tenerife,Vallehermoso,38,050,4,380504,38869
Santa Cruz de Tenerife,Vallehermoso,38,050,4,380504,38870
Santa Cruz de Tenerife,Vallehermoso,38,050,4,380504,38891
Santa Cruz de Tenerife,"Victoria de Acentejo, La",38,051,1,380511,38380
Santa Cruz de Tenerife,"Victoria de Acentejo, La",38,051,1,380511,38389
Santa Cruz de Tenerife,Vilaflor de Chasna,38,052,6,380526,38613
Santa Cruz de Tenerife,Vilaflor de Chasna,38,052,6,380526,38614
Santa Cruz de Tenerife,Vilaflor de Chasna,38,052,6,380526,38615
Santa Cruz de Tenerife,Vilaflor de Chasna,38,052,6,380526,38629
Santa Cruz de Tenerife,Villa de Mazo,38,053,2,380532,38730
Santa Cruz de Tenerife,Villa de Mazo,38,053,2,380532,38736
Santa Cruz de Tenerife,Villa de Mazo,38,053,2,380532,38738
Santa Cruz de Tenerife,Villa de Mazo,38,053,2,380532,38739
Santa Cruz de Tenerife,"Pinar de El Hierro, El",38,901,3,389013,38914
Santa Cruz de Tenerife,"Pinar de El Hierro, El",38,901,3,389013,38917
Cantabria,Alfoz de Lloredo,39,001,5,390015,39320
Cantabria,Alfoz de Lloredo,39,001,5,390015,39329
Cantabria,Alfoz de Lloredo,39,001,5,390015,39525
Cantabria,Alfoz de Lloredo,39,001,5,390015,39526
Cantabria,Alfoz de Lloredo,39,001,5,390015,39539
Cantabria,Alfoz de Lloredo,39,001,5,390015,39590
Cantabria,Ampuero,39,002,0,390020,39840
Cantabria,Ampuero,39,002,0,390020,39849
Cantabria,Ampuero,39,002,0,390020,39850
Cantabria,Anievas,39,003,6,390036,39451
Cantabria,Arenas de Iguña,39,004,1,390041,39450
Cantabria,Arenas de Iguña,39,004,1,390041,39451
Cantabria,Argoños,39,005,4,390054,39197
Cantabria,Arnuero,39,006,7,390067,39193
Cantabria,Arnuero,39,006,7,390067,39195
Cantabria,Arredondo,39,007,3,390073,39813
Cantabria,"Astillero, El",39,008,9,390089,39610
Cantabria,"Astillero, El",39,008,9,390089,39611
Cantabria,"Astillero, El",39,008,9,390089,39613
Cantabria,Bárcena de Cicero,39,009,2,390092,39760
Cantabria,Bárcena de Cicero,39,009,2,390092,39761
Cantabria,Bárcena de Cicero,39,009,2,390092,39790
Cantabria,Bárcena de Cicero,39,009,2,390092,39791
Cantabria,Bárcena de Pie de Concha,39,010,6,390106,39420
Cantabria,Bareyo,39,011,3,390113,39170
Cantabria,Bareyo,39,011,3,390113,39191
Cantabria,Cabezón de la Sal,39,012,8,390128,39500
Cantabria,Cabezón de la Sal,39,012,8,390128,39507
Cantabria,Cabezón de la Sal,39,012,8,390128,39509
Cantabria,Cabezón de la Sal,39,012,8,390128,39591
Cantabria,Cabezón de la Sal,39,012,8,390128,39592
Cantabria,Cabezón de Liébana,39,013,4,390134,39571
Cantabria,Cabezón de Liébana,39,013,4,390134,39573
Cantabria,Cabezón de Liébana,39,013,4,390134,39574
Cantabria,Cabuérniga,39,014,9,390149,39510
Cantabria,Cabuérniga,39,014,9,390149,39511
Cantabria,Cabuérniga,39,014,9,390149,39518
Cantabria,Cabuérniga,39,014,9,390149,39558
Cantabria,Camaleño,39,015,2,390152,39582
Cantabria,Camaleño,39,015,2,390152,39586
Cantabria,Camaleño,39,015,2,390152,39587
Cantabria,Camaleño,39,015,2,390152,39588
Cantabria,Camargo,39,016,5,390165,39600
Cantabria,Camargo,39,016,5,390165,39608
Cantabria,Camargo,39,016,5,390165,39609
Cantabria,Campoo de Yuso,39,017,1,390171,39292
Cantabria,Campoo de Yuso,39,017,1,390171,39294
Cantabria,Cartes,39,018,7,390187,39311
Cantabria,Cartes,39,018,7,390187,39460
Cantabria,Castañeda,39,019,0,390190,39650
Cantabria,Castañeda,39,019,0,390190,39660
Cantabria,Castro-Urdiales,39,020,4,390204,39700
Cantabria,Castro-Urdiales,39,020,4,390204,39706
Cantabria,Castro-Urdiales,39,020,4,390204,39707
Cantabria,Castro-Urdiales,39,020,4,390204,39709
Cantabria,Castro-Urdiales,39,020,4,390204,39798
Cantabria,Cieza,39,021,1,390211,39407
Cantabria,Cillorigo de Liébana,39,022,6,390226,39580
Cantabria,Cillorigo de Liébana,39,022,6,390226,39583
Cantabria,Cillorigo de Liébana,39,022,6,390226,39584
Cantabria,Colindres,39,023,2,390232,39750
Cantabria,Comillas,39,024,7,390247,39520
Cantabria,Comillas,39,024,7,390247,39528
Cantabria,"Corrales de Buelna, Los",39,025,0,390250,39400
Cantabria,"Corrales de Buelna, Los",39,025,0,390250,39408
Cantabria,Corvera de Toranzo,39,026,3,390263,39680
Cantabria,Corvera de Toranzo,39,026,3,390263,39682
Cantabria,Corvera de Toranzo,39,026,3,390263,39697
Cantabria,Corvera de Toranzo,39,026,3,390263,39699
Cantabria,Campoo de Enmedio,39,027,9,390279,39200
Cantabria,Campoo de Enmedio,39,027,9,390279,39212
Cantabria,Campoo de Enmedio,39,027,9,390279,39213
Cantabria,Campoo de Enmedio,39,027,9,390279,39292
Cantabria,Campoo de Enmedio,39,027,9,390279,39491
Cantabria,Entrambasaguas,39,028,5,390285,39715
Cantabria,Entrambasaguas,39,028,5,390285,39716
Cantabria,Entrambasaguas,39,028,5,390285,39719
Cantabria,Escalante,39,029,8,390298,39193
Cantabria,Escalante,39,029,8,390298,39795
Cantabria,Guriezo,39,030,2,390302,39788
Cantabria,Guriezo,39,030,2,390302,39880
Cantabria,Hazas de Cesto,39,031,9,390319,39730
Cantabria,Hazas de Cesto,39,031,9,390319,39738
Cantabria,Hermandad de Campoo de Suso,39,032,4,390324,39210
Cantabria,Hermandad de Campoo de Suso,39,032,4,390324,39212
Cantabria,Hermandad de Campoo de Suso,39,032,4,390324,39213
Cantabria,Herrerías,39,033,0,390330,39550
Cantabria,Herrerías,39,033,0,390330,39551
Cantabria,Herrerías,39,033,0,390330,39594
Cantabria,Lamasón,39,034,5,390345,39550
Cantabria,Laredo,39,035,8,390358,39770
Cantabria,Laredo,39,035,8,390358,39777
Cantabria,Liendo,39,036,1,390361,39776
Cantabria,Liérganes,39,037,7,390377,39718
Cantabria,Liérganes,39,037,7,390377,39722
Cantabria,Liérganes,39,037,7,390377,39727
Cantabria,Limpias,39,038,3,390383,39778
Cantabria,Limpias,39,038,3,390383,39820
Cantabria,Luena,39,039,6,390396,39682
Cantabria,Luena,39,039,6,390396,39687
Cantabria,Luena,39,039,6,390396,39688
Cantabria,Marina de Cudeyo,39,040,0,390400,39130
Cantabria,Marina de Cudeyo,39,040,0,390400,39618
Cantabria,Marina de Cudeyo,39,040,0,390400,39719
Cantabria,Marina de Cudeyo,39,040,0,390400,39792
Cantabria,Mazcuerras,39,041,7,390417,39509
Cantabria,Mazcuerras,39,041,7,390417,39592
Cantabria,Medio Cudeyo,39,042,2,390422,39619
Cantabria,Medio Cudeyo,39,042,2,390422,39710
Cantabria,Medio Cudeyo,39,042,2,390422,39718
Cantabria,Medio Cudeyo,39,042,2,390422,39724
Cantabria,Medio Cudeyo,39,042,2,390422,39792
Cantabria,Meruelo,39,043,8,390438,39192
Cantabria,Miengo,39,044,3,390443,39310
Cantabria,Miengo,39,044,3,390443,39318
Cantabria,Miera,39,045,6,390456,39723
Cantabria,Miera,39,045,6,390456,39728
Cantabria,Molledo,39,046,9,390469,39420
Cantabria,Molledo,39,046,9,390469,39430
Cantabria,Molledo,39,046,9,390469,39438
Cantabria,Noja,39,047,5,390475,39180
Cantabria,Penagos,39,048,1,390481,39627
Cantabria,Peñarrubia,39,049,4,390494,39580
Cantabria,Pesaguero,39,050,7,390507,39572
Cantabria,Pesaguero,39,050,7,390507,39574
Cantabria,Pesquera,39,051,4,390514,39491
Cantabria,Piélagos,39,052,9,390529,39120
Cantabria,Piélagos,39,052,9,390529,39470
Cantabria,Piélagos,39,052,9,390529,39477
Cantabria,Piélagos,39,052,9,390529,39478
Cantabria,Piélagos,39,052,9,390529,39479
Cantabria,Piélagos,39,052,9,390529,39612
Cantabria,Polaciones,39,053,5,390535,39556
Cantabria,Polaciones,39,053,5,390535,39557
Cantabria,Polanco,39,054,0,390540,39312
Cantabria,Polanco,39,054,0,390540,39313
Cantabria,Potes,39,055,3,390553,39570
Cantabria,Puente Viesgo,39,056,6,390566,39670
Cantabria,Puente Viesgo,39,056,6,390566,39679
Cantabria,Ramales de la Victoria,39,057,2,390572,39800
Cantabria,Ramales de la Victoria,39,057,2,390572,39805
Cantabria,Ramales de la Victoria,39,057,2,390572,39809
Cantabria,Ramales de la Victoria,39,057,2,390572,39812
Cantabria,Ramales de la Victoria,39,057,2,390572,39815
Cantabria,Rasines,39,058,8,390588,39860
Cantabria,Reinosa,39,059,1,390591,39200
Cantabria,Reocín,39,060,5,390605,39530
Cantabria,Reocín,39,060,5,390605,39538
Cantabria,Reocín,39,060,5,390605,39539
Cantabria,Reocín,39,060,5,390605,39590
Cantabria,Reocín,39,060,5,390605,39591
Cantabria,Ribamontán al Mar,39,061,2,390612,39140
Cantabria,Ribamontán al Mar,39,061,2,390612,39150
Cantabria,Ribamontán al Mar,39,061,2,390612,39160
Cantabria,Ribamontán al Monte,39,062,7,390627,39793
Cantabria,Ribamontán al Monte,39,062,7,390627,39794
Cantabria,Rionansa,39,063,3,390633,39553
Cantabria,Rionansa,39,063,3,390633,39554
Cantabria,Rionansa,39,063,3,390633,39559
Cantabria,Riotuerto,39,064,8,390648,39720
Cantabria,Riotuerto,39,064,8,390648,39727
Cantabria,"Rozas de Valdearroyo, Las",39,065,1,390651,39213
Cantabria,"Rozas de Valdearroyo, Las",39,065,1,390651,39417
Cantabria,Ruente,39,066,4,390664,39510
Cantabria,Ruente,39,066,4,390664,39513
Cantabria,Ruesga,39,067,0,390670,39728
Cantabria,Ruesga,39,067,0,390670,39812
Cantabria,Ruesga,39,067,0,390670,39815
Cantabria,Ruiloba,39,068,6,390686,39527
Cantabria,San Felices de Buelna,39,069,9,390699,39409
Cantabria,San Miguel de Aguayo,39,070,3,390703,39491
Cantabria,San Pedro del Romeral,39,071,0,390710,39683
Cantabria,San Pedro del Romeral,39,071,0,390710,39686
Cantabria,San Roque de Riomiera,39,072,5,390725,39728
Cantabria,Santa Cruz de Bezana,39,073,1,390731,39100
Cantabria,Santa Cruz de Bezana,39,073,1,390731,39108
Cantabria,Santa Cruz de Bezana,39,073,1,390731,39110
Cantabria,Santa María de Cayón,39,074,6,390746,39620
Cantabria,Santa María de Cayón,39,074,6,390746,39626
Cantabria,Santa María de Cayón,39,074,6,390746,39627
Cantabria,Santa María de Cayón,39,074,6,390746,39650
Cantabria,Santa María de Cayón,39,074,6,390746,39694
Cantabria,Santander,39,075,9,390759,39001
Cantabria,Santander,39,075,9,390759,39002
Cantabria,Santander,39,075,9,390759,39003
Cantabria,Santander,39,075,9,390759,39004
Cantabria,Santander,39,075,9,390759,39005
Cantabria,Santander,39,075,9,390759,39006
Cantabria,Santander,39,075,9,390759,39007
Cantabria,Santander,39,075,9,390759,39008
Cantabria,Santander,39,075,9,390759,39009
Cantabria,Santander,39,075,9,390759,39010
Cantabria,Santander,39,075,9,390759,39011
Cantabria,Santander,39,075,9,390759,39012
Cantabria,Santillana del Mar,39,076,2,390762,39314
Cantabria,Santillana del Mar,39,076,2,390762,39330
Cantabria,Santillana del Mar,39,076,2,390762,39360
Cantabria,Santiurde de Reinosa,39,077,8,390778,39490
Cantabria,Santiurde de Reinosa,39,077,8,390778,39491
Cantabria,Santiurde de Toranzo,39,078,4,390784,39689
Cantabria,Santiurde de Toranzo,39,078,4,390784,39691
Cantabria,Santiurde de Toranzo,39,078,4,390784,39698
Cantabria,Santoña,39,079,7,390797,39197
Cantabria,Santoña,39,079,7,390797,39740
Cantabria,Santoña,39,079,7,390797,39749
Cantabria,San Vicente de la Barquera,39,080,1,390801,39540
Cantabria,San Vicente de la Barquera,39,080,1,390801,39547
Cantabria,San Vicente de la Barquera,39,080,1,390801,39548
Cantabria,San Vicente de la Barquera,39,080,1,390801,39549
Cantabria,Saro,39,081,8,390818,39639
Cantabria,Selaya,39,082,3,390823,39696
Cantabria,Soba,39,083,9,390839,39728
Cantabria,Soba,39,083,9,390839,39805
Cantabria,Soba,39,083,9,390839,39806
Cantabria,Soba,39,083,9,390839,39808
Cantabria,Soba,39,083,9,390839,39813
Cantabria,Solórzano,39,084,4,390844,39738
Cantabria,Suances,39,085,7,390857,39340
Cantabria,Suances,39,085,7,390857,39350
Cantabria,Suances,39,085,7,390857,39360
Cantabria,"Tojos, Los",39,086,0,390860,39517
Cantabria,"Tojos, Los",39,086,0,390860,39518
Cantabria,Torrelavega,39,087,6,390876,39300
Cantabria,Torrelavega,39,087,6,390876,39315
Cantabria,Tresviso,39,088,2,390882,33554
Cantabria,Tudanca,39,089,5,390895,39555
Cantabria,Udías,39,090,9,390909,39507
Cantabria,Valdáliga,39,091,6,390916,39528
Cantabria,Valdáliga,39,091,6,390916,39592
Cantabria,Valdáliga,39,091,6,390916,39593
Cantabria,Valdeolea,39,092,1,390921,39410
Cantabria,Valdeolea,39,092,1,390921,39418
Cantabria,Valdeprado del Río,39,093,7,390937,39417
Cantabria,Valdeprado del Río,39,093,7,390937,39419
Cantabria,Valderredible,39,094,2,390942,39220
Cantabria,Valderredible,39,094,2,390942,39229
Cantabria,Valderredible,39,094,2,390942,39230
Cantabria,Valderredible,39,094,2,390942,39232
Cantabria,Valderredible,39,094,2,390942,39250
Cantabria,Valderredible,39,094,2,390942,39419
Cantabria,Val de San Vicente,39,095,5,390955,39548
Cantabria,Val de San Vicente,39,095,5,390955,39549
Cantabria,Val de San Vicente,39,095,5,390955,39560
Cantabria,Val de San Vicente,39,095,5,390955,39569
Cantabria,Val de San Vicente,39,095,5,390955,39594
Cantabria,Vega de Liébana,39,096,8,390968,39575
Cantabria,Vega de Liébana,39,096,8,390968,39577
Cantabria,Vega de Pas,39,097,4,390974,39682
Cantabria,Vega de Pas,39,097,4,390974,39685
Cantabria,Vega de Pas,39,097,4,390974,39686
Cantabria,Villacarriedo,39,098,0,390980,39639
Cantabria,Villacarriedo,39,098,0,390980,39640
Cantabria,Villacarriedo,39,098,0,390980,39649
Cantabria,Villaescusa,39,099,3,390993,39690
Cantabria,Villaescusa,39,099,3,390993,39692
Cantabria,Villafufre,39,100,7,391007,39630
Cantabria,Villafufre,39,100,7,391007,39638
Cantabria,Valle de Villaverde,39,101,4,391014,39880
Cantabria,Voto,39,102,9,391029,39761
Cantabria,Voto,39,102,9,391029,39762
Cantabria,Voto,39,102,9,391029,39764
Cantabria,Voto,39,102,9,391029,39766
Segovia,Abades,40,001,9,400019,40141
Segovia,Adrada de Pirón,40,002,4,400024,40192
Segovia,Adrados,40,003,0,400030,40354
Segovia,Aguilafuente,40,004,5,400045,40340
Segovia,Alconada de Maderuelo,40,005,8,400058,40529
Segovia,Aldealcorvo,40,006,1,400061,40389
Segovia,Aldealengua de Pedraza,40,007,7,400077,40162
Segovia,Aldealengua de Santa María,40,008,3,400083,40555
Segovia,Aldeanueva de la Serrezuela,40,009,6,400096,40532
Segovia,Aldeanueva del Codonal,40,010,0,400100,40462
Segovia,Aldea Real,40,012,2,400122,40292
Segovia,Aldeasoña,40,013,8,400138,40235
Segovia,Aldehorno,40,014,3,400143,40533
Segovia,Aldehuela del Codonal,40,015,6,400156,40462
Segovia,Aldeonte,40,016,9,400169,40530
Segovia,Aldeonte,40,016,9,400169,40531
Segovia,Anaya,40,017,5,400175,40121
Segovia,Añe,40,018,1,400181,40492
Segovia,Arahuetes,40,019,4,400194,40173
Segovia,Arahuetes,40,019,4,400194,40184
Segovia,Arcones,40,020,8,400208,40164
Segovia,Arevalillo de Cega,40,021,5,400215,40185
Segovia,Armuña,40,022,0,400220,40491
Segovia,Armuña,40,022,0,400220,40494
Segovia,Ayllón,40,024,1,400241,40512
Segovia,Ayllón,40,024,1,400241,40514
Segovia,Ayllón,40,024,1,400241,40520
Segovia,Ayllón,40,024,1,400241,40594
Segovia,Barbolla,40,025,4,400254,40530
Segovia,Basardilla,40,026,7,400267,40180
Segovia,Bercial,40,028,9,400289,40144
Segovia,Bercimuel,40,029,2,400292,40550
Segovia,Bernardos,40,030,6,400306,40430
Segovia,Bernuy de Porreros,40,031,3,400313,40190
Segovia,Boceguillas,40,032,8,400328,40560
Segovia,Boceguillas,40,032,8,400328,40568
Segovia,Brieva,40,033,4,400334,40180
Segovia,Caballar,40,034,9,400349,40182
Segovia,Cabañas de Polendos,40,035,2,400352,40392
Segovia,Cabezuela,40,036,5,400365,40396
Segovia,Calabazas de Fuentidueña,40,037,1,400371,40356
Segovia,Campo de San Pedro,40,039,0,400390,40551
Segovia,Campo de San Pedro,40,039,0,400390,40552
Segovia,Campo de San Pedro,40,039,0,400390,40553
Segovia,Cantalejo,40,040,4,400404,40320
Segovia,Cantalejo,40,040,4,400404,40380
Segovia,Cantalejo,40,040,4,400404,40389
Segovia,Cantimpalos,40,041,1,400411,40360
Segovia,Carbonero el Mayor,40,043,2,400432,40270
Segovia,Carrascal del Río,40,044,7,400447,40331
Segovia,Casla,40,045,0,400450,40590
Segovia,Castillejo de Mesleón,40,046,3,400463,40593
Segovia,Castro de Fuentidueña,40,047,9,400479,40315
Segovia,Castrojimeno,40,048,5,400485,40315
Segovia,Castroserna de Abajo,40,049,8,400498,40318
Segovia,Castroserracín,40,051,8,400518,40315
Segovia,Cedillo de la Torre,40,052,3,400523,40550
Segovia,Cerezo de Abajo,40,053,9,400539,40591
Segovia,Cerezo de Arriba,40,054,4,400544,40592
Segovia,Cilleruelo de San Mamés,40,055,7,400557,40551
Segovia,Cobos de Fuentidueña,40,056,0,400560,40332
Segovia,Coca,40,057,6,400576,40480
Segovia,Coca,40,057,6,400576,40496
Segovia,Codorniz,40,058,2,400582,40463
Segovia,Codorniz,40,058,2,400582,40464
Segovia,Collado Hermoso,40,059,5,400595,40170
Segovia,Condado de Castilnovo,40,060,9,400609,40318
Segovia,Corral de Ayllón,40,061,6,400616,40529
Segovia,Cubillo,40,062,1,400621,40185
Segovia,Cuéllar,40,063,7,400637,40200
Segovia,Cuéllar,40,063,7,400637,40210
Segovia,Cuéllar,40,063,7,400637,40211
Segovia,Cuéllar,40,063,7,400637,40215
Segovia,Cuéllar,40,063,7,400637,40230
Segovia,Cuéllar,40,063,7,400637,40231
Segovia,Cuéllar,40,063,7,400637,40232
Segovia,Cuéllar,40,063,7,400637,40241
Segovia,Cuéllar,40,063,7,400637,40242
Segovia,Chañe,40,065,5,400655,40216
Segovia,Domingo García,40,068,0,400680,40495
Segovia,Donhierro,40,069,3,400693,40469
Segovia,Duruelo,40,070,7,400707,40312
Segovia,Encinas,40,071,4,400714,40531
Segovia,Encinillas,40,072,9,400729,40391
Segovia,Escalona del Prado,40,073,5,400735,40350
Segovia,Escarabajosa de Cabezas,40,074,0,400740,40291
Segovia,Escobar de Polendos,40,075,3,400753,40393
Segovia,Escobar de Polendos,40,075,3,400753,40397
Segovia,"Espinar, El",40,076,6,400766,40400
Segovia,"Espinar, El",40,076,6,400766,40410
Segovia,"Espinar, El",40,076,6,400766,40419
Segovia,"Espinar, El",40,076,6,400766,40424
Segovia,Espirdo,40,077,2,400772,40191
Segovia,Fresneda de Cuéllar,40,078,8,400788,40217
Segovia,Fresno de Cantespino,40,079,1,400791,40516
Segovia,Fresno de Cantespino,40,079,1,400791,40518
Segovia,Fresno de la Fuente,40,080,5,400805,40540
Segovia,Frumales,40,081,2,400812,40298
Segovia,Fuente de Santa Cruz,40,082,7,400827,40496
Segovia,Fuente el Olmo de Fuentidueña,40,083,3,400833,40357
Segovia,Fuente el Olmo de Fuentidueña,40,083,3,400833,40359
Segovia,Fuente el Olmo de Íscar,40,084,8,400848,40218
Segovia,Fuentepelayo,40,086,4,400864,40260
Segovia,Fuentepiñel,40,087,0,400870,40358
Segovia,Fuenterrebollo,40,088,6,400886,40330
Segovia,Fuentesaúco de Fuentidueña,40,089,9,400899,40355
Segovia,Fuentesoto,40,091,0,400910,40314
Segovia,Fuentidueña,40,092,5,400925,40357
Segovia,Gallegos,40,093,1,400931,40162
Segovia,Garcillán,40,094,6,400946,40120
Segovia,Gomezserracín,40,095,9,400959,40240
Segovia,Grajera,40,097,8,400978,40569
Segovia,Honrubia de la Cuesta,40,099,7,400997,40541
Segovia,Hontalbilla,40,100,1,401001,40353
Segovia,Hontanares de Eresma,40,101,8,401018,40490
Segovia,"Huertos, Los",40,103,9,401039,40490
Segovia,Ituero y Lama,40,104,4,401044,40151
Segovia,Juarros de Riomoros,40,105,7,401057,40130
Segovia,Juarros de Voltoya,40,106,0,401060,40445
Segovia,Labajos,40,107,6,401076,40146
Segovia,Laguna de Contreras,40,108,2,401082,40236
Segovia,Languilla,40,109,5,401095,40556
Segovia,Lastras de Cuéllar,40,110,9,401109,40352
Segovia,Lastras del Pozo,40,111,6,401116,40142
Segovia,"Lastrilla, La",40,112,1,401121,40196
Segovia,"Losa, La",40,113,7,401137,40420
Segovia,Maderuelo,40,115,5,401155,40554
Segovia,Marazuela,40,118,0,401180,40133
Segovia,Martín Miguel,40,119,3,401193,40130
Segovia,Martín Muñoz de la Dehesa,40,120,7,401207,40466
Segovia,Martín Muñoz de las Posadas,40,121,4,401214,40446
Segovia,Marugán,40,122,9,401229,40142
Segovia,Matabuena,40,123,5,401235,40163
Segovia,Mata de Cuéllar,40,124,0,401240,40214
Segovia,"Matilla, La",40,125,3,401253,40175
Segovia,Melque de Cercos,40,126,6,401266,40444
Segovia,Membibre de la Hoz,40,127,2,401272,40234
Segovia,Migueláñez,40,128,8,401288,40441
Segovia,Montejo de Arévalo,40,129,1,401291,40468
Segovia,Montejo de la Vega de la Serrezuela,40,130,5,401305,40542
Segovia,Monterrubio,40,131,2,401312,40142
Segovia,Moral de Hornuez,40,132,7,401327,40542
Segovia,Mozoncillo,40,134,8,401348,40250
Segovia,Muñopedro,40,135,1,401351,40145
Segovia,Muñoveros,40,136,4,401364,40183
Segovia,Nava de la Asunción,40,138,6,401386,40450
Segovia,Nava de la Asunción,40,138,6,401386,40461
Segovia,Navafría,40,139,9,401399,40161
Segovia,Navalilla,40,140,3,401403,40331
Segovia,Navalmanzano,40,141,0,401410,40280
Segovia,Navares de Ayuso,40,142,5,401425,40531
Segovia,Navares de Enmedio,40,143,1,401431,40532
Segovia,Navares de las Cuevas,40,144,6,401446,40532
Segovia,Navas de Oro,40,145,9,401459,40470
Segovia,Navas de San Antonio,40,146,2,401462,40408
Segovia,Nieva,40,148,4,401484,40447
Segovia,Olombrada,40,149,7,401497,40220
Segovia,Olombrada,40,149,7,401497,40233
Segovia,Orejana,40,150,0,401500,40176
Segovia,Ortigosa de Pestaño,40,151,7,401517,40495
Segovia,Otero de Herreros,40,152,2,401522,40422
Segovia,Pajarejos,40,154,3,401543,40567
Segovia,Palazuelos de Eresma,40,155,6,401556,40193
Segovia,Palazuelos de Eresma,40,155,6,401556,40194
Segovia,Pedraza,40,156,9,401569,40172
Segovia,Pedraza,40,156,9,401569,40173
Segovia,Pelayos del Arroyo,40,157,5,401575,40170
Segovia,Pelayos del Arroyo,40,157,5,401575,40180
Segovia,Perosillo,40,158,1,401581,40354
Segovia,Pinarejos,40,159,4,401594,40296
Segovia,Pinarnegrillo,40,160,8,401608,40294
Segovia,Carabias,40,161,5,401615,40540
Segovia,Prádena,40,162,0,401620,40165
Segovia,Prádena,40,162,0,401620,40318
Segovia,Puebla de Pedraza,40,163,6,401636,40184
Segovia,Rapariegos,40,164,1,401641,40466
Segovia,Rebollo,40,165,4,401654,40184
Segovia,Remondo,40,166,7,401667,40216
Segovia,Riaguas de San Bartolomé,40,168,9,401689,40529
Segovia,Riaza,40,170,6,401706,40500
Segovia,Riaza,40,170,6,401706,40510
Segovia,Riaza,40,170,6,401706,40512
Segovia,Riaza,40,170,6,401706,40517
Segovia,Ribota,40,171,3,401713,40513
Segovia,Riofrío de Riaza,40,172,8,401728,40515
Segovia,Roda de Eresma,40,173,4,401734,40290
Segovia,Sacramenia,40,174,9,401749,40237
Segovia,Samboal,40,176,5,401765,40442
Segovia,Samboal,40,176,5,401765,40443
Segovia,San Cristóbal de Cuéllar,40,177,1,401771,40212
Segovia,San Cristóbal de la Vega,40,178,7,401787,40465
Segovia,Sanchonuño,40,179,0,401790,40297
Segovia,Sangarcía,40,180,4,401804,40134
Segovia,Sangarcía,40,180,4,401804,40144
Segovia,Real Sitio de San Ildefonso,40,181,1,401811,40100
Segovia,Real Sitio de San Ildefonso,40,181,1,401811,40109
Segovia,Real Sitio de San Ildefonso,40,181,1,401811,40420
Segovia,San Martín y Mudrián,40,182,6,401826,40295
Segovia,San Miguel de Bernuy,40,183,2,401832,40332
Segovia,San Pedro de Gaíllos,40,184,7,401847,40389
Segovia,Santa María la Real de Nieva,40,185,0,401850,40122
Segovia,Santa María la Real de Nieva,40,185,0,401850,40123
Segovia,Santa María la Real de Nieva,40,185,0,401850,40135
Segovia,Santa María la Real de Nieva,40,185,0,401850,40136
Segovia,Santa María la Real de Nieva,40,185,0,401850,40440
Segovia,Santa María la Real de Nieva,40,185,0,401850,40449
Segovia,Santa Marta del Cerro,40,186,3,401863,40310
Segovia,Santiuste de Pedraza,40,188,5,401885,40171
Segovia,Santiuste de Pedraza,40,188,5,401885,40173
Segovia,Santiuste de San Juan Bautista,40,189,8,401898,40460
Segovia,Santo Domingo de Pirón,40,190,2,401902,40180
Segovia,Santo Tomé del Puerto,40,191,9,401919,40590
Segovia,Sauquillo de Cabezas,40,192,4,401924,40351
Segovia,Sebúlcor,40,193,0,401930,40380
Segovia,Segovia,40,194,5,401945,40001
Segovia,Segovia,40,194,5,401945,40002
Segovia,Segovia,40,194,5,401945,40003
Segovia,Segovia,40,194,5,401945,40004
Segovia,Segovia,40,194,5,401945,40005
Segovia,Segovia,40,194,5,401945,40006
Segovia,Segovia,40,194,5,401945,40153
Segovia,Segovia,40,194,5,401945,40154
Segovia,Segovia,40,194,5,401945,40195
Segovia,Segovia,40,194,5,401945,40196
Segovia,Sepúlveda,40,195,8,401958,40300
Segovia,Sepúlveda,40,195,8,401958,40310
Segovia,Sepúlveda,40,195,8,401958,40312
Segovia,Sepúlveda,40,195,8,401958,40317
Segovia,Sepúlveda,40,195,8,401958,40389
Segovia,Sequera de Fresno,40,196,1,401961,40517
Segovia,Sotillo,40,198,3,401983,40311
Segovia,Sotosalbos,40,199,6,401996,40170
Segovia,Tabanera la Luenga,40,200,0,402000,40291
Segovia,Tolocirio,40,201,7,402017,40467
Segovia,Torreadrada,40,202,2,402022,40313
Segovia,Torrecaballeros,40,203,8,402038,40160
Segovia,Torrecilla del Pinar,40,204,3,402043,40359
Segovia,Torreiglesias,40,205,6,402056,40192
Segovia,Torreiglesias,40,205,6,402056,40394
Segovia,Torre Val de San Pedro,40,206,9,402069,40171
Segovia,Trescasas,40,207,5,402075,40194
Segovia,Turégano,40,208,1,402081,40181
Segovia,Turégano,40,208,1,402081,40370
Segovia,Urueñas,40,210,8,402108,40317
Segovia,Valdeprados,40,211,5,402115,40423
Segovia,Valdevacas de Montejo,40,212,0,402120,40542
Segovia,Valdevacas y Guijar,40,213,6,402136,40185
Segovia,Valseca,40,214,1,402141,40390
Segovia,Valtiendas,40,215,4,402154,40238
Segovia,Valtiendas,40,215,4,402154,40314
Segovia,Valverde del Majano,40,216,7,402167,40140
Segovia,Valle de Tabladillo,40,218,9,402189,40331
Segovia,Vallelado,40,219,2,402192,40213
Segovia,Valleruela de Pedraza,40,220,6,402206,40174
Segovia,Valleruela de Sepúlveda,40,221,3,402213,40176
Segovia,Veganzones,40,222,8,402228,40395
Segovia,Vegas de Matute,40,223,4,402234,40423
Segovia,Ventosilla y Tejadilla,40,224,9,402249,40165
Segovia,Villacastín,40,225,2,402252,40150
Segovia,Villaverde de Íscar,40,228,7,402287,40219
Segovia,Villaverde de Montejo,40,229,0,402290,40541
Segovia,Villaverde de Montejo,40,229,0,402290,40542
Segovia,Villeguillo,40,230,4,402304,40496
Segovia,Yanguas de Eresma,40,231,1,402311,40493
Segovia,Zarzuela del Monte,40,233,2,402332,40152
Segovia,Zarzuela del Pinar,40,234,7,402347,40293
Segovia,Ortigosa del Monte,40,901,0,409010,40421
Segovia,Cozuelos de Fuentidueña,40,902,5,409025,40354
Segovia,Marazoleja,40,903,1,409031,40130
Segovia,Navas de Riofrío,40,904,6,409046,40420
Segovia,Cuevas de Provanco,40,905,9,409059,40239
Segovia,San Cristóbal de Segovia,40,906,2,409062,40197
Sevilla,Aguadulce,41,001,6,410016,41550
Sevilla,Alanís,41,002,1,410021,41380
Sevilla,Albaida del Aljarafe,41,003,7,410037,41809
Sevilla,Alcalá de Guadaíra,41,004,2,410042,41500
Sevilla,Alcalá del Río,41,005,5,410055,41200
Sevilla,Alcalá del Río,41,005,5,410055,41209
Sevilla,Alcalá del Río,41,005,5,410055,41319
Sevilla,Alcolea del Río,41,006,8,410068,41449
Sevilla,"Algaba, La",41,007,4,410074,41980
Sevilla,"Algaba, La",41,007,4,410074,41989
Sevilla,Algámitas,41,008,0,410080,41661
Sevilla,Almadén de la Plata,41,009,3,410093,41240
Sevilla,Almensilla,41,010,7,410107,41111
Sevilla,Arahal,41,011,4,410114,41600
Sevilla,Aznalcázar,41,012,9,410129,41849
Sevilla,Aznalcóllar,41,013,5,410135,41870
Sevilla,Badolatosa,41,014,0,410140,41570
Sevilla,Badolatosa,41,014,0,410140,41599
Sevilla,Benacazón,41,015,3,410153,41805
Sevilla,Bollullos de la Mitación,41,016,6,410166,41110
Sevilla,Bormujos,41,017,2,410172,41930
Sevilla,Brenes,41,018,8,410188,41310
Sevilla,Burguillos,41,019,1,410191,41220
Sevilla,"Cabezas de San Juan, Las",41,020,5,410205,41730
Sevilla,Camas,41,021,2,410212,41900
Sevilla,Camas,41,021,2,410212,41910
Sevilla,"Campana, La",41,022,7,410227,41429
Sevilla,Cantillana,41,023,3,410233,41320
Sevilla,Carmona,41,024,8,410248,41339
Sevilla,Carmona,41,024,8,410248,41410
Sevilla,Carrión de los Céspedes,41,025,1,410251,41820
Sevilla,Casariche,41,026,4,410264,41580
Sevilla,Castilblanco de los Arroyos,41,027,0,410270,41230
Sevilla,Castilleja de Guzmán,41,028,6,410286,41908
Sevilla,Castilleja de la Cuesta,41,029,9,410299,41950
Sevilla,Castilleja del Campo,41,030,3,410303,41810
Sevilla,"Castillo de las Guardas, El",41,031,0,410310,41889
Sevilla,"Castillo de las Guardas, El",41,031,0,410310,41890
Sevilla,"Castillo de las Guardas, El",41,031,0,410310,41898
Sevilla,"Castillo de las Guardas, El",41,031,0,410310,41899
Sevilla,Cazalla de la Sierra,41,032,5,410325,41370
Sevilla,Constantina,41,033,1,410331,41450
Sevilla,Coria del Río,41,034,6,410346,41100
Sevilla,Coripe,41,035,9,410359,41780
Sevilla,"Coronil, El",41,036,2,410362,41760
Sevilla,"Corrales, Los",41,037,8,410378,41657
Sevilla,Dos Hermanas,41,038,4,410384,41073
Sevilla,Dos Hermanas,41,038,4,410384,41089
Sevilla,Dos Hermanas,41,038,4,410384,41700
Sevilla,Dos Hermanas,41,038,4,410384,41701
Sevilla,Dos Hermanas,41,038,4,410384,41702
Sevilla,Dos Hermanas,41,038,4,410384,41703
Sevilla,Dos Hermanas,41,038,4,410384,41704
Sevilla,Dos Hermanas,41,038,4,410384,41728
Sevilla,Écija,41,039,7,410397,41400
Sevilla,Écija,41,039,7,410397,41409
Sevilla,Écija,41,039,7,410397,41563
Sevilla,Espartinas,41,040,1,410401,41807
Sevilla,Estepa,41,041,8,410418,41560
Sevilla,Fuentes de Andalucía,41,042,3,410423,41420
Sevilla,Fuentes de Andalucía,41,042,3,410423,41430
Sevilla,"Garrobo, El",41,043,9,410439,41888
Sevilla,Gelves,41,044,4,410444,41120
Sevilla,Gerena,41,045,7,410457,41860
Sevilla,Gilena,41,046,0,410460,41565
Sevilla,Gines,41,047,6,410476,41960
Sevilla,Guadalcanal,41,048,2,410482,41390
Sevilla,Guillena,41,049,5,410495,41210
Sevilla,Guillena,41,049,5,410495,41218
Sevilla,Guillena,41,049,5,410495,41219
Sevilla,Herrera,41,050,8,410508,41567
Sevilla,Huévar del Aljarafe,41,051,5,410515,41830
Sevilla,Lantejuela,41,052,0,410520,41630
Sevilla,Lebrija,41,053,6,410536,41740
Sevilla,Lora de Estepa,41,054,1,410541,41564
Sevilla,Lora del Río,41,055,4,410554,41440
Sevilla,"Luisiana, La",41,056,7,410567,41430
Sevilla,"Madroño, El",41,057,3,410573,41897
Sevilla,"Madroño, El",41,057,3,410573,41898
Sevilla,Mairena del Alcor,41,058,9,410589,41510
Sevilla,Mairena del Aljarafe,41,059,2,410592,41927
Sevilla,Marchena,41,060,6,410606,41620
Sevilla,Marinaleda,41,061,3,410613,41569
Sevilla,Martín de la Jara,41,062,8,410628,41658
Sevilla,"Molares, Los",41,063,4,410634,41750
Sevilla,Montellano,41,064,9,410649,41770
Sevilla,Morón de la Frontera,41,065,2,410652,41530
Sevilla,"Navas de la Concepción, Las",41,066,5,410665,41460
Sevilla,Olivares,41,067,1,410671,41804
Sevilla,Osuna,41,068,7,410687,41640
Sevilla,"Palacios y Villafranca, Los",41,069,0,410690,41720
Sevilla,"Palacios y Villafranca, Los",41,069,0,410690,41727
Sevilla,"Palacios y Villafranca, Los",41,069,0,410690,41728
Sevilla,Palomares del Río,41,070,4,410704,41928
Sevilla,Paradas,41,071,1,410711,41610
Sevilla,Pedrera,41,072,6,410726,41566
Sevilla,"Pedroso, El",41,073,2,410732,41360
Sevilla,Peñaflor,41,074,7,410747,41470
Sevilla,Pilas,41,075,0,410750,41840
Sevilla,Pruna,41,076,3,410763,41670
Sevilla,"Puebla de Cazalla, La",41,077,9,410779,41540
Sevilla,"Puebla de los Infantes, La",41,078,5,410785,41479
Sevilla,"Puebla del Río, La",41,079,8,410798,41130
Sevilla,"Real de la Jara, El",41,080,2,410802,41250
Sevilla,"Rinconada, La",41,081,9,410819,41300
Sevilla,"Rinconada, La",41,081,9,410819,41309
Sevilla,"Roda de Andalucía, La",41,082,4,410824,41590
Sevilla,"Roda de Andalucía, La",41,082,4,410824,41599
Sevilla,"Ronquillo, El",41,083,0,410830,41880
Sevilla,"Rubio, El",41,084,5,410845,41568
Sevilla,Salteras,41,085,8,410858,41909
Sevilla,San Juan de Aznalfarache,41,086,1,410861,41920
Sevilla,Sanlúcar la Mayor,41,087,7,410877,41800
Sevilla,San Nicolás del Puerto,41,088,3,410883,41388
Sevilla,San Nicolás del Puerto,41,088,3,410883,41389
Sevilla,Santiponce,41,089,6,410896,41970
Sevilla,"Saucejo, El",41,090,0,410900,41650
Sevilla,"Saucejo, El",41,090,0,410900,41659
Sevilla,Sevilla,41,091,7,410917,41001
Sevilla,Sevilla,41,091,7,410917,41002
Sevilla,Sevilla,41,091,7,410917,41003
Sevilla,Sevilla,41,091,7,410917,41004
Sevilla,Sevilla,41,091,7,410917,41005
Sevilla,Sevilla,41,091,7,410917,41006
Sevilla,Sevilla,41,091,7,410917,41007
Sevilla,Sevilla,41,091,7,410917,41008
Sevilla,Sevilla,41,091,7,410917,41009
Sevilla,Sevilla,41,091,7,410917,41010
Sevilla,Sevilla,41,091,7,410917,41011
Sevilla,Sevilla,41,091,7,410917,41012
Sevilla,Sevilla,41,091,7,410917,41013
Sevilla,Sevilla,41,091,7,410917,41014
Sevilla,Sevilla,41,091,7,410917,41015
Sevilla,Sevilla,41,091,7,410917,41016
Sevilla,Sevilla,41,091,7,410917,41017
Sevilla,Sevilla,41,091,7,410917,41018
Sevilla,Sevilla,41,091,7,410917,41019
Sevilla,Sevilla,41,091,7,410917,41020
Sevilla,Sevilla,41,091,7,410917,41092
Sevilla,Tocina,41,092,2,410922,41330
Sevilla,Tocina,41,092,2,410922,41340
Sevilla,Tomares,41,093,8,410938,41940
Sevilla,Umbrete,41,094,3,410943,41806
Sevilla,Utrera,41,095,6,410956,41710
Sevilla,Utrera,41,095,6,410956,41719
Sevilla,Utrera,41,095,6,410956,41720
Sevilla,Utrera,41,095,6,410956,41727
Sevilla,Utrera,41,095,6,410956,41728
Sevilla,Valencina de la Concepción,41,096,9,410969,41907
Sevilla,Villamanrique de la Condesa,41,097,5,410975,41850
Sevilla,Villanueva del Ariscal,41,098,1,410981,41808
Sevilla,Villanueva del Río y Minas,41,099,4,410994,41350
Sevilla,Villanueva del Río y Minas,41,099,4,410994,41359
Sevilla,Villanueva de San Juan,41,100,8,411008,41660
Sevilla,Villaverde del Río,41,101,5,411015,41318
Sevilla,"Viso del Alcor, El",41,102,0,411020,41520
Sevilla,Cañada Rosal,41,901,7,419017,41439
Sevilla,Isla Mayor,41,902,2,419022,41140
Sevilla,Isla Mayor,41,902,2,419022,41150
Sevilla,"Cuervo de Sevilla, El",41,903,8,419038,41749
Sevilla,"Palmar de Troya, El",41,904,3,419043,41719
Soria,Abejar,42,001,1,420011,42146
Soria,Adradas,42,003,2,420032,42216
Soria,Ágreda,42,004,7,420047,42100
Soria,Ágreda,42,004,7,420047,42107
Soria,Ágreda,42,004,7,420047,42108
Soria,Alconaba,42,006,3,420063,42134
Soria,Alcubilla de Avellaneda,42,007,9,420079,42351
Soria,Alcubilla de las Peñas,42,008,5,420085,42213
Soria,Aldealafuente,42,009,8,420098,42128
Soria,Aldealafuente,42,009,8,420098,42134
Soria,Aldealices,42,010,2,420102,42180
Soria,Aldealpozo,42,011,9,420119,42112
Soria,Aldealseñor,42,012,4,420124,42180
Soria,Aldehuela de Periáñez,42,013,0,420130,42180
Soria,"Aldehuelas, Las",42,014,5,420145,42173
Soria,"Aldehuelas, Las",42,014,5,420145,42174
Soria,Alentisque,42,015,8,420158,42225
Soria,Aliud,42,016,1,420161,42132
Soria,Almajano,42,017,7,420177,42180
Soria,Almaluez,42,018,3,420183,42222
Soria,Almaluez,42,018,3,420183,42258
Soria,Almarza,42,019,6,420196,42161
Soria,Almarza,42,019,6,420196,42164
Soria,Almarza,42,019,6,420196,42167
Soria,Almarza,42,019,6,420196,42169
Soria,Almazán,42,020,0,420200,42200
Soria,Almazán,42,020,0,420200,42212
Soria,Almazul,42,021,7,420217,42126
Soria,Almazul,42,021,7,420217,42127
Soria,Almenar de Soria,42,022,2,420222,42130
Soria,Almenar de Soria,42,022,2,420222,42132
Soria,Almenar de Soria,42,022,2,420222,42138
Soria,Alpanseque,42,023,8,420238,42213
Soria,Arancón,42,024,3,420243,42112
Soria,Arancón,42,024,3,420243,42180
Soria,Arcos de Jalón,42,025,6,420256,42240
Soria,Arcos de Jalón,42,025,6,420256,42250
Soria,Arcos de Jalón,42,025,6,420256,42257
Soria,Arcos de Jalón,42,025,6,420256,42258
Soria,Arcos de Jalón,42,025,6,420256,42259
Soria,Arcos de Jalón,42,025,6,420256,42269
Soria,Arenillas,42,026,9,420269,42368
Soria,Arévalo de la Sierra,42,027,5,420275,42161
Soria,Ausejo de la Sierra,42,028,1,420281,42172
Soria,Baraona,42,029,4,420294,42213
Soria,Baraona,42,029,4,420294,42214
Soria,Baraona,42,029,4,420294,42216
Soria,Barca,42,030,8,420308,42210
Soria,Barcones,42,031,5,420315,42368
Soria,Bayubas de Abajo,42,032,0,420320,42366
Soria,Bayubas de Arriba,42,033,6,420336,42366
Soria,Beratón,42,034,1,420341,42107
Soria,Berlanga de Duero,42,035,4,420354,42360
Soria,Berlanga de Duero,42,035,4,420354,42365
Soria,Berlanga de Duero,42,035,4,420354,42366
Soria,Berlanga de Duero,42,035,4,420354,42367
Soria,Berlanga de Duero,42,035,4,420354,42368
Soria,Blacos,42,036,7,420367,42193
Soria,Bliecos,42,037,3,420373,42128
Soria,Borjabad,42,038,9,420389,42218
Soria,Borobia,42,039,2,420392,42107
Soria,Buberos,42,041,3,420413,42132
Soria,Buitrago,42,042,8,420428,42162
Soria,Burgo de Osma-Ciudad de Osma,42,043,4,420434,42193
Soria,Burgo de Osma-Ciudad de Osma,42,043,4,420434,42300
Soria,Burgo de Osma-Ciudad de Osma,42,043,4,420434,42310
Soria,Burgo de Osma-Ciudad de Osma,42,043,4,420434,42311
Soria,Burgo de Osma-Ciudad de Osma,42,043,4,420434,42313
Soria,Burgo de Osma-Ciudad de Osma,42,043,4,420434,42318
Soria,Burgo de Osma-Ciudad de Osma,42,043,4,420434,42351
Soria,Burgo de Osma-Ciudad de Osma,42,043,4,420434,42391
Soria,Cabrejas del Campo,42,044,9,420449,42130
Soria,Cabrejas del Pinar,42,045,2,420452,42146
Soria,Calatañazor,42,046,5,420465,42193
Soria,Caltojar,42,048,7,420487,42367
Soria,Candilichera,42,049,0,420490,42134
Soria,Cañamaque,42,050,3,420503,42220
Soria,Carabantes,42,051,0,420510,42126
Soria,Caracena,42,052,5,420525,42311
Soria,Carrascosa de Abajo,42,053,1,420531,42311
Soria,Carrascosa de la Sierra,42,054,6,420546,42180
Soria,Casarejos,42,055,9,420559,42148
Soria,Castilfrío de la Sierra,42,056,2,420562,42180
Soria,Castilruiz,42,057,8,420578,42108
Soria,Castilruiz,42,057,8,420578,42113
Soria,Castillejo de Robledo,42,058,4,420584,42328
Soria,Centenera de Andaluz,42,059,7,420597,42211
Soria,Cerbón,42,060,1,420601,42181
Soria,Cidones,42,061,8,420618,42145
Soria,Cigudosa,42,062,3,420623,42113
Soria,Cihuela,42,063,9,420639,42126
Soria,Ciria,42,064,4,420644,42138
Soria,Cirujales del Río,42,065,7,420657,42180
Soria,Coscurita,42,068,2,420682,42216
Soria,Coscurita,42,068,2,420682,42223
Soria,Covaleda,42,069,5,420695,42157
Soria,Cubilla,42,070,9,420709,42148
Soria,Cubo de la Solana,42,071,6,420716,42191
Soria,Cubo de la Solana,42,071,6,420716,42290
Soria,Cueva de Ágreda,42,073,7,420737,42107
Soria,Dévanos,42,075,5,420755,42108
Soria,Deza,42,076,8,420768,42126
Soria,Duruelo de la Sierra,42,078,0,420780,42158
Soria,Escobosa de Almazán,42,079,3,420793,42223
Soria,Espeja de San Marcelino,42,080,7,420807,42141
Soria,Espeja de San Marcelino,42,080,7,420807,42142
Soria,Espejón,42,081,4,420814,42142
Soria,Estepa de San Juan,42,082,9,420829,42180
Soria,Frechilla de Almazán,42,083,5,420835,42216
Soria,Fresno de Caracena,42,084,0,420840,42311
Soria,Fuentearmegil,42,085,3,420853,42141
Soria,Fuentearmegil,42,085,3,420853,42351
Soria,Fuentecambrón,42,086,6,420866,42342
Soria,Fuentecantos,42,087,2,420872,42162
Soria,Fuentelmonge,42,088,8,420888,42220
Soria,Fuentelsaz de Soria,42,089,1,420891,42162
Soria,Fuentepinilla,42,090,5,420905,42294
Soria,Fuentes de Magaña,42,092,7,420927,42181
Soria,Fuentestrún,42,093,3,420933,42113
Soria,Garray,42,094,8,420948,42153
Soria,Garray,42,094,8,420948,42162
Soria,Golmayo,42,095,1,420951,42190
Soria,Golmayo,42,095,1,420951,42192
Soria,Golmayo,42,095,1,420951,42193
Soria,Golmayo,42,095,1,420951,42290
Soria,Golmayo,42,095,1,420951,42294
Soria,Gómara,42,096,4,420964,42120
Soria,Gómara,42,096,4,420964,42127
Soria,Gómara,42,096,4,420964,42132
Soria,Gormaz,42,097,0,420970,42313
Soria,Herrera de Soria,42,098,6,420986,42148
Soria,Hinojosa del Campo,42,100,3,421003,42112
Soria,Langa de Duero,42,103,1,421031,42320
Soria,Langa de Duero,42,103,1,421031,42328
Soria,Langa de Duero,42,103,1,421031,42329
Soria,Liceras,42,105,9,421059,42341
Soria,"Losilla, La",42,106,2,421062,42181
Soria,Magaña,42,107,8,421078,42181
Soria,Maján,42,108,4,421084,42225
Soria,Matalebreras,42,110,1,421101,42113
Soria,Matamala de Almazán,42,111,8,421118,42211
Soria,Medinaceli,42,113,9,421139,42230
Soria,Medinaceli,42,113,9,421139,42240
Soria,Medinaceli,42,113,9,421139,42248
Soria,Miño de Medinaceli,42,115,7,421157,42230
Soria,Miño de San Esteban,42,116,0,421160,42328
Soria,Molinos de Duero,42,117,6,421176,42156
Soria,Momblona,42,118,2,421182,42225
Soria,Monteagudo de las Vicarías,42,119,5,421195,42220
Soria,Montejo de Tiermes,42,120,9,421209,42341
Soria,Montejo de Tiermes,42,120,9,421209,42342
Soria,Montejo de Tiermes,42,120,9,421209,42344
Soria,Montenegro de Cameros,42,121,6,421216,26127
Soria,Morón de Almazán,42,123,7,421237,42216
Soria,Morón de Almazán,42,123,7,421237,42223
Soria,Muriel de la Fuente,42,124,2,421242,42193
Soria,Muriel Viejo,42,125,5,421255,42148
Soria,Nafría de Ucero,42,127,4,421274,42141
Soria,Narros,42,128,0,421280,42189
Soria,Navaleno,42,129,3,421293,42149
Soria,Nepas,42,130,7,421307,42218
Soria,Nolay,42,131,4,421314,42223
Soria,Noviercas,42,132,9,421329,42132
Soria,Ólvega,42,134,0,421340,42108
Soria,Ólvega,42,134,0,421340,42110
Soria,Oncala,42,135,3,421353,42172
Soria,Pinilla del Campo,42,139,1,421391,42112
Soria,Portillo de Soria,42,140,5,421405,42138
Soria,"Póveda de Soria, La",42,141,2,421412,42169
Soria,Pozalmuro,42,142,7,421427,42112
Soria,Quintana Redonda,42,144,8,421448,42291
Soria,Quintana Redonda,42,144,8,421448,42294
Soria,Quintanas de Gormaz,42,145,1,421451,42313
Soria,Quiñonería,42,148,6,421486,42126
Soria,"Rábanos, Los",42,149,9,421499,42191
Soria,"Rábanos, Los",42,149,9,421499,42290
Soria,Rebollar,42,151,9,421519,42165
Soria,Recuerda,42,152,4,421524,42313
Soria,Recuerda,42,152,4,421524,42315
Soria,Rello,42,153,0,421530,42368
Soria,Renieblas,42,154,5,421545,42134
Soria,Renieblas,42,154,5,421545,42189
Soria,Retortillo de Soria,42,155,8,421558,42315
Soria,Reznos,42,156,1,421561,42126
Soria,"Riba de Escalote, La",42,157,7,421577,42368
Soria,Rioseco de Soria,42,158,3,421583,42193
Soria,Rollamienta,42,159,6,421596,42165
Soria,"Royo, El",42,160,0,421600,42153
Soria,"Royo, El",42,160,0,421600,42159
Soria,Salduero,42,161,7,421617,42156
Soria,San Esteban de Gormaz,42,162,2,421622,42320
Soria,San Esteban de Gormaz,42,162,2,421622,42330
Soria,San Esteban de Gormaz,42,162,2,421622,42340
Soria,San Esteban de Gormaz,42,162,2,421622,42342
Soria,San Esteban de Gormaz,42,162,2,421622,42345
Soria,San Esteban de Gormaz,42,162,2,421622,42351
Soria,San Esteban de Gormaz,42,162,2,421622,42391
Soria,San Felices,42,163,8,421638,42113
Soria,San Leonardo de Yagüe,42,164,3,421643,42140
Soria,San Pedro Manrique,42,165,6,421656,42174
Soria,Santa Cruz de Yanguas,42,166,9,421669,42173
Soria,Santa María de Huerta,42,167,5,421675,42260
Soria,Santa María de las Hoyas,42,168,1,421681,42141
Soria,Serón de Nágima,42,171,5,421715,42127
Soria,Soliedra,42,172,0,421720,42223
Soria,Soria,42,173,6,421736,42001
Soria,Soria,42,173,6,421736,42002
Soria,Soria,42,173,6,421736,42003
Soria,Soria,42,173,6,421736,42004
Soria,Soria,42,173,6,421736,42005
Soria,Soria,42,173,6,421736,42149
Soria,Soria,42,173,6,421736,42190
Soria,Sotillo del Rincón,42,174,1,421741,42165
Soria,Sotillo del Rincón,42,174,1,421741,42166
Soria,Suellacabras,42,175,4,421754,42189
Soria,Tajahuerce,42,176,7,421767,42112
Soria,Tajueco,42,177,3,421773,42365
Soria,Talveila,42,178,9,421789,42148
Soria,Talveila,42,178,9,421789,42317
Soria,Tardelcuende,42,181,3,421813,42294
Soria,Taroda,42,182,8,421828,42216
Soria,Tejado,42,183,4,421834,42128
Soria,Tejado,42,183,4,421834,42218
Soria,Torlengua,42,184,9,421849,42220
Soria,Torreblacos,42,185,2,421852,42193
Soria,Torrubia de Soria,42,187,1,421871,42138
Soria,Trévago,42,188,7,421887,42113
Soria,Ucero,42,189,0,421890,42317
Soria,Vadillo,42,190,4,421904,42148
Soria,Valdeavellano de Tera,42,191,1,421911,42165
Soria,Valdegeña,42,192,6,421926,42112
Soria,Valdelagua del Cerro,42,193,2,421932,42113
Soria,Valdemaluque,42,194,7,421947,42317
Soria,Valdemaluque,42,194,7,421947,42318
Soria,Valdenebro,42,195,0,421950,42193
Soria,Valdenebro,42,195,0,421950,42313
Soria,Valdeprado,42,196,3,421963,42181
Soria,Valderrodilla,42,197,9,421979,42294
Soria,Valtajeros,42,198,5,421985,42181
Soria,Velamazán,42,200,2,422002,42210
Soria,Velamazán,42,200,2,422002,42365
Soria,Velilla de la Sierra,42,201,9,422019,42189
Soria,Velilla de los Ajos,42,202,4,422024,42225
Soria,Viana de Duero,42,204,5,422045,42218
Soria,Villaciervos,42,205,8,422058,42192
Soria,Villanueva de Gormaz,42,206,1,422061,42311
Soria,Villar del Ala,42,207,7,422077,42165
Soria,Villar del Campo,42,208,3,422083,42112
Soria,Villar del Río,42,209,6,422096,42172
Soria,Villar del Río,42,209,6,422096,42173
Soria,Villar del Río,42,209,6,422096,42174
Soria,"Villares de Soria, Los",42,211,7,422117,42162
Soria,"Villares de Soria, Los",42,211,7,422117,42180
Soria,Villasayas,42,212,2,422122,42214
Soria,Villaseca de Arciel,42,213,8,422138,42132
Soria,Vinuesa,42,215,6,422156,42150
Soria,Vinuesa,42,215,6,422156,42156
Soria,Vizmanos,42,216,9,422169,42173
Soria,Vozmediano,42,217,5,422175,42107
Soria,Yanguas,42,218,1,422181,42172
Soria,Yanguas,42,218,1,422181,42173
Soria,Yelo,42,219,4,422194,42230
Tarragona,Aiguamúrcia,43,001,7,430017,43714
Tarragona,Aiguamúrcia,43,001,7,430017,43815
Tarragona,Albinyana,43,002,2,430022,43716
Tarragona,Albinyana,43,002,2,430022,43718
Tarragona,"Albiol, L'",43,003,8,430038,43479
Tarragona,Alcanar,43,004,3,430043,43530
Tarragona,Alcanar,43,004,3,430043,43569
Tarragona,Alcover,43,005,6,430056,43460
Tarragona,Aldover,43,006,9,430069,43591
Tarragona,"Aleixar, L'",43,007,5,430075,43381
Tarragona,Alfara de Carles,43,008,1,430081,43528
Tarragona,Alforja,43,009,4,430094,43365
Tarragona,Alió,43,010,8,430108,43813
Tarragona,Almoster,43,011,5,430115,43393
Tarragona,Altafulla,43,012,0,430120,43893
Tarragona,"Ametlla de Mar, L'",43,013,6,430136,43860
Tarragona,Amposta,43,014,1,430141,43549
Tarragona,Amposta,43,014,1,430141,43870
Tarragona,Amposta,43,014,1,430141,43879
Tarragona,Arbolí,43,015,4,430154,43365
Tarragona,"Arboç, L'",43,016,7,430167,43720
Tarragona,"Argentera, L'",43,017,3,430173,43773
Tarragona,Arnes,43,018,9,430189,43597
Tarragona,Ascó,43,019,2,430192,43791
Tarragona,Banyeres del Penedès,43,020,6,430206,43711
Tarragona,Barberà de la Conca,43,021,3,430213,43422
Tarragona,Batea,43,022,8,430228,43786
Tarragona,Bellmunt del Priorat,43,023,4,430234,43738
Tarragona,Bellvei,43,024,9,430249,43719
Tarragona,Benifallet,43,025,2,430252,43512
Tarragona,Benissanet,43,026,5,430265,43747
Tarragona,"Bisbal de Montsant, La",43,027,1,430271,43372
Tarragona,"Bisbal del Penedès, La",43,028,7,430287,43717
Tarragona,Blancafort,43,029,0,430290,43411
Tarragona,Bonastre,43,030,4,430304,43884
Tarragona,"Borges del Camp, Les",43,031,1,430311,43350
Tarragona,Bot,43,032,6,430326,43785
Tarragona,Botarell,43,033,2,430332,43772
Tarragona,Bràfim,43,034,7,430347,43812
Tarragona,Cabacés,43,035,0,430350,43373
Tarragona,Cabra del Camp,43,036,3,430363,43811
Tarragona,Calafell,43,037,9,430379,43820
Tarragona,Calafell,43,037,9,430379,43882
Tarragona,Cambrils,43,038,5,430385,43850
Tarragona,Capafonts,43,039,8,430398,43364
Tarragona,Capçanes,43,040,2,430402,43776
Tarragona,Caseres,43,041,9,430419,43787
Tarragona,Castellvell del Camp,43,042,4,430424,43392
Tarragona,"Catllar, El",43,043,0,430430,43150
Tarragona,"Catllar, El",43,043,0,430430,43764
Tarragona,"Sénia, La",43,044,5,430445,43560
Tarragona,Colldejou,43,045,8,430458,43310
Tarragona,Conesa,43,046,1,430461,43427
Tarragona,Constantí,43,047,7,430477,43120
Tarragona,Corbera d'Ebre,43,048,3,430483,43784
Tarragona,Cornudella de Montsant,43,049,6,430496,43360
Tarragona,Cornudella de Montsant,43,049,6,430496,43362
Tarragona,Creixell,43,050,9,430509,43839
Tarragona,Cunit,43,051,6,430516,43881
Tarragona,Xerta,43,052,1,430521,43592
Tarragona,Duesaigües,43,053,7,430537,43773
Tarragona,"Espluga de Francolí, L'",43,054,2,430542,43440
Tarragona,Falset,43,055,5,430555,43730
Tarragona,"Fatarella, La",43,056,8,430568,43781
Tarragona,"Febró, La",43,057,4,430574,43364
Tarragona,"Figuera, La",43,058,0,430580,43736
Tarragona,Figuerola del Camp,43,059,3,430593,43811
Tarragona,Flix,43,060,7,430607,43750
Tarragona,Forès,43,061,4,430614,43425
Tarragona,Freginals,43,062,9,430629,43558
Tarragona,"Galera, La",43,063,5,430635,43515
Tarragona,Gandesa,43,064,0,430640,43780
Tarragona,Garcia,43,065,3,430653,43749
Tarragona,"Garidells, Els",43,066,6,430666,43153
Tarragona,Ginestar,43,067,2,430672,43748
Tarragona,Godall,43,068,8,430688,43516
Tarragona,Gratallops,43,069,1,430691,43737
Tarragona,"Guiamets, Els",43,070,5,430705,43777
Tarragona,Horta de Sant Joan,43,071,2,430712,43596
Tarragona,"Lloar, El",43,072,7,430727,43737
Tarragona,Llorac,43,073,3,430733,43427
Tarragona,Llorenç del Penedès,43,074,8,430748,43712
Tarragona,Margalef,43,075,1,430751,43371
Tarragona,Marçà,43,076,4,430764,43775
Tarragona,Mas de Barberans,43,077,0,430770,43514
Tarragona,Masdenverge,43,078,6,430786,43878
Tarragona,Masllorenç,43,079,9,430799,43718
Tarragona,"Masó, La",43,080,3,430803,43143
Tarragona,Maspujols,43,081,0,430810,43382
Tarragona,"Masroig, El",43,082,5,430825,43736
Tarragona,"Milà, El",43,083,1,430831,43143
Tarragona,Miravet,43,084,6,430846,43747
Tarragona,"Molar, El",43,085,9,430859,43736
Tarragona,Montblanc,43,086,2,430862,43400
Tarragona,Montblanc,43,086,2,430862,43410
Tarragona,Montblanc,43,086,2,430862,43414
Tarragona,Montblanc,43,086,2,430862,43415
Tarragona,Montblanc,43,086,2,430862,43459
Tarragona,Montbrió del Camp,43,088,4,430884,43340
Tarragona,Montferri,43,089,7,430897,43812
Tarragona,"Montmell, El",43,090,1,430901,43714
Tarragona,"Montmell, El",43,090,1,430901,43718
Tarragona,"Montmell, El",43,090,1,430901,43812
Tarragona,Mont-ral,43,091,8,430918,43364
Tarragona,Mont-ral,43,091,8,430918,43459
Tarragona,Mont-roig del Camp,43,092,3,430923,43300
Tarragona,Mont-roig del Camp,43,092,3,430923,43892
Tarragona,Móra d'Ebre,43,093,9,430939,43740
Tarragona,Móra la Nova,43,094,4,430944,43770
Tarragona,"Morell, El",43,095,7,430957,43760
Tarragona,"Morera de Montsant, La",43,096,0,430960,43361
Tarragona,"Morera de Montsant, La",43,096,0,430960,43379
Tarragona,"Nou de Gaià, La",43,097,6,430976,43763
Tarragona,Nulles,43,098,2,430982,43887
Tarragona,"Palma d'Ebre, La",43,099,5,430995,43370
Tarragona,"Pallaresos, Els",43,100,9,431009,43151
Tarragona,Passanant i Belltall,43,101,6,431016,43413
Tarragona,Passanant i Belltall,43,101,6,431016,43425
Tarragona,Paüls,43,102,1,431021,43593
Tarragona,Perafort,43,103,7,431037,43152
Tarragona,Perafort,43,103,7,431037,43155
Tarragona,"Perelló, El",43,104,2,431042,43519
Tarragona,"Piles, Les",43,105,5,431055,43428
Tarragona,"Piles, Les",43,105,5,431055,43429
Tarragona,"Pinell de Brai, El",43,106,8,431068,43594
Tarragona,Pira,43,107,4,431074,43423
Tarragona,"Pla de Santa Maria, El",43,108,0,431080,43810
Tarragona,"Pobla de Mafumet, La",43,109,3,431093,43140
Tarragona,"Pobla de Massaluca, La",43,110,7,431107,43783
Tarragona,"Pobla de Montornès, La",43,111,4,431114,43761
Tarragona,Poboleda,43,112,9,431129,43376
Tarragona,"Pont d'Armentera, El",43,113,5,431135,43817
Tarragona,Porrera,43,114,0,431140,43739
Tarragona,Pradell de la Teixeta,43,115,3,431153,43774
Tarragona,Prades,43,116,6,431166,43364
Tarragona,Prat de Comte,43,117,2,431172,43595
Tarragona,Pratdip,43,118,8,431188,43320
Tarragona,Puigpelat,43,119,1,431191,43812
Tarragona,Querol,43,120,5,431205,43715
Tarragona,Querol,43,120,5,431205,43816
Tarragona,Rasquera,43,121,2,431212,43513
Tarragona,Renau,43,122,7,431227,43886
Tarragona,Reus,43,123,3,431233,43201
Tarragona,Reus,43,123,3,431233,43202
Tarragona,Reus,43,123,3,431233,43203
Tarragona,Reus,43,123,3,431233,43204
Tarragona,Reus,43,123,3,431233,43205
Tarragona,Reus,43,123,3,431233,43206
Tarragona,"Riba, La",43,124,8,431248,43450
Tarragona,Riba-roja d'Ebre,43,125,1,431251,43790
Tarragona,"Riera de Gaià, La",43,126,4,431264,43762
Tarragona,Riudecanyes,43,127,0,431270,43771
Tarragona,Riudecols,43,128,6,431286,43390
Tarragona,Riudoms,43,129,9,431299,43330
Tarragona,Rocafort de Queralt,43,130,3,431303,43426
Tarragona,Roda de Berà,43,131,0,431310,43883
Tarragona,Rodonyà,43,132,5,431325,43812
Tarragona,Roquetes,43,133,1,431331,43520
Tarragona,Roquetes,43,133,1,431331,43529
Tarragona,"Rourell, El",43,134,6,431346,43142
Tarragona,Salomó,43,135,9,431359,43885
Tarragona,"Ràpita, La",43,136,2,431362,43540
Tarragona,Sant Jaume dels Domenys,43,137,8,431378,43713
Tarragona,Santa Bàrbara,43,138,4,431384,43570
Tarragona,Santa Coloma de Queralt,43,139,7,431397,43420
Tarragona,Santa Coloma de Queralt,43,139,7,431397,43429
Tarragona,Santa Oliva,43,140,1,431401,43710
Tarragona,Pontils,43,141,8,431418,43421
Tarragona,Sarral,43,142,3,431423,43424
Tarragona,Sarral,43,142,3,431423,43425
Tarragona,Sarral,43,142,3,431423,43428
Tarragona,Savallà del Comtat,43,143,9,431439,43427
Tarragona,"Secuita, La",43,144,4,431444,43154
Tarragona,"Secuita, La",43,144,4,431444,43765
Tarragona,"Selva del Camp, La",43,145,7,431457,43470
Tarragona,Senan,43,146,0,431460,43449
Tarragona,Solivella,43,147,6,431476,43412
Tarragona,Tarragona,43,148,2,431482,43001
Tarragona,Tarragona,43,148,2,431482,43002
Tarragona,Tarragona,43,148,2,431482,43003
Tarragona,Tarragona,43,148,2,431482,43004
Tarragona,Tarragona,43,148,2,431482,43005
Tarragona,Tarragona,43,148,2,431482,43006
Tarragona,Tarragona,43,148,2,431482,43007
Tarragona,Tarragona,43,148,2,431482,43008
Tarragona,Tarragona,43,148,2,431482,43100
Tarragona,Tarragona,43,148,2,431482,43130
Tarragona,Tivenys,43,149,5,431495,43511
Tarragona,Tivissa,43,150,8,431508,43320
Tarragona,Tivissa,43,150,8,431508,43746
Tarragona,"Torre de Fontaubella, La",43,151,5,431515,43774
Tarragona,"Torre de l'Espanyol, La",43,152,0,431520,43792
Tarragona,Torredembarra,43,153,6,431536,43830
Tarragona,Torroja del Priorat,43,154,1,431541,43737
Tarragona,Tortosa,43,155,4,431554,43500
Tarragona,Tortosa,43,155,4,431554,43510
Tarragona,Tortosa,43,155,4,431554,43517
Tarragona,Tortosa,43,155,4,431554,43527
Tarragona,Tortosa,43,155,4,431554,43590
Tarragona,Tortosa,43,155,4,431554,43897
Tarragona,Ulldecona,43,156,7,431567,43550
Tarragona,Ulldecona,43,156,7,431567,43558
Tarragona,Ulldecona,43,156,7,431567,43559
Tarragona,Ulldemolins,43,157,3,431573,43363
Tarragona,Vallclara,43,158,9,431589,43439
Tarragona,Vallfogona de Riucorb,43,159,2,431592,43427
Tarragona,Vallmoll,43,160,6,431606,43144
Tarragona,Valls,43,161,3,431613,43491
Tarragona,Valls,43,161,3,431613,43800
Tarragona,Valls,43,161,3,431613,43813
Tarragona,Vandellòs i l'Hospitalet de l'Infant,43,162,8,431628,43890
Tarragona,Vandellòs i l'Hospitalet de l'Infant,43,162,8,431628,43891
Tarragona,"Vendrell, El",43,163,4,431634,43700
Tarragona,"Vendrell, El",43,163,4,431634,43880
Tarragona,"Vendrell, El",43,163,4,431634,43889
Tarragona,Vespella de Gaià,43,164,9,431649,43763
Tarragona,Vilabella,43,165,2,431652,43886
Tarragona,Vilallonga del Camp,43,166,5,431665,43141
Tarragona,Vilanova d'Escornalbou,43,167,1,431671,43311
Tarragona,Vilanova d'Escornalbou,43,167,1,431671,43312
Tarragona,Vilanova de Prades,43,168,7,431687,43439
Tarragona,Vilaplana,43,169,0,431690,43380
Tarragona,Vila-rodona,43,170,4,431704,43814
Tarragona,Vila-seca,43,171,1,431711,43206
Tarragona,Vila-seca,43,171,1,431711,43480
Tarragona,Vila-seca,43,171,1,431711,43481
Tarragona,Vilaverd,43,172,6,431726,43490
Tarragona,"Vilella Alta, La",43,173,2,431732,43375
Tarragona,"Vilella Baixa, La",43,174,7,431747,43374
Tarragona,Vilalba dels Arcs,43,175,0,431750,43782
Tarragona,Vimbodí i Poblet,43,176,3,431763,43430
Tarragona,Vimbodí i Poblet,43,176,3,431763,43448
Tarragona,Vinebre,43,177,9,431779,43792
Tarragona,Vinyols i els Arcs,43,178,5,431785,43391
Tarragona,Deltebre,43,901,8,439018,43580
Tarragona,Sant Jaume d'Enveja,43,902,3,439023,43877
Tarragona,Sant Jaume d'Enveja,43,902,3,439023,43879
Tarragona,Camarles,43,903,9,439039,43894
Tarragona,"Aldea, L'",43,904,4,439044,43895
Tarragona,"Aldea, L'",43,904,4,439044,43896
Tarragona,Salou,43,905,7,439057,43840
Tarragona,"Ampolla, L'",43,906,0,439060,43895
Tarragona,"Canonja, La",43,907,6,439076,43110
Teruel,Ababuj,44,001,2,440012,44155
Teruel,Abejuela,44,002,7,440027,44422
Teruel,Aguatón,44,003,3,440033,44382
Teruel,Aguaviva,44,004,8,440048,44566
Teruel,Aguilar del Alfambra,44,005,1,440051,44156
Teruel,Alacón,44,006,4,440064,44549
Teruel,Alba,44,007,0,440070,44395
Teruel,Albalate del Arzobispo,44,008,6,440086,44540
Teruel,Albarracín,44,009,9,440099,44100
Teruel,Albarracín,44,009,9,440099,44123
Teruel,Albentosa,44,010,3,440103,44477
Teruel,Alcaine,44,011,0,440110,44792
Teruel,Alcalá de la Selva,44,012,5,440125,44431
Teruel,Alcalá de la Selva,44,012,5,440125,44432
Teruel,Alcañiz,44,013,1,440131,44600
Teruel,Alcañiz,44,013,1,440131,44660
Teruel,Alcañiz,44,013,1,440131,44661
Teruel,Alcorisa,44,014,6,440146,44550
Teruel,Alfambra,44,016,2,440162,44160
Teruel,Aliaga,44,017,8,440178,44150
Teruel,Aliaga,44,017,8,440178,44158
Teruel,Almohaja,44,018,4,440184,44369
Teruel,Alobras,44,019,7,440197,44134
Teruel,Alpeñés,44,020,1,440201,44721
Teruel,Allepuz,44,021,8,440218,44145
Teruel,Alloza,44,022,3,440223,44509
Teruel,Allueva,44,023,9,440239,44492
Teruel,Anadón,44,024,4,440244,44212
Teruel,Andorra,44,025,7,440257,44500
Teruel,Arcos de las Salinas,44,026,0,440260,44421
Teruel,Arens de Lledó,44,027,6,440276,44622
Teruel,Argente,44,028,2,440282,44165
Teruel,Ariño,44,029,5,440295,44547
Teruel,Azaila,44,031,6,440316,44590
Teruel,Bádenas,44,032,1,440321,44491
Teruel,Báguena,44,033,7,440337,44320
Teruel,Bañón,44,034,2,440342,44357
Teruel,Barrachina,44,035,5,440355,44220
Teruel,Bea,44,036,8,440368,44492
Teruel,Beceite,44,037,4,440374,44588
Teruel,Belmonte de San José,44,038,0,440380,44642
Teruel,Bello,44,039,3,440393,44232
Teruel,Berge,44,040,7,440407,44556
Teruel,Bezas,44,041,4,440414,44121
Teruel,Blancas,44,042,9,440429,44314
Teruel,Blesa,44,043,5,440435,44790
Teruel,Bordón,44,044,0,440440,44563
Teruel,Bronchales,44,045,3,440453,44367
Teruel,Bueña,44,046,6,440466,44394
Teruel,Burbáguena,44,047,2,440472,44330
Teruel,Cabra de Mora,44,048,8,440488,44409
Teruel,Calaceite,44,049,1,440491,44610
Teruel,Calamocha,44,050,4,440504,44200
Teruel,Calamocha,44,050,4,440504,44210
Teruel,Calamocha,44,050,4,440504,44211
Teruel,Calamocha,44,050,4,440504,44220
Teruel,Calamocha,44,050,4,440504,44357
Teruel,Calamocha,44,050,4,440504,44391
Teruel,Calamocha,44,050,4,440504,44392
Teruel,Calamocha,44,050,4,440504,44495
Teruel,Calamocha,44,050,4,440504,44496
Teruel,Calanda,44,051,1,440511,44570
Teruel,Calomarde,44,052,6,440526,44126
Teruel,Camañas,44,053,2,440532,44167
Teruel,Camarena de la Sierra,44,054,7,440547,44459
Teruel,Camarillas,44,055,0,440550,44155
Teruel,Caminreal,44,056,3,440563,44350
Teruel,Caminreal,44,056,3,440563,44359
Teruel,Cantavieja,44,059,8,440598,44140
Teruel,Cañada de Benatanduz,44,060,2,440602,44140
Teruel,"Cañada de Verich, La",44,061,9,440619,44643
Teruel,Cañada Vellida,44,062,4,440624,44168
Teruel,Cañizar del Olivar,44,063,0,440630,44707
Teruel,Cascante del Río,44,064,5,440645,44191
Teruel,Castejón de Tornos,44,065,8,440658,44231
Teruel,Castel de Cabra,44,066,1,440661,44706
Teruel,Castelnou,44,067,7,440677,44592
Teruel,Castelserás,44,068,3,440683,44630
Teruel,"Castellar, El",44,070,0,440700,44409
Teruel,Castellote,44,071,7,440717,44560
Teruel,Castellote,44,071,7,440717,44562
Teruel,Castellote,44,071,7,440717,44563
Teruel,Castellote,44,071,7,440717,44565
Teruel,Cedrillas,44,074,3,440743,44147
Teruel,Celadas,44,075,6,440756,44194
Teruel,Cella,44,076,9,440769,44370
Teruel,"Cerollera, La",44,077,5,440775,44651
Teruel,"Codoñera, La",44,080,8,440808,44640
Teruel,Corbalán,44,082,0,440820,44193
Teruel,Cortes de Aragón,44,084,1,440841,44791
Teruel,Cosa,44,085,4,440854,44358
Teruel,Cosa,44,085,4,440854,44721
Teruel,Cretas,44,086,7,440867,44623
Teruel,Crivillén,44,087,3,440873,44557
Teruel,"Cuba, La",44,088,9,440889,44141
Teruel,Cubla,44,089,2,440892,44191
Teruel,Cucalón,44,090,6,440906,44491
Teruel,"Cuervo, El",44,092,8,440928,44134
Teruel,Cuevas de Almudén,44,093,4,440934,44169
Teruel,Cuevas Labradas,44,094,9,440949,44162
Teruel,Ejulve,44,096,5,440965,44559
Teruel,Escorihuela,44,097,1,440971,44161
Teruel,Escucha,44,099,0,440990,44770
Teruel,Escucha,44,099,0,440990,44779
Teruel,Estercuel,44,100,4,441004,44558
Teruel,Ferreruela de Huerva,44,101,1,441011,44490
Teruel,Fonfría,44,102,6,441026,44492
Teruel,Formiche Alto,44,103,2,441032,44440
Teruel,Formiche Alto,44,103,2,441032,44441
Teruel,Fórnoles,44,105,0,441050,44650
Teruel,Fortanete,44,106,3,441063,44143
Teruel,Foz-Calanda,44,107,9,441079,44579
Teruel,"Fresneda, La",44,108,5,441085,44596
Teruel,Frías de Albarracín,44,109,8,441098,44126
Teruel,Fuenferrada,44,110,2,441102,44741
Teruel,Fuentes Calientes,44,111,9,441119,44711
Teruel,Fuentes Claras,44,112,4,441124,44340
Teruel,Fuentes de Rubielos,44,113,0,441130,44415
Teruel,Fuentespalda,44,114,5,441145,44587
Teruel,Galve,44,115,8,441158,44168
Teruel,Gargallo,44,116,1,441161,44558
Teruel,Gea de Albarracín,44,117,7,441177,44110
Teruel,"Ginebrosa, La",44,118,3,441183,44643
Teruel,Griegos,44,119,6,441196,44114
Teruel,Guadalaviar,44,120,0,441200,44115
Teruel,Gúdar,44,121,7,441217,44433
Teruel,Híjar,44,122,2,441222,44530
Teruel,Hinojosa de Jarque,44,123,8,441238,44157
Teruel,"Hoz de la Vieja, La",44,124,3,441243,44791
Teruel,Huesa del Común,44,125,6,441256,44212
Teruel,Huesa del Común,44,125,6,441256,44213
Teruel,"Iglesuela del Cid, La",44,126,9,441269,44142
Teruel,Jabaloyas,44,127,5,441275,44122
Teruel,Jabaloyas,44,127,5,441275,44123
Teruel,Jarque de la Val,44,128,1,441281,44169
Teruel,Jatiel,44,129,4,441294,44592
Teruel,Jorcas,44,130,8,441308,44156
Teruel,Josa,44,131,5,441315,44792
Teruel,Lagueruela,44,132,0,441320,44492
Teruel,Lanzuela,44,133,6,441336,44491
Teruel,Libros,44,135,4,441354,44132
Teruel,Lidón,44,136,7,441367,44164
Teruel,Linares de Mora,44,137,3,441373,44412
Teruel,Loscos,44,138,9,441389,44212
Teruel,Loscos,44,138,9,441389,44493
Teruel,Lledó,44,141,3,441413,44624
Teruel,Maicas,44,142,8,441428,44791
Teruel,Manzanera,44,143,4,441434,44420
Teruel,Manzanera,44,143,4,441434,44422
Teruel,Manzanera,44,143,4,441434,44423
Teruel,Martín del Río,44,144,9,441449,44730
Teruel,Martín del Río,44,144,9,441449,44750
Teruel,Mas de las Matas,44,145,2,441452,44564
Teruel,"Mata de los Olmos, La",44,146,5,441465,44557
Teruel,Mazaleón,44,147,1,441471,44621
Teruel,Mezquita de Jarque,44,148,7,441487,44169
Teruel,Mirambel,44,149,0,441490,44141
Teruel,Miravete de la Sierra,44,150,3,441503,44159
Teruel,Molinos,44,151,0,441510,44556
Teruel,Monforte de Moyuela,44,152,5,441525,44493
Teruel,Monreal del Campo,44,153,1,441531,44300
Teruel,Monroyo,44,154,6,441546,44652
Teruel,Montalbán,44,155,9,441559,44700
Teruel,Monteagudo del Castillo,44,156,2,441562,44146
Teruel,Monterde de Albarracín,44,157,8,441578,44368
Teruel,Mora de Rubielos,44,158,4,441584,44400
Teruel,Moscardón,44,159,7,441597,44124
Teruel,Mosqueruela,44,160,1,441601,44410
Teruel,Muniesa,44,161,8,441618,44780
Teruel,Noguera de Albarracín,44,163,9,441639,44113
Teruel,Nogueras,44,164,4,441644,44497
Teruel,Nogueruelas,44,165,7,441657,44414
Teruel,Obón,44,167,6,441676,44792
Teruel,Odón,44,168,2,441682,44233
Teruel,Ojos Negros,44,169,5,441695,44313
Teruel,Olba,44,171,6,441716,44478
Teruel,Olba,44,171,6,441716,44479
Teruel,Oliete,44,172,1,441721,44548
Teruel,"Olmos, Los",44,173,7,441737,44557
Teruel,Orihuela del Tremedal,44,174,2,441742,44366
Teruel,Orrios,44,175,5,441755,44161
Teruel,Palomar de Arroyos,44,176,8,441768,44708
Teruel,Pancrudo,44,177,4,441774,44720
Teruel,Pancrudo,44,177,4,441774,44730
Teruel,"Parras de Castellote, Las",44,178,0,441780,44566
Teruel,Peñarroya de Tastavins,44,179,3,441793,44586
Teruel,Peracense,44,180,7,441807,44369
Teruel,Peralejos,44,181,4,441814,44162
Teruel,Perales del Alfambra,44,182,9,441829,44161
Teruel,Perales del Alfambra,44,182,9,441829,44163
Teruel,Pitarque,44,183,5,441835,44555
Teruel,Plou,44,184,0,441840,44213
Teruel,"Pobo, El",44,185,3,441853,44155
Teruel,"Portellada, La",44,187,2,441872,44589
Teruel,Pozondón,44,189,1,441891,44368
Teruel,Pozuel del Campo,44,190,5,441905,44315
Teruel,"Puebla de Híjar, La",44,191,2,441912,44510
Teruel,"Puebla de Valverde, La",44,192,7,441927,44450
Teruel,Puertomingalvo,44,193,3,441933,44411
Teruel,Ráfales,44,194,8,441948,44589
Teruel,Rillo,44,195,1,441951,44710
Teruel,Rillo,44,195,1,441951,44712
Teruel,Riodeva,44,196,4,441964,44133
Teruel,Ródenas,44,197,0,441970,44310
Teruel,Royuela,44,198,6,441986,44125
Teruel,Rubiales,44,199,9,441999,44121
Teruel,Rubielos de la Cérida,44,200,3,442003,44166
Teruel,Rubielos de Mora,44,201,0,442010,44415
Teruel,Salcedillo,44,203,1,442031,44793
Teruel,Saldón,44,204,6,442046,44122
Teruel,Samper de Calanda,44,205,9,442059,44520
Teruel,San Agustín,44,206,2,442062,44480
Teruel,San Martín del Río,44,207,8,442078,44390
Teruel,Santa Cruz de Nogueras,44,208,4,442084,44497
Teruel,Santa Eulalia,44,209,7,442097,44360
Teruel,Sarrión,44,210,1,442101,44424
Teruel,Sarrión,44,210,1,442101,44460
Teruel,Segura de los Baños,44,211,8,442118,44793
Teruel,Seno,44,212,3,442123,44561
Teruel,Singra,44,213,9,442139,44382
Teruel,Terriente,44,215,7,442157,44120
Teruel,Teruel,44,216,0,442160,44001
Teruel,Teruel,44,216,0,442160,44002
Teruel,Teruel,44,216,0,442160,44003
Teruel,Teruel,44,216,0,442160,44121
Teruel,Teruel,44,216,0,442160,44162
Teruel,Teruel,44,216,0,442160,44190
Teruel,Teruel,44,216,0,442160,44192
Teruel,Teruel,44,216,0,442160,44193
Teruel,Teruel,44,216,0,442160,44195
Teruel,Teruel,44,216,0,442160,44396
Teruel,Teruel,44,216,0,442160,44397
Teruel,Toril y Masegoso,44,217,6,442176,44123
Teruel,Tormón,44,218,2,442182,44134
Teruel,Tornos,44,219,5,442195,44230
Teruel,Torralba de los Sisones,44,220,9,442209,44359
Teruel,Torrecilla de Alcañiz,44,221,6,442216,44640
Teruel,Torrecilla del Rebollar,44,222,1,442221,44221
Teruel,Torrecilla del Rebollar,44,222,1,442221,44222
Teruel,Torre de Arcas,44,223,7,442237,44653
Teruel,Torre de las Arcas,44,224,2,442242,44709
Teruel,Torre del Compte,44,225,5,442255,44597
Teruel,Torrelacárcel,44,226,8,442268,44382
Teruel,Torre los Negros,44,227,4,442274,44358
Teruel,Torremocha de Jiloca,44,228,0,442280,44381
Teruel,Torres de Albarracín,44,229,3,442293,44111
Teruel,Torrevelilla,44,230,7,442307,44641
Teruel,Torrijas,44,231,4,442314,44421
Teruel,Torrijo del Campo,44,232,9,442329,44393
Teruel,Tramacastiel,44,234,0,442340,44132
Teruel,Tramacastiel,44,234,0,442340,44133
Teruel,Tramacastilla,44,235,3,442353,44112
Teruel,Tronchón,44,236,6,442366,44141
Teruel,Urrea de Gaén,44,237,2,442372,44593
Teruel,Utrillas,44,238,8,442388,44760
Teruel,Utrillas,44,238,8,442388,44769
Teruel,Valacloche,44,239,1,442391,44191
Teruel,Valbona,44,240,5,442405,44430
Teruel,Valdealgorfa,44,241,2,442412,44594
Teruel,Valdecuenca,44,243,3,442433,44122
Teruel,Valdelinares,44,244,8,442448,44413
Teruel,Valdeltormo,44,245,1,442451,44620
Teruel,Valderrobres,44,246,4,442464,44580
Teruel,Valjunquera,44,247,0,442470,44595
Teruel,"Vallecillo, El",44,249,9,442499,44123
Teruel,Veguillas de la Sierra,44,250,2,442502,44134
Teruel,Villafranca del Campo,44,251,9,442519,44394
Teruel,Villahermosa del Campo,44,252,4,442524,44494
Teruel,Villanueva del Rebollar de la Sierra,44,256,1,442561,44223
Teruel,Villar del Cobo,44,257,7,442577,44114
Teruel,Villar del Salz,44,258,3,442583,44311
Teruel,Villarluengo,44,260,0,442600,44559
Teruel,Villarquemado,44,261,7,442617,44380
Teruel,Villarroya de los Pinares,44,262,2,442622,44144
Teruel,Villastar,44,263,8,442638,44130
Teruel,Villel,44,264,3,442643,44131
Teruel,Vinaceite,44,265,6,442656,44591
Teruel,Visiedo,44,266,9,442669,44164
Teruel,Vivel del Río Martín,44,267,5,442675,44740
Teruel,Vivel del Río Martín,44,267,5,442675,44742
Teruel,"Zoma, La",44,268,1,442681,44707
Toledo,Ajofrín,45,001,5,450015,45110
Toledo,Alameda de la Sagra,45,002,0,450020,45240
Toledo,Albarreal de Tajo,45,003,6,450036,45522
Toledo,Alcabón,45,004,1,450041,45523
Toledo,Alcañizo,45,005,4,450054,45687
Toledo,Alcaudete de la Jara,45,006,7,450067,45662
Toledo,Alcaudete de la Jara,45,006,7,450067,56662
Toledo,Alcolea de Tajo,45,007,3,450073,45571
Toledo,Aldea en Cabo,45,008,9,450089,45908
Toledo,Aldeanueva de Barbarroya,45,009,2,450092,45661
Toledo,Aldeanueva de San Bartolomé,45,010,6,450106,45575
Toledo,Almendral de la Cañada,45,011,3,450113,45631
Toledo,Almonacid de Toledo,45,012,8,450128,45420
Toledo,Almorox,45,013,4,450134,45900
Toledo,Añover de Tajo,45,014,9,450149,45250
Toledo,Arcicóllar,45,015,2,450152,45182
Toledo,Argés,45,016,5,450165,45122
Toledo,Azután,45,017,1,450171,45571
Toledo,Barcience,45,018,7,450187,45525
Toledo,Bargas,45,019,0,450190,45593
Toledo,Belvís de la Jara,45,020,4,450204,45660
Toledo,Borox,45,021,1,450211,45222
Toledo,Buenaventura,45,022,6,450226,45634
Toledo,Burguillos de Toledo,45,023,2,450232,45112
Toledo,Burujón,45,024,7,450247,45521
Toledo,Cabañas de la Sagra,45,025,0,450250,45592
Toledo,Cabañas de Yepes,45,026,3,450263,45312
Toledo,Cabezamesada,45,027,9,450279,45890
Toledo,Calera y Chozas,45,028,5,450285,45686
Toledo,Calera y Chozas,45,028,5,450285,45695
Toledo,Caleruela,45,029,8,450298,45589
Toledo,Calzada de Oropesa,45,030,2,450302,45580
Toledo,Camarena,45,031,9,450319,45180
Toledo,Camarenilla,45,032,4,450324,45181
Toledo,"Campillo de la Jara, El",45,033,0,450330,45578
Toledo,Camuñas,45,034,5,450345,45720
Toledo,Cardiel de los Montes,45,035,8,450358,45642
Toledo,Carmena,45,036,1,450361,45531
Toledo,"Carpio de Tajo, El",45,037,7,450377,45533
Toledo,Carranque,45,038,3,450383,45216
Toledo,Carriches,45,039,6,450396,45532
Toledo,"Casar de Escalona, El",45,040,0,450400,45542
Toledo,Casarrubios del Monte,45,041,7,450417,45950
Toledo,Casasbuenas,45,042,2,450422,45124
Toledo,Castillo de Bayuela,45,043,8,450438,45641
Toledo,Cazalegas,45,045,6,450456,45683
Toledo,Cebolla,45,046,9,450469,45680
Toledo,Cedillo del Condado,45,047,5,450475,45214
Toledo,"Cerralbos, Los",45,048,1,450481,45682
Toledo,Cervera de los Montes,45,049,4,450494,45637
Toledo,Ciruelos,45,050,7,450507,45314
Toledo,Cobeja,45,051,4,450514,45291
Toledo,Cobisa,45,052,9,450529,45111
Toledo,Consuegra,45,053,5,450535,45700
Toledo,Corral de Almaguer,45,054,0,450540,45880
Toledo,Cuerva,45,055,3,450553,45126
Toledo,Chozas de Canales,45,056,6,450566,45960
Toledo,Chueca,45,057,2,450572,45113
Toledo,Domingo Pérez,45,058,8,450588,45544
Toledo,Dosbarrios,45,059,1,450591,45311
Toledo,Erustes,45,060,5,450605,45540
Toledo,Escalona,45,061,2,450612,45910
Toledo,Escalonilla,45,062,7,450627,45517
Toledo,Espinoso del Rey,45,063,3,450633,45650
Toledo,Esquivias,45,064,8,450648,45221
Toledo,"Estrella, La",45,065,1,450651,45574
Toledo,Fuensalida,45,066,4,450664,45510
Toledo,Gálvez,45,067,0,450670,45164
Toledo,Garciotum,45,068,6,450686,45643
Toledo,Gerindote,45,069,9,450699,45518
Toledo,Guadamur,45,070,3,450703,45160
Toledo,"Guardia, La",45,071,0,450710,45760
Toledo,"Herencias, Las",45,072,5,450725,45663
Toledo,"Herencias, Las",45,072,5,450725,45664
Toledo,Herreruela de Oropesa,45,073,1,450731,45588
Toledo,Hinojosa de San Vicente,45,074,6,450746,45645
Toledo,Hontanar,45,075,9,450759,45159
Toledo,Hormigos,45,076,2,450762,45919
Toledo,Huecas,45,077,8,450778,45511
Toledo,Huerta de Valdecarábanos,45,078,4,450784,45750
Toledo,"Iglesuela del Tiétar, La",45,079,7,450797,45633
Toledo,Illán de Vacas,45,080,1,450801,45681
Toledo,Illescas,45,081,8,450818,45200
Toledo,Lagartera,45,082,3,450823,45567
Toledo,Layos,45,083,9,450839,45123
Toledo,Lillo,45,084,4,450844,45870
Toledo,Lominchar,45,085,7,450857,45212
Toledo,Lucillos,45,086,0,450860,45684
Toledo,Madridejos,45,087,6,450876,45710
Toledo,Magán,45,088,2,450882,45590
Toledo,Malpica de Tajo,45,089,5,450895,45692
Toledo,Malpica de Tajo,45,089,5,450895,45693
Toledo,Manzaneque,45,090,9,450909,45460
Toledo,Maqueda,45,091,6,450916,45515
Toledo,Marjaliza,45,092,1,450921,45479
Toledo,Marrupe,45,093,7,450937,45636
Toledo,Mascaraque,45,094,2,450942,45430
Toledo,"Mata, La",45,095,5,450955,45534
Toledo,Mazarambroz,45,096,8,450968,45114
Toledo,Mazarambroz,45,096,8,450968,45126
Toledo,Mejorada,45,097,4,450974,45622
Toledo,Menasalbas,45,098,0,450980,45120
Toledo,Menasalbas,45,098,0,450980,45121
Toledo,Menasalbas,45,098,0,450980,45128
Toledo,Méntrida,45,099,3,450993,45930
Toledo,Mesegar de Tajo,45,100,7,451007,45541
Toledo,Miguel Esteban,45,101,4,451014,45830
Toledo,Mocejón,45,102,9,451029,45270
Toledo,Mohedas de la Jara,45,103,5,451035,45576
Toledo,Montearagón,45,104,0,451040,45685
Toledo,Montesclaros,45,105,3,451053,45620
Toledo,Mora,45,106,6,451066,45400
Toledo,Nambroca,45,107,2,451072,45190
Toledo,Nambroca,45,107,2,451072,45191
Toledo,"Nava de Ricomalillo, La",45,108,8,451088,45670
Toledo,Navahermosa,45,109,1,451091,45150
Toledo,Navahermosa,45,109,1,451091,45159
Toledo,Navalcán,45,110,5,451105,45610
Toledo,Navalmoralejo,45,111,2,451112,45573
Toledo,"Navalmorales, Los",45,112,7,451127,45140
Toledo,"Navalucillos, Los",45,113,3,451133,45130
Toledo,"Navalucillos, Los",45,113,3,451133,45138
Toledo,"Navalucillos, Los",45,113,3,451133,45139
Toledo,Navamorcuende,45,114,8,451148,45630
Toledo,Noblejas,45,115,1,451151,45350
Toledo,Noez,45,116,4,451164,45162
Toledo,Nombela,45,117,0,451170,45917
Toledo,Novés,45,118,6,451186,45519
Toledo,Numancia de la Sagra,45,119,9,451199,45230
Toledo,Nuño Gómez,45,120,3,451203,45644
Toledo,Ocaña,45,121,0,451210,45300
Toledo,Olías del Rey,45,122,5,451225,45280
Toledo,Ontígola,45,123,1,451231,45340
Toledo,Orgaz,45,124,6,451246,45109
Toledo,Orgaz,45,124,6,451246,45450
Toledo,Oropesa,45,125,9,451259,45560
Toledo,Oropesa,45,125,9,451259,45569
Toledo,Otero,45,126,2,451262,45543
Toledo,Palomeque,45,127,8,451278,45213
Toledo,Pantoja,45,128,4,451284,45290
Toledo,Paredes de Escalona,45,129,7,451297,45908
Toledo,Parrillas,45,130,1,451301,45611
Toledo,Pelahustán,45,131,8,451318,45918
Toledo,Pepino,45,132,3,451323,45638
Toledo,Polán,45,133,9,451339,45161
Toledo,Portillo de Toledo,45,134,4,451344,45512
Toledo,"Puebla de Almoradiel, La",45,135,7,451357,45840
Toledo,"Puebla de Montalbán, La",45,136,0,451360,45516
Toledo,"Pueblanueva, La",45,137,6,451376,45690
Toledo,"Pueblanueva, La",45,137,6,451376,45691
Toledo,"Puente del Arzobispo, El",45,138,2,451382,45570
Toledo,Puerto de San Vicente,45,139,5,451395,45577
Toledo,Pulgar,45,140,9,451409,45125
Toledo,Quero,45,141,6,451416,45790
Toledo,Quintanar de la Orden,45,142,1,451421,45400
Toledo,Quintanar de la Orden,45,142,1,451421,45800
Toledo,Quismondo,45,143,7,451437,45514
Toledo,"Real de San Vicente, El",45,144,2,451442,45460
Toledo,"Real de San Vicente, El",45,144,2,451442,45640
Toledo,Recas,45,145,5,451455,45211
Toledo,Retamoso de la Jara,45,146,8,451468,45652
Toledo,Rielves,45,147,4,451474,45524
Toledo,Robledo del Mazo,45,148,0,451480,45674
Toledo,Robledo del Mazo,45,148,0,451480,45675
Toledo,Robledo del Mazo,45,148,0,451480,45676
Toledo,Robledo del Mazo,45,148,0,451480,45677
Toledo,Robledo del Mazo,45,148,0,451480,45678
Toledo,"Romeral, El",45,149,3,451493,45770
Toledo,San Bartolomé de las Abiertas,45,150,6,451506,45654
Toledo,San Martín de Montalbán,45,151,3,451513,45165
Toledo,San Martín de Pusa,45,152,8,451528,45170
Toledo,San Pablo de los Montes,45,153,4,451534,45120
Toledo,San Román de los Montes,45,154,9,451549,45646
Toledo,Santa Ana de Pusa,45,155,2,451552,45653
Toledo,Santa Cruz de la Zarza,45,156,5,451565,45370
Toledo,Santa Cruz del Retamar,45,157,1,451571,45513
Toledo,Santa Cruz del Retamar,45,157,1,451571,45909
Toledo,Santa Olalla,45,158,7,451587,45530
Toledo,Sartajada,45,159,0,451590,45632
Toledo,Segurilla,45,160,4,451604,45621
Toledo,Seseña,45,161,1,451611,45223
Toledo,Seseña,45,161,1,451611,45224
Toledo,Sevilleja de la Jara,45,162,6,451626,45671
Toledo,Sevilleja de la Jara,45,162,6,451626,45672
Toledo,Sevilleja de la Jara,45,162,6,451626,45673
Toledo,Sonseca,45,163,2,451632,45100
Toledo,Sonseca,45,163,2,451632,45109
Toledo,Sotillo de las Palomas,45,164,7,451647,45635
Toledo,Talavera de la Reina,45,165,0,451650,45600
Toledo,Talavera de la Reina,45,165,0,451650,45613
Toledo,Talavera de la Reina,45,165,0,451650,45614
Toledo,Talavera de la Reina,45,165,0,451650,45694
Toledo,Tembleque,45,166,3,451663,45780
Toledo,"Toboso, El",45,167,9,451679,45820
Toledo,Toledo,45,168,5,451685,45001
Toledo,Toledo,45,168,5,451685,45002
Toledo,Toledo,45,168,5,451685,45003
Toledo,Toledo,45,168,5,451685,45004
Toledo,Toledo,45,168,5,451685,45005
Toledo,Toledo,45,168,5,451685,45006
Toledo,Toledo,45,168,5,451685,45007
Toledo,Toledo,45,168,5,451685,45008
Toledo,Toledo,45,168,5,451685,45111
Toledo,Torralba de Oropesa,45,169,8,451698,45569
Toledo,Torrecilla de la Jara,45,170,2,451702,45651
Toledo,"Torre de Esteban Hambrán, La",45,171,9,451719,45920
Toledo,Torrico,45,172,4,451724,45572
Toledo,Torrijos,45,173,0,451730,45500
Toledo,Totanés,45,174,5,451745,45163
Toledo,Turleque,45,175,8,451758,45789
Toledo,Ugena,45,176,1,451761,45217
Toledo,Urda,45,177,7,451777,45480
Toledo,Valdeverdeja,45,179,6,451796,45572
Toledo,Valmojado,45,180,0,451800,45940
Toledo,Velada,45,181,7,451817,45612
Toledo,"Ventas con Peña Aguilera, Las",45,182,2,451822,45127
Toledo,"Ventas de Retamosa, Las",45,183,8,451838,45183
Toledo,"Ventas de San Julián, Las",45,184,3,451843,45568
Toledo,Villacañas,45,185,6,451856,45860
Toledo,"Villa de Don Fadrique, La",45,186,9,451869,45850
Toledo,Villafranca de los Caballeros,45,187,5,451875,45730
Toledo,Villaluenga de la Sagra,45,188,1,451881,45520
Toledo,Villamiel de Toledo,45,189,4,451894,45594
Toledo,Villaminaya,45,190,8,451908,45440
Toledo,Villamuelas,45,191,5,451915,45749
Toledo,Villanueva de Alcardete,45,192,0,451920,45810
Toledo,Villanueva de Bogas,45,193,6,451936,45410
Toledo,Villarejo de Montalbán,45,194,1,451941,45179
Toledo,Villarrubia de Santiago,45,195,4,451954,45360
Toledo,Villaseca de la Sagra,45,196,7,451967,45260
Toledo,Villaseca de la Sagra,45,196,7,451967,45292
Toledo,Villasequilla,45,197,3,451973,45740
Toledo,Villatobas,45,198,9,451989,45310
Toledo,"Viso de San Juan, El",45,199,2,451992,45215
Toledo,"Yébenes, Los",45,200,6,452006,45470
Toledo,Yeles,45,201,3,452013,45220
Toledo,Yepes,45,202,8,452028,45313
Toledo,Yuncler,45,203,4,452034,45529
Toledo,Yunclillos,45,204,9,452049,45591
Toledo,Yuncos,45,205,2,452052,45210
Toledo,Yuncos,45,205,2,452052,45211
Toledo,Santo Domingo-Caudilla,45,901,6,459016,45526
Valencia/València,Ademuz,46,001,8,460018,46140
Valencia/València,Ador,46,002,3,460023,46729
Valencia/València,Atzeneta d'Albaida,46,003,9,460039,46869
Valencia/València,Agullent,46,004,4,460044,46890
Valencia/València,Alaquàs,46,005,7,460057,46970
Valencia/València,Albaida,46,006,0,460060,46860
Valencia/València,Albal,46,007,6,460076,46470
Valencia/València,Albalat de la Ribera,46,008,2,460082,46687
Valencia/València,Albalat dels Sorells,46,009,5,460095,46135
Valencia/València,Albalat dels Tarongers,46,010,9,460109,46591
Valencia/València,Alberic,46,011,6,460116,46260
Valencia/València,Alborache,46,012,1,460121,46369
Valencia/València,Alboraia/Alboraya,46,013,7,460137,46120
Valencia/València,Albuixech,46,014,2,460142,46550
Valencia/València,Alcàsser,46,015,5,460155,46290
Valencia/València,Alcàntera de Xúquer,46,016,8,460168,46293
Valencia/València,Alzira,46,017,4,460174,46268
Valencia/València,Alzira,46,017,4,460174,46600
Valencia/València,Alzira,46,017,4,460174,46792
Valencia/València,Alcublas,46,018,0,460180,46172
Valencia/València,"Alcúdia, l'",46,019,3,460193,46250
Valencia/València,"Alcúdia de Crespins, l'",46,020,7,460207,46690
Valencia/València,Aldaia,46,021,4,460214,46960
Valencia/València,Alfafar,46,022,9,460229,46910
Valencia/València,Alfauir,46,023,5,460235,46725
Valencia/València,Alfara de la Baronia,46,024,0,460240,46594
Valencia/València,Alfara del Patriarca,46,025,3,460253,46115
Valencia/València,Alfarb,46,026,6,460266,46197
Valencia/València,Alfarrasí,46,027,2,460272,46893
Valencia/València,Algar de Palància,46,028,8,460288,46593
Valencia/València,Algemesí,46,029,1,460291,46680
Valencia/València,Algímia d'Alfara,46,030,5,460305,46148
Valencia/València,Alginet,46,031,2,460312,46230
Valencia/València,Almàssera,46,032,7,460327,46132
Valencia/València,Almiserà,46,033,3,460333,46726
Valencia/València,Almoines,46,034,8,460348,46723
Valencia/València,Almussafes,46,035,1,460351,46440
Valencia/València,Alpuente,46,036,4,460364,46178
Valencia/València,"Alqueria de la Comtessa, l'",46,037,0,460370,46715
Valencia/València,Andilla,46,038,6,460386,46162
Valencia/València,Anna,46,039,9,460399,46820
Valencia/València,Antella,46,040,3,460403,46266
Valencia/València,Aras de los Olmos,46,041,0,460410,46179
Valencia/València,Aielo de Malferit,46,042,5,460425,46812
Valencia/València,Aielo de Rugat,46,043,1,460431,46842
Valencia/València,Ayora,46,044,6,460446,46620
Valencia/València,Barxeta,46,045,9,460459,46667
Valencia/València,Barx,46,046,2,460462,46758
Valencia/València,Bèlgida,46,047,8,460478,46868
Valencia/València,Bellreguard,46,048,4,460484,46713
Valencia/València,Bellús,46,049,7,460497,46839
Valencia/València,Benagéber,46,050,0,460500,46173
Valencia/València,Benaguasil,46,051,7,460517,46180
Valencia/València,Benavites,46,052,2,460522,46514
Valencia/València,Beneixida,46,053,8,460538,46293
Valencia/València,Benetússer,46,054,3,460543,46910
Valencia/València,Beniarjó,46,055,6,460556,46722
Valencia/València,Beniatjar,46,056,9,460569,46844
Valencia/València,Benicolet,46,057,5,460575,46838
Valencia/València,Benifairó de les Valls,46,058,1,460581,46511
Valencia/València,Benifairó de la Valldigna,46,059,4,460594,46791
Valencia/València,Benifaió,46,060,8,460608,46450
Valencia/València,Beniflá,46,061,5,460615,46722
Valencia/València,Benigànim,46,062,0,460620,46830
Valencia/València,Benimodo,46,063,6,460636,46291
Valencia/València,Benimuslem,46,064,1,460641,46611
Valencia/València,Beniparrell,46,065,4,460654,46469
Valencia/València,Benirredrà,46,066,7,460667,46703
Valencia/València,Benissanó,46,067,3,460673,46181
Valencia/València,Benissoda,46,068,9,460689,46869
Valencia/València,Benissuera,46,069,2,460692,46839
Valencia/València,Bétera,46,070,6,460706,46117
Valencia/València,Bicorp,46,071,3,460713,46825
Valencia/València,Bocairent,46,072,8,460728,46880
Valencia/València,Bolbaite,46,073,4,460734,46822
Valencia/València,Bonrepòs i Mirambell,46,074,9,460749,46131
Valencia/València,Bufali,46,075,2,460752,46891
Valencia/València,Bugarra,46,076,5,460765,46165
Valencia/València,Buñol,46,077,1,460771,46360
Valencia/València,Burjassot,46,078,7,460787,46100
Valencia/València,Calles,46,079,0,460790,46175
Valencia/València,Camporrobles,46,080,4,460804,46330
Valencia/València,Canals,46,081,1,460811,46650
Valencia/València,Canals,46,081,1,460811,46659
Valencia/València,Canet d'En Berenguer,46,082,6,460826,46529
Valencia/València,Carcaixent,46,083,2,460832,46740
Valencia/València,Carcaixent,46,083,2,460832,46749
Valencia/València,Carcaixent,46,083,2,460832,46792
Valencia/València,Càrcer,46,084,7,460847,46294
Valencia/València,Carlet,46,085,0,460850,46240
Valencia/València,Carrícola,46,086,3,460863,46869
Valencia/València,Casas Altas,46,087,9,460879,46147
Valencia/València,Casas Bajas,46,088,5,460885,46146
Valencia/València,Casinos,46,089,8,460898,46171
Valencia/València,Castelló de Rugat,46,090,2,460902,46841
Valencia/València,Castellonet de la Conquesta,46,091,9,460919,46726
Valencia/València,Castielfabib,46,092,4,460924,46141
Valencia/València,Castielfabib,46,092,4,460924,46142
Valencia/València,Castielfabib,46,092,4,460924,46144
Valencia/València,Catadau,46,093,0,460930,46196
Valencia/València,Catarroja,46,094,5,460945,46470
Valencia/València,Caudete de las Fuentes,46,095,8,460958,46315
Valencia/València,Cerdà,46,096,1,460961,46813
Valencia/València,Cofrentes,46,097,7,460977,46625
Valencia/València,Corbera,46,098,3,460983,46612
Valencia/València,Cortes de Pallás,46,099,6,460996,46199
Valencia/València,Cotes,46,100,0,461000,46294
Valencia/València,Quart de les Valls,46,101,7,461017,46515
Valencia/València,Quart de Poblet,46,102,2,461022,46930
Valencia/València,Quartell,46,103,8,461038,46510
Valencia/València,Quatretonda,46,104,3,461043,46837
Valencia/València,Cullera,46,105,6,461056,46400
Valencia/València,Cullera,46,105,6,461056,46408
Valencia/València,Cullera,46,105,6,461056,46409
Valencia/València,Chelva,46,106,9,461069,46176
Valencia/València,Chelva,46,106,9,461069,46351
Valencia/València,Chella,46,107,5,461075,46821
Valencia/València,Chera,46,108,1,461081,46350
Valencia/València,Cheste,46,109,4,461094,46380
Valencia/València,Xirivella,46,110,8,461108,46950
Valencia/València,Chiva,46,111,5,461115,46370
Valencia/València,Chulilla,46,112,0,461120,46167
Valencia/València,Daimús,46,113,6,461136,46710
Valencia/València,Domeño,46,114,1,461141,46174
Valencia/València,Domeño,46,114,1,461141,46175
Valencia/València,Dos Aguas,46,115,4,461154,46198
Valencia/València,"Eliana, l'",46,116,7,461167,46183
Valencia/València,Emperador,46,117,3,461173,46135
Valencia/València,Enguera,46,118,9,461189,46810
Valencia/València,Enguera,46,118,9,461189,46811
Valencia/València,"Énova, l'",46,119,2,461192,46669
Valencia/València,Estivella,46,120,6,461206,46590
Valencia/València,Estubeny,46,121,3,461213,46817
Valencia/València,Faura,46,122,8,461228,46512
Valencia/València,Favara,46,123,4,461234,46614
Valencia/València,Fontanars dels Alforins,46,124,9,461249,46635
Valencia/València,Fortaleny,46,125,2,461252,46418
Valencia/València,Foios,46,126,5,461265,46134
Valencia/València,"Font d'en Carròs, la",46,127,1,461271,46717
Valencia/València,"Font de la Figuera, la",46,128,7,461287,46630
Valencia/València,Fuenterrobles,46,129,0,461290,46314
Valencia/València,Gavarda,46,130,4,461304,46267
Valencia/València,Gandia,46,131,1,461311,46701
Valencia/València,Gandia,46,131,1,461311,46702
Valencia/València,Gandia,46,131,1,461311,46728
Valencia/València,Gandia,46,131,1,461311,46730
Valencia/València,"Genovés, el",46,132,6,461326,46894
Valencia/València,Gestalgar,46,133,2,461332,46166
Valencia/València,Gilet,46,134,7,461347,46149
Valencia/València,Godella,46,135,0,461350,46110
Valencia/València,Godelleta,46,136,3,461363,46388
Valencia/València,"Granja de la Costera, la",46,137,9,461379,46818
Valencia/València,Guadasséquies,46,138,5,461385,46839
Valencia/València,Guadassuar,46,139,8,461398,46610
Valencia/València,Guardamar de la Safor,46,140,2,461402,46711
Valencia/València,Higueruelas,46,141,9,461419,46162
Valencia/València,Jalance,46,142,4,461424,46624
Valencia/València,Xeraco,46,143,0,461430,46770
Valencia/València,Jarafuel,46,144,5,461445,46623
Valencia/València,Xàtiva,46,145,8,461458,46800
Valencia/València,Xeresa,46,146,1,461461,46790
Valencia/València,Llíria,46,147,7,461477,46160
Valencia/València,Loriguilla,46,148,3,461483,46393
Valencia/València,Losa del Obispo,46,149,6,461496,46168
Valencia/València,Llutxent,46,150,9,461509,46838
Valencia/València,Llocnou d'En Fenollet,46,151,6,461516,46668
Valencia/València,Llocnou de la Corona,46,152,1,461521,46910
Valencia/València,Llocnou de Sant Jeroni,46,153,7,461537,46726
Valencia/València,Llanera de Ranes,46,154,2,461542,46814
Valencia/València,Llanera de Ranes,46,154,2,461542,46816
Valencia/València,Llaurí,46,155,5,461555,46613
Valencia/València,Llombai,46,156,8,461568,46195
Valencia/València,"Llosa de Ranes, la",46,157,4,461574,46815
Valencia/València,Macastre,46,158,0,461580,46368
Valencia/València,Manises,46,159,3,461593,46940
Valencia/València,Manuel,46,160,7,461607,46660
Valencia/València,Marines,46,161,4,461614,46163
Valencia/València,Massalavés,46,162,9,461629,46292
Valencia/València,Massalfassar,46,163,5,461635,46560
Valencia/València,Massamagrell,46,164,0,461640,46130
Valencia/València,Massanassa,46,165,3,461653,46470
Valencia/València,Meliana,46,166,6,461666,46133
Valencia/València,Millares,46,167,2,461672,46198
Valencia/València,Miramar,46,168,8,461688,46711
Valencia/València,Mislata,46,169,1,461691,46920
Valencia/València,Moixent/Mogente,46,170,5,461705,46640
Valencia/València,Montcada/Moncada,46,171,2,461712,46113
Valencia/València,Montcada/Moncada,46,171,2,461712,46116
Valencia/València,Montserrat,46,172,7,461727,46192
Valencia/València,Montaverner,46,173,3,461733,46892
Valencia/València,Montesa,46,174,8,461748,46692
Valencia/València,Montitxelvo/Montichelvo,46,175,1,461751,46842
Valencia/València,Montroi/Montroy,46,176,4,461764,46193
Valencia/València,Museros,46,177,0,461770,46136
Valencia/València,Nàquera/Náquera,46,178,6,461786,46119
Valencia/València,Navarrés,46,179,9,461799,46823
Valencia/València,Novetlè,46,180,3,461803,46819
Valencia/València,Oliva,46,181,0,461810,46780
Valencia/València,Olocau,46,182,5,461825,46169
Valencia/València,"Olleria, l'",46,183,1,461831,46850
Valencia/València,Ontinyent,46,184,6,461846,46870
Valencia/València,Otos,46,185,9,461859,46844
Valencia/València,Paiporta,46,186,2,461862,46200
Valencia/València,Palma de Gandía,46,187,8,461878,46724
Valencia/València,Palmera,46,188,4,461884,46714
Valencia/València,"Palomar, el",46,189,7,461897,46891
Valencia/València,Paterna,46,190,1,461901,46182
Valencia/València,Paterna,46,190,1,461901,46980
Valencia/València,Paterna,46,190,1,461901,46988
Valencia/València,Paterna,46,190,1,461901,46989
Valencia/València,Pedralba,46,191,8,461918,46164
Valencia/València,Petrés,46,192,3,461923,46501
Valencia/València,Picanya,46,193,9,461939,46210
Valencia/València,Picassent,46,194,4,461944,46220
Valencia/València,Picassent,46,194,4,461944,46229
Valencia/València,Piles,46,195,7,461957,46712
Valencia/València,Pinet,46,196,0,461960,46838
Valencia/València,Polinyà de Xúquer,46,197,6,461976,46688
Valencia/València,Potries,46,198,2,461982,46721
Valencia/València,"Pobla de Farnals, la",46,199,5,461995,46137
Valencia/València,"Pobla de Farnals, la",46,199,5,461995,46139
Valencia/València,"Pobla del Duc, la",46,200,9,462009,46840
Valencia/València,Puebla de San Miguel,46,201,6,462016,46140
Valencia/València,"Pobla de Vallbona, la",46,202,1,462021,46185
Valencia/València,"Pobla Llarga, la",46,203,7,462037,46670
Valencia/València,"Puig de Santa Maria, el",46,204,2,462042,46540
Valencia/València,Puçol,46,205,5,462055,46530
Valencia/València,Quesa,46,206,8,462068,46824
Valencia/València,Rafelbunyol,46,207,4,462074,46138
Valencia/València,Rafelcofer,46,208,0,462080,46716
Valencia/València,Rafelguaraf,46,209,3,462093,46666
Valencia/València,Rafelguaraf,46,209,3,462093,46668
Valencia/València,Ráfol de Salem,46,210,7,462107,46843
Valencia/València,"Real de Gandia, el",46,211,4,462114,46727
Valencia/València,Real,46,212,9,462129,46194
Valencia/València,Requena,46,213,5,462135,46340
Valencia/València,Requena,46,213,5,462135,46351
Valencia/València,Requena,46,213,5,462135,46352
Valencia/València,Requena,46,213,5,462135,46353
Valencia/València,Requena,46,213,5,462135,46354
Valencia/València,Requena,46,213,5,462135,46355
Valencia/València,Requena,46,213,5,462135,46356
Valencia/València,Requena,46,213,5,462135,46357
Valencia/València,Requena,46,213,5,462135,46390
Valencia/València,Requena,46,213,5,462135,46391
Valencia/València,Riba-roja de Túria,46,214,0,462140,46190
Valencia/València,Riola,46,215,3,462153,46417
Valencia/València,Rocafort,46,216,6,462166,46111
Valencia/València,Rotglà i Corberà,46,217,2,462172,46816
Valencia/València,Ròtova,46,218,8,462188,46725
Valencia/València,Rugat,46,219,1,462191,46842
Valencia/València,Sagunt/Sagunto,46,220,5,462205,46500
Valencia/València,Sagunt/Sagunto,46,220,5,462205,46520
Valencia/València,Sagunt/Sagunto,46,220,5,462205,46530
Valencia/València,Salem,46,221,2,462212,46843
Valencia/València,Sant Joanet,46,222,7,462227,46669
Valencia/València,Sedaví,46,223,3,462233,46910
Valencia/València,Segart,46,224,8,462248,46592
Valencia/València,Sellent,46,225,1,462251,46295
Valencia/València,Sempere,46,226,4,462264,46839
Valencia/València,Senyera,46,227,0,462270,46669
Valencia/València,Serra,46,228,6,462286,46118
Valencia/València,Siete Aguas,46,229,9,462299,46392
Valencia/València,Silla,46,230,3,462303,46460
Valencia/València,Simat de la Valldigna,46,231,0,462310,46750
Valencia/València,Sinarcas,46,232,5,462325,46320
Valencia/València,Sollana,46,233,1,462331,46430
Valencia/València,Sollana,46,233,1,462331,46439
Valencia/València,Sot de Chera,46,234,6,462346,46168
Valencia/València,Sueca,46,235,9,462359,46410
Valencia/València,Sueca,46,235,9,462359,46419
Valencia/València,Sueca,46,235,9,462359,46420
Valencia/València,Sumacàrcer,46,236,2,462362,46295
Valencia/València,Tavernes Blanques,46,237,8,462378,46016
Valencia/València,Tavernes de la Valldigna,46,238,4,462384,46760
Valencia/València,Teresa de Cofrentes,46,239,7,462397,46622
Valencia/València,Terrateig,46,240,1,462401,46842
Valencia/València,Titaguas,46,241,8,462418,46178
Valencia/València,Torrebaja,46,242,3,462423,46143
Valencia/València,Torrella,46,243,9,462439,46814
Valencia/València,Torrent,46,244,4,462444,46900
Valencia/València,Torrent,46,244,4,462444,46901
Valencia/València,Torrent,46,244,4,462444,46909
Valencia/València,Torres Torres,46,245,7,462457,46595
Valencia/València,Tous,46,246,0,462460,46269
Valencia/València,Tuéjar,46,247,6,462476,46177
Valencia/València,Turís,46,248,2,462482,46389
Valencia/València,Utiel,46,249,5,462495,46300
Valencia/València,Utiel,46,249,5,462495,46312
Valencia/València,Utiel,46,249,5,462495,46313
Valencia/València,Utiel,46,249,5,462495,46321
Valencia/València,València,46,250,8,462508,46001
Valencia/València,València,46,250,8,462508,46002
Valencia/València,València,46,250,8,462508,46003
Valencia/València,València,46,250,8,462508,46004
Valencia/València,València,46,250,8,462508,46005
Valencia/València,València,46,250,8,462508,46006
Valencia/València,València,46,250,8,462508,46007
Valencia/València,València,46,250,8,462508,46008
Valencia/València,València,46,250,8,462508,46009
Valencia/València,València,46,250,8,462508,46010
Valencia/València,València,46,250,8,462508,46011
Valencia/València,València,46,250,8,462508,46012
Valencia/València,València,46,250,8,462508,46013
Valencia/València,València,46,250,8,462508,46014
Valencia/València,València,46,250,8,462508,46015
Valencia/València,València,46,250,8,462508,46016
Valencia/València,València,46,250,8,462508,46017
Valencia/València,València,46,250,8,462508,46018
Valencia/València,València,46,250,8,462508,46019
Valencia/València,València,46,250,8,462508,46020
Valencia/València,València,46,250,8,462508,46021
Valencia/València,València,46,250,8,462508,46022
Valencia/València,València,46,250,8,462508,46023
Valencia/València,València,46,250,8,462508,46024
Valencia/València,València,46,250,8,462508,46025
Valencia/València,València,46,250,8,462508,46026
Valencia/València,València,46,250,8,462508,46035
Valencia/València,València,46,250,8,462508,46112
Valencia/València,València,46,250,8,462508,46131
Valencia/València,València,46,250,8,462508,46135
Valencia/València,Vallada,46,251,5,462515,46691
Valencia/València,Vallanca,46,252,0,462520,46145
Valencia/València,Vallés,46,253,6,462536,46818
Valencia/València,Venta del Moro,46,254,1,462541,46310
Valencia/València,Venta del Moro,46,254,1,462541,46311
Valencia/València,Vilallonga/Villalonga,46,255,4,462554,46720
Valencia/València,Vilamarxant,46,256,7,462567,46191
Valencia/València,Castelló,46,257,3,462573,46270
Valencia/València,Villar del Arzobispo,46,258,9,462589,46170
Valencia/València,Villargordo del Cabriel,46,259,2,462592,46317
Valencia/València,Vinalesa,46,260,6,462606,46114
Valencia/València,Yátova,46,261,3,462613,46367
Valencia/València,"Yesa, La",46,262,8,462628,46178
Valencia/València,Zarra,46,263,4,462634,46621
Valencia/València,Gátova,46,902,4,469024,46169
Valencia/València,San Antonio de Benagéber,46,903,0,469030,46184
Valencia/València,Benicull de Xúquer,46,904,5,469045,46689
Valladolid,Adalia,47,001,4,470014,47129
Valladolid,Aguasal,47,002,9,470029,47418
Valladolid,Aguilar de Campos,47,003,5,470035,47814
Valladolid,Alaejos,47,004,0,470040,47510
Valladolid,Alcazarén,47,005,3,470053,47238
Valladolid,Aldea de San Miguel,47,006,6,470066,47160
Valladolid,Aldeamayor de San Martín,47,007,2,470072,47162
Valladolid,Almenara de Adaja,47,008,8,470088,47419
Valladolid,Amusquillo,47,009,1,470091,47177
Valladolid,Arroyo de la Encomienda,47,010,5,470105,47195
Valladolid,Ataquines,47,011,2,470112,47210
Valladolid,Bahabón,47,012,7,470127,47312
Valladolid,Barcial de la Loma,47,013,3,470133,47674
Valladolid,Barruelo del Valle,47,014,8,470148,47129
Valladolid,Becilla de Valderaduey,47,015,1,470151,47670
Valladolid,Benafarces,47,016,4,470164,47880
Valladolid,Bercero,47,017,0,470170,47115
Valladolid,Berceruelo,47,018,6,470186,47115
Valladolid,Berrueces,47,019,9,470199,47813
Valladolid,Bobadilla del Campo,47,020,3,470203,47462
Valladolid,Bocigas,47,021,0,470210,47419
Valladolid,Bocos de Duero,47,022,5,470225,47317
Valladolid,Boecillo,47,023,1,470231,47151
Valladolid,Bolaños de Campos,47,024,6,470246,47675
Valladolid,Brahojos de Medina,47,025,9,470259,47461
Valladolid,Bustillo de Chaves,47,026,2,470262,47608
Valladolid,Cabezón de Pisuerga,47,027,8,470278,47260
Valladolid,Cabezón de Valderaduey,47,028,4,470284,47689
Valladolid,Cabreros del Monte,47,029,7,470297,47832
Valladolid,Campaspero,47,030,1,470301,47310
Valladolid,"Campillo, El",47,031,8,470318,47460
Valladolid,Camporredondo,47,032,3,470323,47165
Valladolid,Canalejas de Peñafiel,47,033,9,470339,47311
Valladolid,Canillas de Esgueva,47,034,4,470344,47185
Valladolid,Carpio,47,035,7,470357,47470
Valladolid,Casasola de Arión,47,036,0,470360,47110
Valladolid,Castrejón de Trabancos,47,037,6,470376,47512
Valladolid,Castrillo de Duero,47,038,2,470382,47318
Valladolid,Castrillo-Tejeriego,47,039,5,470395,47329
Valladolid,Castrobol,47,040,9,470409,47689
Valladolid,Castrodeza,47,041,6,470416,47192
Valladolid,Castromembibre,47,042,1,470421,47882
Valladolid,Castromonte,47,043,7,470437,47641
Valladolid,Castronuevo de Esgueva,47,044,2,470442,47171
Valladolid,Castronuño,47,045,5,470455,47520
Valladolid,Castroponce,47,046,8,470468,47664
Valladolid,Castroverde de Cerrato,47,047,4,470474,47182
Valladolid,Ceinos de Campos,47,048,0,470480,47692
Valladolid,Cervillego de la Cruz,47,049,3,470493,47494
Valladolid,Cigales,47,050,6,470506,47270
Valladolid,Ciguñuela,47,051,3,470513,47191
Valladolid,Cistérniga,47,052,8,470528,47193
Valladolid,Cogeces de Íscar,47,053,4,470534,47440
Valladolid,Cogeces del Monte,47,054,9,470549,47313
Valladolid,Corcos,47,055,2,470552,47280
Valladolid,Corcos,47,055,2,470552,47281
Valladolid,Corrales de Duero,47,056,5,470565,47317
Valladolid,Cubillas de Santa Marta,47,057,1,470571,47290
Valladolid,Cuenca de Campos,47,058,7,470587,47650
Valladolid,Curiel de Duero,47,059,0,470590,47316
Valladolid,Encinas de Esgueva,47,060,4,470604,47186
Valladolid,Esguevillas de Esgueva,47,061,1,470611,47176
Valladolid,Fombellida,47,062,6,470626,47184
Valladolid,Fompedraza,47,063,2,470632,47311
Valladolid,Fontihoyuelo,47,064,7,470647,47609
Valladolid,Fresno el Viejo,47,065,0,470650,47480
Valladolid,Fuensaldaña,47,066,3,470663,47194
Valladolid,Fuente el Sol,47,067,9,470679,47494
Valladolid,Fuente-Olmedo,47,068,5,470685,47418
Valladolid,Gallegos de Hornija,47,069,8,470698,47134
Valladolid,Gatón de Campos,47,070,2,470702,47606
Valladolid,Geria,47,071,9,470719,47131
Valladolid,Herrín de Campos,47,073,0,470730,47607
Valladolid,Hornillos de Eresma,47,074,5,470745,47238
Valladolid,Íscar,47,075,8,470758,47420
Valladolid,Laguna de Duero,47,076,1,470761,47140
Valladolid,Laguna de Duero,47,076,1,470761,47153
Valladolid,Laguna de Duero,47,076,1,470761,47169
Valladolid,Langayo,47,077,7,470777,47314
Valladolid,Lomoviejo,47,078,3,470783,47494
Valladolid,Llano de Olmedo,47,079,6,470796,47418
Valladolid,Manzanillo,47,080,0,470800,47314
Valladolid,Marzales,47,081,7,470817,47133
Valladolid,Matapozuelos,47,082,2,470822,04723
Valladolid,Matapozuelos,47,082,2,470822,47230
Valladolid,Matapozuelos,47,082,2,470822,47237
Valladolid,Matilla de los Caños,47,083,8,470838,47114
Valladolid,Mayorga,47,084,3,470843,47680
Valladolid,Medina del Campo,47,085,6,470856,47400
Valladolid,Medina del Campo,47,085,6,470856,47492
Valladolid,Medina del Campo,47,085,6,470856,47493
Valladolid,Medina de Rioseco,47,086,9,470869,47800
Valladolid,Medina de Rioseco,47,086,9,470869,47816
Valladolid,Megeces,47,087,5,470875,47440
Valladolid,Melgar de Abajo,47,088,1,470881,47687
Valladolid,Melgar de Arriba,47,089,4,470894,47686
Valladolid,Mojados,47,090,8,470908,47250
Valladolid,Monasterio de Vega,47,091,5,470915,47688
Valladolid,Montealegre de Campos,47,092,0,470920,47816
Valladolid,Montemayor de Pililla,47,093,6,470936,47320
Valladolid,Moral de la Reina,47,094,1,470941,47691
Valladolid,Moraleja de las Panaderas,47,095,4,470954,47454
Valladolid,Morales de Campos,47,096,7,470967,47811
Valladolid,Mota del Marqués,47,097,3,470973,47120
Valladolid,Mucientes,47,098,9,470989,47194
Valladolid,"Mudarra, La",47,099,2,470992,47630
Valladolid,Muriel,47,100,6,471006,47219
Valladolid,Nava del Rey,47,101,3,471013,47500
Valladolid,Nueva Villa de las Torres,47,102,8,471028,47464
Valladolid,Olivares de Duero,47,103,4,471034,47359
Valladolid,Olmedo,47,104,9,471049,47410
Valladolid,Olmedo,47,104,9,471049,47451
Valladolid,Olmos de Esgueva,47,105,2,471052,47173
Valladolid,Olmos de Peñafiel,47,106,5,471065,47318
Valladolid,Palazuelo de Vedija,47,109,0,471090,47812
Valladolid,"Parrilla, La",47,110,4,471104,47328
Valladolid,"Pedraja de Portillo, La",47,111,1,471111,47196
Valladolid,Pedrajas de San Esteban,47,112,6,471126,47430
Valladolid,Pedrosa del Rey,47,113,2,471132,47112
Valladolid,Peñafiel,47,114,7,471147,47300
Valladolid,Peñafiel,47,114,7,471147,47313
Valladolid,Peñafiel,47,114,7,471147,47314
Valladolid,Peñafiel,47,114,7,471147,47318
Valladolid,Peñaflor de Hornija,47,115,0,471150,47640
Valladolid,Pesquera de Duero,47,116,3,471163,47315
Valladolid,Piña de Esgueva,47,117,9,471179,47175
Valladolid,Piñel de Abajo,47,118,5,471185,47316
Valladolid,Piñel de Arriba,47,119,8,471198,47316
Valladolid,Pollos,47,121,9,471219,47116
Valladolid,Portillo,47,122,4,471224,47160
Valladolid,Pozal de Gallinas,47,123,0,471230,47450
Valladolid,Pozaldez,47,124,5,471245,47220
Valladolid,Pozuelo de la Orden,47,125,8,471258,47831
Valladolid,Puras,47,126,1,471261,47419
Valladolid,Quintanilla de Arriba,47,127,7,471277,47360
Valladolid,Quintanilla del Molar,47,128,3,471283,47673
Valladolid,Quintanilla de Onésimo,47,129,6,471296,47350
Valladolid,Quintanilla de Trigueros,47,130,0,471300,47283
Valladolid,Rábano,47,131,7,471317,47319
Valladolid,Ramiro,47,132,2,471322,47453
Valladolid,Renedo de Esgueva,47,133,8,471338,47170
Valladolid,Roales de Campos,47,134,3,471343,47673
Valladolid,Robladillo,47,135,6,471356,47131
Valladolid,Roturas,47,137,5,471375,47316
Valladolid,Rubí de Bracamonte,47,138,1,471381,47494
Valladolid,Rueda,47,139,4,471394,47490
Valladolid,Rueda,47,139,4,471394,47492
Valladolid,Rueda,47,139,4,471394,47509
Valladolid,Saelices de Mayorga,47,140,8,471408,47689
Valladolid,Salvador de Zapardiel,47,141,5,471415,47219
Valladolid,San Cebrián de Mazote,47,142,0,471420,47129
Valladolid,San Llorente,47,143,6,471436,47317
Valladolid,San Martín de Valvení,47,144,1,471441,47209
Valladolid,San Miguel del Arroyo,47,145,4,471454,47164
Valladolid,San Miguel del Pino,47,146,7,471467,47132
Valladolid,San Pablo de la Moraleja,47,147,3,471473,47219
Valladolid,San Pedro de Latarce,47,148,9,471489,47851
Valladolid,San Pelayo,47,149,2,471492,47129
Valladolid,San Román de Hornija,47,150,5,471505,47530
Valladolid,San Salvador,47,151,2,471512,47134
Valladolid,Santa Eufemia del Arroyo,47,152,7,471527,47811
Valladolid,Santervás de Campos,47,153,3,471533,47609
Valladolid,Santibáñez de Valcorba,47,154,8,471548,47331
Valladolid,Santovenia de Pisuerga,47,155,1,471551,47155
Valladolid,San Vicente del Palacio,47,156,4,471564,47493
Valladolid,Sardón de Duero,47,157,0,471570,47340
Valladolid,"Seca, La",47,158,6,471586,47491
Valladolid,Serrada,47,159,9,471599,47231
Valladolid,Siete Iglesias de Trabancos,47,160,3,471603,47511
Valladolid,Simancas,47,161,0,471610,47130
Valladolid,Tamariz de Campos,47,162,5,471625,47815
Valladolid,Tiedra,47,163,1,471631,47870
Valladolid,Tordehumos,47,164,6,471646,47830
Valladolid,Tordesillas,47,165,9,471659,47100
Valladolid,Tordesillas,47,165,9,471659,47113
Valladolid,Tordesillas,47,165,9,471659,47132
Valladolid,Torrecilla de la Abadesa,47,166,2,471662,47114
Valladolid,Torrecilla de la Orden,47,167,8,471678,47513
Valladolid,Torrecilla de la Torre,47,168,4,471684,47129
Valladolid,Torre de Esgueva,47,169,7,471697,47183
Valladolid,Torre de Peñafiel,47,170,1,471701,47313
Valladolid,Torre de Peñafiel,47,170,1,471701,47319
Valladolid,Torrelobatón,47,171,8,471718,47134
Valladolid,Torrescárcela,47,172,3,471723,47313
Valladolid,Traspinedo,47,173,9,471739,47330
Valladolid,Trigueros del Valle,47,174,4,471744,47282
Valladolid,Tudela de Duero,47,175,7,471757,47161
Valladolid,Tudela de Duero,47,175,7,471757,47169
Valladolid,Tudela de Duero,47,175,7,471757,47320
Valladolid,"Unión de Campos, La",47,176,0,471760,47670
Valladolid,Urones de Castroponce,47,177,6,471776,47671
Valladolid,Urueña,47,178,2,471782,47862
Valladolid,Valbuena de Duero,47,179,5,471795,47359
Valladolid,Valdearcos de la Vega,47,180,9,471809,47317
Valladolid,Valdenebro de los Valles,47,181,6,471816,47816
Valladolid,Valdestillas,47,182,1,471821,47240
Valladolid,Valdunquillo,47,183,7,471837,47672
Valladolid,Valoria la Buena,47,184,2,471842,47200
Valladolid,Valverde de Campos,47,185,5,471855,47690
Valladolid,Valladolid,47,186,8,471868,47001
Valladolid,Valladolid,47,186,8,471868,47002
Valladolid,Valladolid,47,186,8,471868,47003
Valladolid,Valladolid,47,186,8,471868,47004
Valladolid,Valladolid,47,186,8,471868,47005
Valladolid,Valladolid,47,186,8,471868,47006
Valladolid,Valladolid,47,186,8,471868,47007
Valladolid,Valladolid,47,186,8,471868,47008
Valladolid,Valladolid,47,186,8,471868,47009
Valladolid,Valladolid,47,186,8,471868,47010
Valladolid,Valladolid,47,186,8,471868,47011
Valladolid,Valladolid,47,186,8,471868,47012
Valladolid,Valladolid,47,186,8,471868,47013
Valladolid,Valladolid,47,186,8,471868,47014
Valladolid,Valladolid,47,186,8,471868,47015
Valladolid,Valladolid,47,186,8,471868,47016
Valladolid,Valladolid,47,186,8,471868,47017
Valladolid,Valladolid,47,186,8,471868,47152
Valladolid,Valladolid,47,186,8,471868,47153
Valladolid,Valladolid,47,186,8,471868,47197
Valladolid,Valladolid,47,186,8,471868,47639
Valladolid,Vega de Ruiponce,47,187,4,471874,47609
Valladolid,Vega de Valdetronco,47,188,0,471880,47133
Valladolid,Velascálvaro,47,189,3,471893,47463
Valladolid,Velilla,47,190,7,471907,47114
Valladolid,Velliza,47,191,4,471914,47131
Valladolid,Ventosa de la Cuesta,47,192,9,471929,47232
Valladolid,Viana de Cega,47,193,5,471935,47150
Valladolid,Viloria,47,194,0,471940,47166
Valladolid,Villabáñez,47,195,3,471953,47329
Valladolid,Villabaruz de Campos,47,196,6,471966,47815
Valladolid,Villabrágima,47,197,2,471972,47820
Valladolid,Villacarralón,47,198,8,471988,47609
Valladolid,Villacid de Campos,47,199,1,471991,47607
Valladolid,Villaco,47,200,5,472005,47181
Valladolid,Villafrades de Campos,47,203,3,472033,47606
Valladolid,Villafranca de Duero,47,204,8,472048,47529
Valladolid,Villafrechós,47,205,1,472051,47810
Valladolid,Villafuerte,47,206,4,472064,47180
Valladolid,Villagarcía de Campos,47,207,0,472070,47840
Valladolid,Villagómez la Nueva,47,208,6,472086,47608
Valladolid,Villalán de Campos,47,209,9,472099,47675
Valladolid,Villalar de los Comuneros,47,210,3,472103,47111
Valladolid,Villalba de la Loma,47,211,0,472110,47689
Valladolid,Villalba de los Alcores,47,212,5,472125,47639
Valladolid,Villalbarba,47,213,1,472131,47113
Valladolid,Villalón de Campos,47,214,6,472146,47600
Valladolid,Villamuriel de Campos,47,215,9,472159,47814
Valladolid,Villán de Tordesillas,47,216,2,472162,47131
Valladolid,Villanubla,47,217,8,472178,47620
Valladolid,Villanueva de Duero,47,218,4,472184,47239
Valladolid,Villanueva de la Condesa,47,219,7,472197,47608
Valladolid,Villanueva de los Caballeros,47,220,1,472201,47850
Valladolid,Villanueva de los Infantes,47,221,8,472218,47174
Valladolid,Villanueva de San Mancio,47,222,3,472223,47813
Valladolid,Villardefrades,47,223,9,472239,47860
Valladolid,Villarmentero de Esgueva,47,224,4,472244,47172
Valladolid,Villasexmir,47,225,7,472257,47134
Valladolid,Villavaquerín,47,226,0,472260,47329
Valladolid,Villavellid,47,227,6,472276,47883
Valladolid,Villaverde de Medina,47,228,2,472282,47465
Valladolid,Villavicencio de los Caballeros,47,229,5,472295,47676
Valladolid,Wamba,47,230,9,472309,47190
Valladolid,Zaratán,47,231,6,472316,47610
Valladolid,"Zarza, La",47,232,1,472321,47452
Bizkaia,Abadiño,48,001,0,480010,48220
Bizkaia,Abanto y Ciérvana-Abanto Zierbena,48,002,5,480025,48500
Bizkaia,Amorebieta-Etxano,48,003,1,480031,48340
Bizkaia,Amoroto,48,004,6,480046,48289
Bizkaia,Arakaldo,48,005,9,480059,48498
Bizkaia,Arantzazu,48,006,2,480062,48140
Bizkaia,Munitibar-Arbatzegi Gerrikaitz,48,007,8,480078,48381
Bizkaia,Artzentales,48,008,4,480084,48879
Bizkaia,Arrankudiaga-Zollo,48,009,7,480097,48498
Bizkaia,Arrieta,48,010,1,480101,48114
Bizkaia,Arrigorriaga,48,011,8,480118,48003
Bizkaia,Arrigorriaga,48,011,8,480118,48480
Bizkaia,Bakio,48,012,3,480123,48130
Bizkaia,Barakaldo,48,013,9,480139,48901
Bizkaia,Barakaldo,48,013,9,480139,48902
Bizkaia,Barakaldo,48,013,9,480139,48903
Bizkaia,Barrika,48,014,4,480144,48650
Bizkaia,Basauri,48,015,7,480157,48970
Bizkaia,Berango,48,016,0,480160,48640
Bizkaia,Bermeo,48,017,6,480176,48370
Bizkaia,Berriatua,48,018,2,480182,48710
Bizkaia,Berriz,48,019,5,480195,48240
Bizkaia,Berriz,48,019,5,480195,48249
Bizkaia,Bilbao,48,020,9,480209,48001
Bizkaia,Bilbao,48,020,9,480209,48002
Bizkaia,Bilbao,48,020,9,480209,48003
Bizkaia,Bilbao,48,020,9,480209,48004
Bizkaia,Bilbao,48,020,9,480209,48005
Bizkaia,Bilbao,48,020,9,480209,48006
Bizkaia,Bilbao,48,020,9,480209,48007
Bizkaia,Bilbao,48,020,9,480209,48008
Bizkaia,Bilbao,48,020,9,480209,48009
Bizkaia,Bilbao,48,020,9,480209,48010
Bizkaia,Bilbao,48,020,9,480209,48011
Bizkaia,Bilbao,48,020,9,480209,48012
Bizkaia,Bilbao,48,020,9,480209,48013
Bizkaia,Bilbao,48,020,9,480209,48014
Bizkaia,Bilbao,48,020,9,480209,48015
Bizkaia,Busturia,48,021,6,480216,48350
Bizkaia,Karrantza Harana/Valle de Carranza,48,022,1,480221,48890
Bizkaia,Karrantza Harana/Valle de Carranza,48,022,1,480221,48891
Bizkaia,Artea,48,023,7,480237,48142
Bizkaia,Zeanuri,48,024,2,480242,48144
Bizkaia,Zeberio,48,025,5,480255,48499
Bizkaia,Dima,48,026,8,480268,48141
Bizkaia,Durango,48,027,4,480274,48200
Bizkaia,Ea,48,028,0,480280,48287
Bizkaia,Ea,48,028,0,480280,48311
Bizkaia,Etxebarri,48,029,3,480293,48450
Bizkaia,Etxebarria,48,030,7,480307,48277
Bizkaia,Elantxobe,48,031,4,480314,48310
Bizkaia,Elorrio,48,032,9,480329,48230
Bizkaia,Ereño,48,033,5,480335,48313
Bizkaia,Ermua,48,034,0,480340,48260
Bizkaia,Fruiz,48,035,3,480353,48116
Bizkaia,Galdakao,48,036,6,480366,48960
Bizkaia,Galdames,48,037,2,480372,48191
Bizkaia,Gamiz-Fika,48,038,8,480388,48113
Bizkaia,Garai,48,039,1,480391,48200
Bizkaia,Gatika,48,040,5,480405,48110
Bizkaia,Gautegiz Arteaga,48,041,2,480412,48314
Bizkaia,Gordexola,48,042,7,480427,48192
Bizkaia,Gordexola,48,042,7,480427,48194
Bizkaia,Gorliz,48,043,3,480433,48620
Bizkaia,Gorliz,48,043,3,480433,48630
Bizkaia,Getxo,48,044,8,480448,48930
Bizkaia,Getxo,48,044,8,480448,48990
Bizkaia,Getxo,48,044,8,480448,48991
Bizkaia,Getxo,48,044,8,480448,48992
Bizkaia,Getxo,48,044,8,480448,48993
Bizkaia,Güeñes,48,045,1,480451,48820
Bizkaia,Güeñes,48,045,1,480451,48830
Bizkaia,Güeñes,48,045,1,480451,48840
Bizkaia,Gernika-Lumo,48,046,4,480464,48300
Bizkaia,Gizaburuaga,48,047,0,480470,48289
Bizkaia,Ibarrangelu,48,048,6,480486,48311
Bizkaia,Ispaster,48,049,9,480499,48288
Bizkaia,Izurtza,48,050,2,480502,48213
Bizkaia,Lanestosa,48,051,9,480519,48895
Bizkaia,Larrabetzu,48,052,4,480524,48195
Bizkaia,Laukiz,48,053,0,480530,48111
Bizkaia,Leioa,48,054,5,480545,48940
Bizkaia,Lemoa,48,055,8,480558,48330
Bizkaia,Lemoiz,48,056,1,480561,48620
Bizkaia,Lekeitio,48,057,7,480577,48280
Bizkaia,Mallabia,48,058,3,480583,48269
Bizkaia,Mañaria,48,059,6,480596,48212
Bizkaia,Markina-Xemein,48,060,0,480600,48270
Bizkaia,Markina-Xemein,48,060,0,480600,48276
Bizkaia,Markina-Xemein,48,060,0,480600,48278
Bizkaia,Maruri-Jatabe,48,061,7,480617,48112
Bizkaia,Mendata,48,062,2,480622,48382
Bizkaia,Mendexa,48,063,8,480638,48289
Bizkaia,Meñaka,48,064,3,480643,48120
Bizkaia,Ugao-Miraballes,48,065,6,480656,48490
Bizkaia,Morga,48,066,9,480669,48115
Bizkaia,Muxika,48,067,5,480675,48391
Bizkaia,Muxika,48,067,5,480675,48392
Bizkaia,Mundaka,48,068,1,480681,48360
Bizkaia,Mungia,48,069,4,480694,48100
Bizkaia,Mungia,48,069,4,480694,48120
Bizkaia,Aulesti,48,070,8,480708,48380
Bizkaia,Muskiz,48,071,5,480715,48550
Bizkaia,Otxandio,48,072,0,480720,48210
Bizkaia,Ondarroa,48,073,6,480736,48700
Bizkaia,Urduña/Orduña,48,074,1,480741,48460
Bizkaia,Orozko,48,075,4,480754,48410
Bizkaia,Orozko,48,075,4,480754,48419
Bizkaia,Sukarrieta,48,076,7,480767,48314
Bizkaia,Sukarrieta,48,076,7,480767,48395
Bizkaia,Plentzia,48,077,3,480773,48620
Bizkaia,Portugalete,48,078,9,480789,48920
Bizkaia,Errigoiti,48,079,2,480792,48309
Bizkaia,Valle de Trápaga-Trapagaran,48,080,6,480806,48510
Bizkaia,Valle de Trápaga-Trapagaran,48,080,6,480806,48520
Bizkaia,Lezama,48,081,3,480813,48196
Bizkaia,Santurtzi,48,082,8,480828,48980
Bizkaia,Ortuella,48,083,4,480834,48530
Bizkaia,Sestao,48,084,9,480849,48910
Bizkaia,Sopela,48,085,2,480852,48600
Bizkaia,Sopuerta,48,086,5,480865,48190
Bizkaia,Sopuerta,48,086,5,480865,48191
Bizkaia,Sopuerta,48,086,5,480865,48869
Bizkaia,Sopuerta,48,086,5,480865,48870
Bizkaia,Trucios-Turtzioz,48,087,1,480871,48880
Bizkaia,Ubide,48,088,7,480887,48145
Bizkaia,Urduliz,48,089,0,480890,48610
Bizkaia,Balmaseda,48,090,4,480904,48800
Bizkaia,Atxondo,48,091,1,480911,48291
Bizkaia,Bedia,48,092,6,480926,48390
Bizkaia,Areatza,48,093,2,480932,48143
Bizkaia,Igorre,48,094,7,480947,48140
Bizkaia,Zaldibar,48,095,0,480950,48250
Bizkaia,Zalla,48,096,3,480963,48850
Bizkaia,Zalla,48,096,3,480963,48860
Bizkaia,Zalla,48,096,3,480963,48869
Bizkaia,Zaratamo,48,097,9,480979,48480
Bizkaia,Derio,48,901,1,489011,48160
Bizkaia,Erandio,48,902,6,489026,48950
Bizkaia,Loiu,48,903,2,489032,48180
Bizkaia,Sondika,48,904,7,489047,48150
Bizkaia,Zamudio,48,905,0,489050,48170
Bizkaia,Forua,48,906,3,489063,48393
Bizkaia,Kortezubi,48,907,9,489079,48315
Bizkaia,Murueta,48,908,5,489085,48394
Bizkaia,Nabarniz,48,909,8,489098,48312
Bizkaia,Iurreta,48,910,2,489102,48215
Bizkaia,Ajangiz,48,911,9,489119,48320
Bizkaia,Alonsotegi,48,912,4,489124,48810
Bizkaia,Zierbena,48,913,0,489130,48508
Bizkaia,Arratzu,48,914,5,489145,48383
Bizkaia,Ziortza-Bolibar,48,915,8,489158,48278
Bizkaia,Usansolo,48,916,1,489161,48960
Zamora,Abezames,49,002,8,490028,49834
Zamora,Alcañices,49,003,4,490034,49500
Zamora,Alcañices,49,003,4,490034,49514
Zamora,Alcañices,49,003,4,490034,49517
Zamora,Alcañices,49,003,4,490034,49518
Zamora,Alcubilla de Nogales,49,004,9,490049,49696
Zamora,Alfaraz de Sayago,49,005,2,490052,49177
Zamora,Algodre,49,006,5,490065,49539
Zamora,Almaraz de Duero,49,007,1,490071,49180
Zamora,Almeida de Sayago,49,008,7,490087,49177
Zamora,Almeida de Sayago,49,008,7,490087,49210
Zamora,Andavías,49,009,0,490090,49162
Zamora,Arcenillas,49,010,4,490104,49151
Zamora,Arcos de la Polvorosa,49,011,1,490111,49699
Zamora,Argañín,49,012,6,490126,49251
Zamora,Argujillo,49,013,2,490132,49716
Zamora,Arquillinos,49,014,7,490147,49126
Zamora,Arrabalde,49,015,0,490150,49696
Zamora,Aspariegos,49,016,3,490163,49124
Zamora,Asturianos,49,017,9,490179,49324
Zamora,Asturianos,49,017,9,490179,49325
Zamora,Asturianos,49,017,9,490179,49348
Zamora,Ayoó de Vidriales,49,018,5,490185,49619
Zamora,Barcial del Barco,49,019,8,490198,49760
Zamora,Belver de los Montes,49,020,2,490202,49830
Zamora,Benavente,49,021,9,490219,49600
Zamora,Benegiles,49,022,4,490224,49123
Zamora,Bermillo de Sayago,49,023,0,490230,49200
Zamora,Bermillo de Sayago,49,023,0,490230,49211
Zamora,Bermillo de Sayago,49,023,0,490230,49215
Zamora,Bermillo de Sayago,49,023,0,490230,49216
Zamora,Bermillo de Sayago,49,023,0,490230,49255
Zamora,Bermillo de Sayago,49,023,0,490230,49260
Zamora,"Bóveda de Toro, La",49,024,5,490245,49155
Zamora,Bretó,49,025,8,490258,49751
Zamora,Bretocino,49,026,1,490261,49698
Zamora,Brime de Sog,49,027,7,490277,49629
Zamora,Brime de Urz,49,028,3,490283,49622
Zamora,Burganes de Valverde,49,029,6,490296,49698
Zamora,Bustillo del Oro,49,030,0,490300,49831
Zamora,Cabañas de Sayago,49,031,7,490317,49709
Zamora,Calzadilla de Tera,49,032,2,490322,49331
Zamora,Camarzana de Tera,49,033,8,490338,49332
Zamora,Camarzana de Tera,49,033,8,490338,49626
Zamora,Camarzana de Tera,49,033,8,490338,49627
Zamora,Cañizal,49,034,3,490343,49440
Zamora,Cañizo,49,035,6,490356,49128
Zamora,Carbajales de Alba,49,036,9,490369,49160
Zamora,Carbellino,49,037,5,490375,49211
Zamora,Casaseca de Campeán,49,038,1,490381,49708
Zamora,Casaseca de las Chanas,49,039,4,490394,49151
Zamora,Castrillo de la Guareña,49,040,8,490408,49419
Zamora,Castrogonzalo,49,041,5,490415,49660
Zamora,Castronuevo,49,042,0,490420,49127
Zamora,Castroverde de Campos,49,043,6,490436,49110
Zamora,Cazurra,49,044,1,490441,49191
Zamora,Cerecinos de Campos,49,046,7,490467,49640
Zamora,Cerecinos del Carrizal,49,047,3,490473,49125
Zamora,Cernadilla,49,048,9,490489,49317
Zamora,Cernadilla,49,048,9,490489,49325
Zamora,Cobreros,49,050,5,490505,49394
Zamora,Cobreros,49,050,5,490505,49395
Zamora,Cobreros,49,050,5,490505,49396
Zamora,Coomonte,49,052,7,490527,49783
Zamora,Coreses,49,053,3,490533,49530
Zamora,Corrales del Vino,49,054,8,490548,49700
Zamora,Corrales del Vino,49,054,8,490548,49706
Zamora,Cotanes del Monte,49,055,1,490551,49637
Zamora,Cubillos,49,056,4,490564,49730
Zamora,Cubo de Benavente,49,057,0,490570,49327
Zamora,"Cubo de Tierra del Vino, El",49,058,6,490586,49710
Zamora,Cuelgamures,49,059,9,490599,49717
Zamora,Entrala,49,061,0,490610,49721
Zamora,Espadañedo,49,062,5,490625,49341
Zamora,Espadañedo,49,062,5,490625,49342
Zamora,Espadañedo,49,062,5,490625,49345
Zamora,Espadañedo,49,062,5,490625,49346
Zamora,Espadañedo,49,062,5,490625,49347
Zamora,Faramontanos de Tábara,49,063,1,490631,49141
Zamora,Fariza,49,064,6,490646,49213
Zamora,Fariza,49,064,6,490646,49214
Zamora,Fermoselle,49,065,9,490659,49220
Zamora,Ferreras de Abajo,49,066,2,490662,49334
Zamora,Ferreras de Abajo,49,066,2,490662,49335
Zamora,Ferreras de Arriba,49,067,8,490678,49335
Zamora,Ferreras de Arriba,49,067,8,490678,49337
Zamora,Ferreruela,49,068,4,490684,49540
Zamora,Ferreruela,49,068,4,490684,49550
Zamora,Figueruela de Arriba,49,069,7,490697,49520
Zamora,Figueruela de Arriba,49,069,7,490697,49521
Zamora,Fonfría,49,071,8,490718,49510
Zamora,Fonfría,49,071,8,490718,49511
Zamora,Fonfría,49,071,8,490718,49512
Zamora,Fonfría,49,071,8,490718,49513
Zamora,Fonfría,49,071,8,490718,49514
Zamora,Fresno de la Polvorosa,49,075,7,490757,49693
Zamora,Fresno de la Ribera,49,076,0,490760,49590
Zamora,Fresno de Sayago,49,077,6,490776,49174
Zamora,Fresno de Sayago,49,077,6,490776,49216
Zamora,Friera de Valverde,49,078,2,490782,49698
Zamora,Fuente Encalada,49,079,5,490795,49618
Zamora,Fuentelapeña,49,080,9,490809,49410
Zamora,Fuentesaúco,49,081,6,490816,49400
Zamora,Fuentes de Ropel,49,082,1,490821,49670
Zamora,Fuentesecas,49,083,7,490837,49833
Zamora,Fuentespreadas,49,084,2,490842,49714
Zamora,Galende,49,085,5,490855,49350
Zamora,Galende,49,085,5,490855,49352
Zamora,Galende,49,085,5,490855,49360
Zamora,Galende,49,085,5,490855,49361
Zamora,Galende,49,085,5,490855,49362
Zamora,Galende,49,085,5,490855,49395
Zamora,Gallegos del Pan,49,086,8,490868,49539
Zamora,Gallegos del Río,49,087,4,490874,49512
Zamora,Gallegos del Río,49,087,4,490874,49542
Zamora,Gallegos del Río,49,087,4,490874,49559
Zamora,Gamones,49,088,0,490880,49251
Zamora,Gema,49,090,7,490907,49151
Zamora,Granja de Moreruela,49,091,4,490914,49740
Zamora,Granja de Moreruela,49,091,4,490914,49741
Zamora,Granucillo,49,092,9,490929,49621
Zamora,Granucillo,49,092,9,490929,49622
Zamora,Guarrate,49,093,5,490935,49156
Zamora,Hermisende,49,094,0,490940,49571
Zamora,Hermisende,49,094,0,490940,49572
Zamora,"Hiniesta, La",49,095,3,490953,49192
Zamora,Jambrina,49,096,6,490966,49191
Zamora,Justel,49,097,2,490972,49340
Zamora,Justel,49,097,2,490972,49343
Zamora,Losacino,49,098,8,490988,49541
Zamora,Losacino,49,098,8,490988,49543
Zamora,Losacio,49,099,1,490991,49540
Zamora,Lubián,49,100,5,491005,49570
Zamora,Lubián,49,100,5,491005,49573
Zamora,Lubián,49,100,5,491005,49574
Zamora,Luelmo,49,101,2,491012,49215
Zamora,"Maderal, El",49,102,7,491027,49719
Zamora,Madridanos,49,103,3,491033,49157
Zamora,Mahide,49,104,8,491048,49522
Zamora,Mahide,49,104,8,491048,49560
Zamora,Mahide,49,104,8,491048,49561
Zamora,Maire de Castroponce,49,105,1,491051,49783
Zamora,Malva,49,107,0,491070,49832
Zamora,Manganeses de la Lampreana,49,108,6,491086,49130
Zamora,Manganeses de la Lampreana,49,108,6,491086,49742
Zamora,Manganeses de la Polvorosa,49,109,9,491099,49694
Zamora,Manzanal de Arriba,49,110,3,491103,49593
Zamora,Manzanal de Arriba,49,110,3,491103,49594
Zamora,Manzanal del Barco,49,111,0,491110,49163
Zamora,Manzanal de los Infantes,49,112,5,491125,49317
Zamora,Manzanal de los Infantes,49,112,5,491125,49319
Zamora,Matilla de Arzón,49,113,1,491131,49692
Zamora,Matilla la Seca,49,114,6,491146,49590
Zamora,Mayalde,49,115,9,491159,49718
Zamora,Melgar de Tera,49,116,2,491162,49626
Zamora,Micereces de Tera,49,117,8,491178,49624
Zamora,Milles de la Polvorosa,49,118,4,491184,49699
Zamora,Molacillos,49,119,7,491197,49120
Zamora,Molezuelas de la Carballeda,49,120,1,491201,49327
Zamora,Mombuey,49,121,8,491218,49310
Zamora,Mombuey,49,121,8,491218,49318
Zamora,Monfarracinos,49,122,3,491223,49121
Zamora,Montamarta,49,123,9,491239,49149
Zamora,Moral de Sayago,49,124,4,491244,49254
Zamora,Moraleja del Vino,49,125,7,491257,49150
Zamora,Moraleja de Sayago,49,126,0,491260,49177
Zamora,Morales del Vino,49,127,6,491276,49190
Zamora,Morales del Vino,49,127,6,491276,49191
Zamora,Morales de Rey,49,128,2,491282,49693
Zamora,Morales de Toro,49,129,5,491295,49810
Zamora,Morales de Valverde,49,130,9,491309,49697
Zamora,Moralina,49,131,6,491316,49253
Zamora,Moreruela de los Infanzones,49,132,1,491321,49731
Zamora,Moreruela de Tábara,49,133,7,491337,49148
Zamora,Muelas de los Caballeros,49,134,2,491342,49319
Zamora,Muelas de los Caballeros,49,134,2,491342,49341
Zamora,Muelas de los Caballeros,49,134,2,491342,49344
Zamora,Muelas del Pan,49,135,5,491355,49164
Zamora,Muelas del Pan,49,135,5,491355,49165
Zamora,Muelas del Pan,49,135,5,491355,49167
Zamora,Muga de Sayago,49,136,8,491368,49212
Zamora,Navianos de Valverde,49,137,4,491374,49697
Zamora,Olmillos de Castro,49,138,0,491380,49146
Zamora,Olmillos de Castro,49,138,0,491380,49147
Zamora,Olmillos de Castro,49,138,0,491380,49540
Zamora,Otero de Bodas,49,139,3,491393,49336
Zamora,Otero de Bodas,49,139,3,491393,49337
Zamora,Pajares de la Lampreana,49,141,4,491414,49142
Zamora,Palacios del Pan,49,142,9,491429,49162
Zamora,Palacios de Sanabria,49,143,5,491435,49320
Zamora,Palacios de Sanabria,49,143,5,491435,49321
Zamora,Palacios de Sanabria,49,143,5,491435,49322
Zamora,Pedralba de la Pradería,49,145,3,491453,49391
Zamora,Pedralba de la Pradería,49,145,3,491453,49392
Zamora,"Pego, El",49,146,6,491466,49154
Zamora,Peleagonzalo,49,147,2,491472,49880
Zamora,Peleas de Abajo,49,148,8,491488,49191
Zamora,Peñausende,49,149,1,491491,49176
Zamora,Peñausende,49,149,1,491491,49177
Zamora,Peñausende,49,149,1,491491,49178
Zamora,Peque,49,150,4,491504,49318
Zamora,"Perdigón, El",49,151,1,491511,49170
Zamora,"Perdigón, El",49,151,1,491511,49720
Zamora,"Perdigón, El",49,151,1,491511,49722
Zamora,Pereruela,49,152,6,491526,49171
Zamora,Pereruela,49,152,6,491526,49172
Zamora,Pereruela,49,152,6,491526,49173
Zamora,Pereruela,49,152,6,491526,49174
Zamora,Pereruela,49,152,6,491526,49270
Zamora,Pereruela,49,152,6,491526,49271
Zamora,Pereruela,49,152,6,491526,49272
Zamora,Pereruela,49,152,6,491526,49280
Zamora,Pereruela,49,152,6,491526,49281
Zamora,Perilla de Castro,49,153,2,491532,49145
Zamora,Pías,49,154,7,491547,49580
Zamora,Pías,49,154,7,491547,49582
Zamora,Piedrahita de Castro,49,155,0,491550,49143
Zamora,Pinilla de Toro,49,156,3,491563,49850
Zamora,Pino del Oro,49,157,9,491579,49514
Zamora,"Piñero, El",49,158,5,491585,49715
Zamora,Pobladura del Valle,49,159,8,491598,49780
Zamora,Pobladura de Valderaduey,49,160,2,491602,49127
Zamora,Porto,49,162,4,491624,49583
Zamora,Pozoantiguo,49,163,0,491630,49835
Zamora,Pozuelo de Tábara,49,164,5,491645,49148
Zamora,Prado,49,165,8,491658,49638
Zamora,Puebla de Sanabria,49,166,1,491661,49300
Zamora,Puebla de Sanabria,49,166,1,491661,49390
Zamora,Puebla de Sanabria,49,166,1,491661,49393
Zamora,Pueblica de Valverde,49,167,7,491677,49333
Zamora,Pueblica de Valverde,49,167,7,491677,49697
Zamora,Quintanilla del Monte,49,168,3,491683,49639
Zamora,Quintanilla del Olmo,49,169,6,491696,49638
Zamora,Quintanilla de Urz,49,170,0,491700,49622
Zamora,Quiruelas de Vidriales,49,171,7,491717,49622
Zamora,Quiruelas de Vidriales,49,171,7,491717,49623
Zamora,Rabanales,49,172,2,491722,49512
Zamora,Rabanales,49,172,2,491722,49519
Zamora,Rábano de Aliste,49,173,8,491738,49515
Zamora,Rábano de Aliste,49,173,8,491738,49518
Zamora,Rábano de Aliste,49,173,8,491738,49525
Zamora,Requejo,49,174,3,491743,49394
Zamora,Revellinos,49,175,6,491756,49135
Zamora,Riofrío de Aliste,49,176,9,491769,49591
Zamora,Riofrío de Aliste,49,176,9,491769,49592
Zamora,Rionegro del Puente,49,177,5,491775,49318
Zamora,Rionegro del Puente,49,177,5,491775,49326
Zamora,Rionegro del Puente,49,177,5,491775,49330
Zamora,Roales,49,178,1,491781,49192
Zamora,Robleda-Cervantes,49,179,4,491794,49320
Zamora,Robleda-Cervantes,49,179,4,491794,49321
Zamora,Robleda-Cervantes,49,179,4,491794,49357
Zamora,Robleda-Cervantes,49,179,4,491794,49390
Zamora,Roelos de Sayago,49,180,8,491808,49211
Zamora,Rosinos de la Requejada,49,181,5,491815,49322
Zamora,Rosinos de la Requejada,49,181,5,491815,49323
Zamora,Rosinos de la Requejada,49,181,5,491815,49324
Zamora,Rosinos de la Requejada,49,181,5,491815,49349
Zamora,Salce,49,183,6,491836,49211
Zamora,Samir de los Caños,49,184,1,491841,49513
Zamora,San Agustín del Pozo,49,185,4,491854,49135
Zamora,San Cebrián de Castro,49,186,7,491867,49144
Zamora,San Cebrián de Castro,49,186,7,491867,49743
Zamora,San Cristóbal de Entreviñas,49,187,3,491873,49690
Zamora,San Cristóbal de Entreviñas,49,187,3,491873,49691
Zamora,San Esteban del Molar,49,188,9,491889,49650
Zamora,San Justo,49,189,2,491892,49357
Zamora,San Justo,49,189,2,491892,49358
Zamora,San Justo,49,189,2,491892,49359
Zamora,San Martín de Valderaduey,49,190,6,491906,49129
Zamora,San Miguel de la Ribera,49,191,3,491913,49717
Zamora,San Miguel del Valle,49,192,8,491928,49680
Zamora,San Pedro de Ceque,49,193,4,491934,49628
Zamora,San Pedro de la Nave-Almendra,49,194,9,491949,49182
Zamora,San Pedro de la Nave-Almendra,49,194,9,491949,49183
Zamora,Santa Clara de Avedillo,49,197,1,491971,49707
Zamora,Santa Colomba de las Monjas,49,199,0,491990,49699
Zamora,Santa Cristina de la Polvorosa,49,200,4,492004,49620
Zamora,Santa Croya de Tera,49,201,1,492011,49626
Zamora,Santa Eufemia del Barco,49,202,6,492026,49145
Zamora,Santa Eufemia del Barco,49,202,6,492026,49161
Zamora,Santa María de la Vega,49,203,2,492032,49696
Zamora,Santa María de Valverde,49,204,7,492047,49333
Zamora,Santibáñez de Tera,49,205,0,492050,49624
Zamora,Santibáñez de Tera,49,205,0,492050,49625
Zamora,Santibáñez de Vidriales,49,206,3,492063,49610
Zamora,Santibáñez de Vidriales,49,206,3,492063,49618
Zamora,Santibáñez de Vidriales,49,206,3,492063,49619
Zamora,Santibáñez de Vidriales,49,206,3,492063,49621
Zamora,Santibáñez de Vidriales,49,206,3,492063,49622
Zamora,Santovenia,49,207,9,492079,49750
Zamora,San Vicente de la Cabeza,49,208,5,492085,49592
Zamora,San Vitero,49,209,8,492098,49523
Zamora,San Vitero,49,209,8,492098,49524
Zamora,San Vitero,49,209,8,492098,49525
Zamora,Sanzoles,49,210,2,492102,49152
Zamora,Tábara,49,214,5,492145,49140
Zamora,Tapioles,49,216,1,492161,49639
Zamora,Toro,49,219,6,492196,49800
Zamora,Toro,49,219,6,492196,49836
Zamora,Toro,49,219,6,492196,49881
Zamora,"Torre del Valle, La",49,220,0,492200,49781
Zamora,Torregamones,49,221,7,492217,49252
Zamora,Torres del Carrizal,49,222,2,492222,49122
Zamora,Trabazos,49,223,8,492238,49516
Zamora,Trabazos,49,223,8,492238,49517
Zamora,Trabazos,49,223,8,492238,49518
Zamora,Trefacio,49,224,3,492243,49358
Zamora,Trefacio,49,224,3,492243,49359
Zamora,Uña de Quintana,49,225,6,492256,49327
Zamora,Vadillo de la Guareña,49,226,9,492269,49420
Zamora,Valcabado,49,227,5,492275,49192
Zamora,Valdefinjas,49,228,1,492281,49882
Zamora,Valdescorriel,49,229,4,492294,49680
Zamora,Vallesa de la Guareña,49,230,8,492308,49450
Zamora,Vega de Tera,49,231,5,492315,49329
Zamora,Vega de Tera,49,231,5,492315,49330
Zamora,Vega de Tera,49,231,5,492315,49331
Zamora,Vega de Villalobos,49,232,0,492320,49133
Zamora,Vegalatrave,49,233,6,492336,49542
Zamora,Venialbo,49,234,1,492341,49153
Zamora,Vezdemarbán,49,235,4,492354,49840
Zamora,Vidayanes,49,236,7,492367,49135
Zamora,Videmala,49,237,3,492373,49164
Zamora,Videmala,49,237,3,492373,49165
Zamora,Villabrázaro,49,238,9,492389,49770
Zamora,Villabrázaro,49,238,9,492389,49782
Zamora,Villabuena del Puente,49,239,2,492392,49820
Zamora,Villadepera,49,240,6,492406,49250
Zamora,Villaescusa,49,241,3,492413,49430
Zamora,Villafáfila,49,242,8,492428,49136
Zamora,Villaferrueña,49,243,4,492434,49695
Zamora,Villageriz,49,244,9,492449,49618
Zamora,Villalazán,49,245,2,492452,49158
Zamora,Villalba de la Lampreana,49,246,5,492465,49126
Zamora,Villalcampo,49,247,1,492471,49166
Zamora,Villalobos,49,248,7,492487,49134
Zamora,Villalonso,49,249,0,492490,49860
Zamora,Villalpando,49,250,3,492503,49630
Zamora,Villalube,49,251,0,492510,49539
Zamora,Villamayor de Campos,49,252,5,492525,49131
Zamora,Villamor de los Escuderos,49,255,9,492559,49719
Zamora,Villanázar,49,256,2,492562,49623
Zamora,Villanázar,49,256,2,492562,49697
Zamora,Villanázar,49,256,2,492562,49698
Zamora,Villanueva de Azoague,49,257,8,492578,49660
Zamora,Villanueva de Azoague,49,257,8,492578,49699
Zamora,Villanueva de Campeán,49,258,4,492584,49708
Zamora,Villanueva de las Peras,49,259,7,492597,49333
Zamora,Villanueva del Campo,49,260,1,492601,49100
Zamora,Villaralbo,49,261,8,492618,49159
Zamora,Villardeciervos,49,262,3,492623,49562
Zamora,Villardeciervos,49,262,3,492623,49563
Zamora,Villar de Fallaves,49,263,9,492639,49132
Zamora,Villar del Buey,49,264,4,492644,49230
Zamora,Villar del Buey,49,264,4,492644,49231
Zamora,Villar del Buey,49,264,4,492644,49232
Zamora,Villar del Buey,49,264,4,492644,49240
Zamora,Villardiegua de la Ribera,49,265,7,492657,49250
Zamora,Villárdiga,49,266,0,492660,49129
Zamora,Villardondiego,49,267,6,492676,49871
Zamora,Villarrín de Campos,49,268,2,492682,49137
Zamora,Villaseco del Pan,49,269,5,492695,49181
Zamora,Villavendimio,49,270,9,492709,49870
Zamora,Villaveza del Agua,49,271,6,492716,49760
Zamora,Villaveza de Valverde,49,272,1,492721,49697
Zamora,Viñas,49,273,7,492737,49515
Zamora,Viñas,49,273,7,492737,49517
Zamora,Viñas,49,273,7,492737,49524
Zamora,Zamora,49,275,5,492755,49001
Zamora,Zamora,49,275,5,492755,49002
Zamora,Zamora,49,275,5,492755,49003
Zamora,Zamora,49,275,5,492755,49004
Zamora,Zamora,49,275,5,492755,49005
Zamora,Zamora,49,275,5,492755,49006
Zamora,Zamora,49,275,5,492755,49007
Zamora,Zamora,49,275,5,492755,49008
Zamora,Zamora,49,275,5,492755,49009
Zamora,Zamora,49,275,5,492755,49010
Zamora,Zamora,49,275,5,492755,49011
Zamora,Zamora,49,275,5,492755,49012
Zamora,Zamora,49,275,5,492755,49013
Zamora,Zamora,49,275,5,492755,49014
Zamora,Zamora,49,275,5,492755,49015
Zamora,Zamora,49,275,5,492755,49016
Zamora,Zamora,49,275,5,492755,49017
Zamora,Zamora,49,275,5,492755,49018
Zamora,Zamora,49,275,5,492755,49019
Zamora,Zamora,49,275,5,492755,49020
Zamora,Zamora,49,275,5,492755,49021
Zamora,Zamora,49,275,5,492755,49022
Zamora,Zamora,49,275,5,492755,49023
Zamora,Zamora,49,275,5,492755,49024
Zamora,Zamora,49,275,5,492755,49025
Zamora,Zamora,49,275,5,492755,49026
Zamora,Zamora,49,275,5,492755,49027
Zamora,Zamora,49,275,5,492755,49028
Zamora,Zamora,49,275,5,492755,49029
Zamora,Zamora,49,275,5,492755,49030
Zamora,Zamora,49,275,5,492755,49031
Zamora,Zamora,49,275,5,492755,49032
Zamora,Zamora,49,275,5,492755,49180
Zaragoza,Abanto,50,001,6,500016,50375
Zaragoza,Acered,50,002,1,500021,50347
Zaragoza,Agón,50,003,7,500037,50560
Zaragoza,Aguarón,50,004,2,500042,50408
Zaragoza,Aguilón,50,005,5,500055,50155
Zaragoza,Ainzón,50,006,8,500068,50570
Zaragoza,Aladrén,50,007,4,500074,50481
Zaragoza,Alagón,50,008,0,500080,50630
Zaragoza,Alarba,50,009,3,500093,50345
Zaragoza,Alberite de San Juan,50,010,7,500107,50529
Zaragoza,Albeta,50,011,4,500114,50549
Zaragoza,Alborge,50,012,9,500129,50781
Zaragoza,Alcalá de Ebro,50,013,5,500135,50691
Zaragoza,Alcalá de Moncayo,50,014,0,500140,50591
Zaragoza,Alconchel de Ariza,50,015,3,500153,42269
Zaragoza,Aldehuela de Liestos,50,016,6,500166,50374
Zaragoza,Alfajarín,50,017,2,500172,50172
Zaragoza,Alfamén,50,018,8,500188,50461
Zaragoza,Alforque,50,019,1,500191,50783
Zaragoza,Alhama de Aragón,50,020,5,500205,50230
Zaragoza,Almochuel,50,021,2,500212,44591
Zaragoza,"Almolda, La",50,022,7,500227,50178
Zaragoza,Almonacid de la Cuba,50,023,3,500233,50133
Zaragoza,Almonacid de la Sierra,50,024,8,500248,50108
Zaragoza,"Almunia de Doña Godina, La",50,025,1,500251,50100
Zaragoza,Alpartir,50,026,4,500264,50109
Zaragoza,Ambel,50,027,0,500270,50546
Zaragoza,Anento,50,028,6,500286,50369
Zaragoza,Aniñón,50,029,9,500299,50313
Zaragoza,Añón de Moncayo,50,030,3,500303,50590
Zaragoza,Aranda de Moncayo,50,031,0,500310,50259
Zaragoza,Arándiga,50,032,5,500325,50266
Zaragoza,Ardisa,50,033,1,500331,50614
Zaragoza,Ariza,50,034,6,500346,50220
Zaragoza,Artieda,50,035,9,500359,50683
Zaragoza,Asín,50,036,2,500362,50619
Zaragoza,Atea,50,037,8,500378,50348
Zaragoza,Ateca,50,038,4,500384,50200
Zaragoza,Azuara,50,039,7,500397,50140
Zaragoza,Badules,50,040,1,500401,50491
Zaragoza,Bagüés,50,041,8,500418,50685
Zaragoza,Balconchán,50,042,3,500423,50366
Zaragoza,Bárboles,50,043,9,500439,50297
Zaragoza,Bardallur,50,044,4,500444,50296
Zaragoza,Belchite,50,045,7,500457,50130
Zaragoza,Belmonte de Gracián,50,046,0,500460,50332
Zaragoza,Berdejo,50,047,6,500476,50316
Zaragoza,Berrueco,50,048,2,500482,50373
Zaragoza,Bijuesca,50,050,8,500508,50316
Zaragoza,Biota,50,051,5,500515,50695
Zaragoza,Bisimbre,50,052,0,500520,50561
Zaragoza,Boquiñeni,50,053,6,500536,50641
Zaragoza,Bordalba,50,054,1,500541,50229
Zaragoza,Borja,50,055,4,500554,50540
Zaragoza,Botorrita,50,056,7,500567,50441
Zaragoza,Brea de Aragón,50,057,3,500573,50246
Zaragoza,Bubierca,50,058,9,500589,50239
Zaragoza,Bujaraloz,50,059,2,500592,50177
Zaragoza,Bulbuente,50,060,6,500606,50546
Zaragoza,Bureta,50,061,3,500613,50547
Zaragoza,"Burgo de Ebro, El",50,062,8,500628,50730
Zaragoza,"Buste, El",50,063,4,500634,50548
Zaragoza,Cabañas de Ebro,50,064,9,500649,50638
Zaragoza,Cabolafuente,50,065,2,500652,50228
Zaragoza,Cadrete,50,066,5,500665,50420
Zaragoza,Calatayud,50,067,1,500671,50299
Zaragoza,Calatayud,50,067,1,500671,50300
Zaragoza,Calatayud,50,067,1,500671,50335
Zaragoza,Calatayud,50,067,1,500671,50336
Zaragoza,Calatorao,50,068,7,500687,50280
Zaragoza,Calcena,50,069,0,500690,50268
Zaragoza,Calmarza,50,070,4,500704,50238
Zaragoza,Campillo de Aragón,50,071,1,500711,50214
Zaragoza,Carenas,50,072,6,500726,50212
Zaragoza,Cariñena,50,073,2,500732,50400
Zaragoza,Caspe,50,074,7,500747,50700
Zaragoza,Caspe,50,074,7,500747,50709
Zaragoza,Castejón de Alarba,50,075,0,500750,50346
Zaragoza,Castejón de las Armas,50,076,3,500763,50211
Zaragoza,Castejón de Valdejasa,50,077,9,500779,50612
Zaragoza,Castiliscar,50,078,5,500785,50696
Zaragoza,Cervera de la Cañada,50,079,8,500798,50312
Zaragoza,Cerveruela,50,080,2,500802,50368
Zaragoza,Cetina,50,081,9,500819,50292
Zaragoza,Cimballa,50,082,4,500824,50213
Zaragoza,Cinco Olivas,50,083,0,500830,50782
Zaragoza,Clarés de Ribota,50,084,5,500845,50314
Zaragoza,Codo,50,085,8,500858,50132
Zaragoza,Codos,50,086,1,500861,50326
Zaragoza,Contamina,50,087,7,500877,50239
Zaragoza,Cosuenda,50,088,3,500883,50409
Zaragoza,Cuarte de Huerva,50,089,6,500896,50410
Zaragoza,Cubel,50,090,0,500900,50376
Zaragoza,"Cuerlas, Las",50,091,7,500917,50373
Zaragoza,Chiprana,50,092,2,500922,50792
Zaragoza,Chodes,50,093,8,500938,50269
Zaragoza,Daroca,50,094,3,500943,50360
Zaragoza,Ejea de los Caballeros,50,095,6,500956,50600
Zaragoza,Ejea de los Caballeros,50,095,6,500956,50617
Zaragoza,Ejea de los Caballeros,50,095,6,500956,50619
Zaragoza,Ejea de los Caballeros,50,095,6,500956,50694
Zaragoza,Embid de Ariza,50,096,9,500969,50239
Zaragoza,Encinacorba,50,098,1,500981,50470
Zaragoza,Épila,50,099,4,500994,50290
Zaragoza,Erla,50,100,8,501008,50611
Zaragoza,Escatrón,50,101,5,501015,50790
Zaragoza,Fabara,50,102,0,501020,50793
Zaragoza,Farlete,50,104,1,501041,50163
Zaragoza,Fayón,50,105,4,501054,50795
Zaragoza,"Fayos, Los",50,106,7,501067,50513
Zaragoza,Figueruelas,50,107,3,501073,50639
Zaragoza,Fombuena,50,108,9,501089,50491
Zaragoza,"Frago, El",50,109,2,501092,50610
Zaragoza,"Frago, El",50,109,2,501092,50611
Zaragoza,"Frasno, El",50,110,6,501106,50320
Zaragoza,"Frasno, El",50,110,6,501106,50322
Zaragoza,"Frasno, El",50,110,6,501106,50323
Zaragoza,Fréscano,50,111,3,501113,50562
Zaragoza,Fuendejalón,50,113,4,501134,50529
Zaragoza,Fuendetodos,50,114,9,501149,50142
Zaragoza,Fuentes de Ebro,50,115,2,501152,50740
Zaragoza,Fuentes de Ebro,50,115,2,501152,50741
Zaragoza,Fuentes de Jiloca,50,116,5,501165,50390
Zaragoza,Gallocanta,50,117,1,501171,50373
Zaragoza,Gallur,50,118,7,501187,50650
Zaragoza,Gelsa,50,119,0,501190,50786
Zaragoza,Godojos,50,120,4,501204,50238
Zaragoza,Gotor,50,121,1,501211,50257
Zaragoza,Grisel,50,122,6,501226,50513
Zaragoza,Grisén,50,123,2,501232,50297
Zaragoza,Herrera de los Navarros,50,124,7,501247,50150
Zaragoza,Ibdes,50,125,0,501250,50236
Zaragoza,Illueca,50,126,3,501263,50250
Zaragoza,Isuerre,50,128,5,501285,50687
Zaragoza,Jaraba,50,129,8,501298,50237
Zaragoza,Jarque de Moncayo,50,130,2,501302,50258
Zaragoza,Jaulín,50,131,9,501319,50141
Zaragoza,"Joyosa, La",50,132,4,501324,50692
Zaragoza,Lagata,50,133,0,501330,50134
Zaragoza,Langa del Castillo,50,134,5,501345,50367
Zaragoza,Layana,50,135,8,501358,50679
Zaragoza,Lécera,50,136,1,501361,50131
Zaragoza,Leciñena,50,137,7,501377,50160
Zaragoza,Lechón,50,138,3,501383,50369
Zaragoza,Letux,50,139,6,501396,50136
Zaragoza,Litago,50,140,0,501400,50582
Zaragoza,Lituénigo,50,141,7,501417,50581
Zaragoza,Lobera de Onsella,50,142,2,501422,50687
Zaragoza,Longares,50,143,8,501438,50460
Zaragoza,Longás,50,144,3,501443,50688
Zaragoza,Lucena de Jalón,50,146,9,501469,50294
Zaragoza,Luceni,50,147,5,501475,50640
Zaragoza,Luesia,50,148,1,501481,50619
Zaragoza,Luesma,50,149,4,501494,50151
Zaragoza,Lumpiaque,50,150,7,501507,50295
Zaragoza,Luna,50,151,4,501514,50610
Zaragoza,Luna,50,151,4,501514,50615
Zaragoza,Maella,50,152,9,501529,50710
Zaragoza,Magallón,50,153,5,501535,50520
Zaragoza,Mainar,50,154,0,501540,50368
Zaragoza,Malanquilla,50,155,3,501553,50315
Zaragoza,Maleján,50,156,6,501566,50549
Zaragoza,Malón,50,157,2,501572,50511
Zaragoza,Maluenda,50,159,1,501591,50340
Zaragoza,Mallén,50,160,5,501605,50550
Zaragoza,Manchones,50,161,2,501612,50366
Zaragoza,Mara,50,162,7,501627,50331
Zaragoza,María de Huerva,50,163,3,501633,50430
Zaragoza,Mediana de Aragón,50,164,8,501648,50135
Zaragoza,Mequinenza,50,165,1,501651,50170
Zaragoza,Mesones de Isuela,50,166,4,501664,50267
Zaragoza,Mezalocha,50,167,0,501670,50152
Zaragoza,Mianos,50,168,6,501686,50683
Zaragoza,Miedes de Aragón,50,169,9,501699,50330
Zaragoza,Monegrillo,50,170,3,501703,50164
Zaragoza,Moneva,50,171,0,501710,50144
Zaragoza,Monreal de Ariza,50,172,5,501725,42269
Zaragoza,Monreal de Ariza,50,172,5,501725,50291
Zaragoza,Monterde,50,173,1,501731,50213
Zaragoza,Montón,50,174,6,501746,50391
Zaragoza,Morata de Jalón,50,175,9,501759,50260
Zaragoza,Morata de Jiloca,50,176,2,501762,50344
Zaragoza,Morés,50,177,8,501778,50240
Zaragoza,Morés,50,177,8,501778,50247
Zaragoza,Moros,50,178,4,501784,50215
Zaragoza,Moyuela,50,179,7,501797,50143
Zaragoza,Mozota,50,180,1,501801,50440
Zaragoza,Muel,50,181,8,501818,50450
Zaragoza,"Muela, La",50,182,3,501823,50196
Zaragoza,Munébrega,50,183,9,501839,50219
Zaragoza,Murero,50,184,4,501844,50366
Zaragoza,Murillo de Gállego,50,185,7,501857,22808
Zaragoza,Navardún,50,186,0,501860,50686
Zaragoza,Nigüella,50,187,6,501876,50269
Zaragoza,Nombrevilla,50,188,2,501882,50369
Zaragoza,Nonaspe,50,189,5,501895,50794
Zaragoza,Novallas,50,190,9,501909,50510
Zaragoza,Novillas,50,191,6,501916,50530
Zaragoza,Nuévalos,50,192,1,501921,50210
Zaragoza,Nuez de Ebro,50,193,7,501937,50173
Zaragoza,Olvés,50,194,2,501942,50341
Zaragoza,Orcajo,50,195,5,501955,50366
Zaragoza,Orera,50,196,8,501968,50331
Zaragoza,Orés,50,197,4,501974,50619
Zaragoza,Oseja,50,198,0,501980,50258
Zaragoza,Osera de Ebro,50,199,3,501993,50175
Zaragoza,Paniza,50,200,7,502007,50480
Zaragoza,Paracuellos de Jiloca,50,201,4,502014,50342
Zaragoza,Paracuellos de la Ribera,50,202,9,502029,50299
Zaragoza,Pastriz,50,203,5,502035,50195
Zaragoza,Pedrola,50,204,0,502040,50690
Zaragoza,"Pedrosas, Las",50,205,3,502053,50612
Zaragoza,Perdiguera,50,206,6,502066,50161
Zaragoza,Piedratajada,50,207,2,502072,50616
Zaragoza,Pina de Ebro,50,208,8,502088,50750
Zaragoza,Pinseque,50,209,1,502091,50298
Zaragoza,"Pintanos, Los",50,210,5,502105,50685
Zaragoza,Plasencia de Jalón,50,211,2,502112,50296
Zaragoza,Pleitas,50,212,7,502127,50297
Zaragoza,Plenas,50,213,3,502133,50143
Zaragoza,Pomer,50,214,8,502148,50259
Zaragoza,Pozuel de Ariza,50,215,1,502151,50221
Zaragoza,Pozuelo de Aragón,50,216,4,502164,50529
Zaragoza,Pradilla de Ebro,50,217,0,502170,50668
Zaragoza,Puebla de Albortón,50,218,6,502186,50137
Zaragoza,"Puebla de Alfindén, La",50,219,9,502199,50171
Zaragoza,Puendeluna,50,220,3,502203,50614
Zaragoza,Purujosa,50,221,0,502210,50268
Zaragoza,Quinto,50,222,5,502225,50770
Zaragoza,Remolinos,50,223,1,502231,50637
Zaragoza,Retascón,50,224,6,502246,50367
Zaragoza,Ricla,50,225,9,502259,50270
Zaragoza,Romanos,50,227,8,502278,50491
Zaragoza,Rueda de Jalón,50,228,4,502284,50295
Zaragoza,Ruesca,50,229,7,502297,50331
Zaragoza,Sádaba,50,230,1,502301,50670
Zaragoza,Sádaba,50,230,1,502301,50679
Zaragoza,Salillas de Jalón,50,231,8,502318,50294
Zaragoza,Salvatierra de Esca,50,232,3,502323,50684
Zaragoza,Samper del Salz,50,233,9,502339,50134
Zaragoza,San Martín de la Virgen de Moncayo,50,234,4,502344,50584
Zaragoza,San Mateo de Gállego,50,235,7,502357,50840
Zaragoza,Santa Cruz de Grío,50,236,0,502360,50324
Zaragoza,Santa Cruz de Moncayo,50,237,6,502376,50513
Zaragoza,Santa Eulalia de Gállego,50,238,2,502382,22806
Zaragoza,Santed,50,239,5,502395,50373
Zaragoza,Sástago,50,240,9,502409,50780
Zaragoza,Sabiñán,50,241,6,502416,50299
Zaragoza,Sediles,50,242,1,502421,50334
Zaragoza,Sestrica,50,243,7,502437,50248
Zaragoza,Sestrica,50,243,7,502437,50249
Zaragoza,Sierra de Luna,50,244,2,502442,50612
Zaragoza,Sigüés,50,245,5,502455,50682
Zaragoza,Sigüés,50,245,5,502455,50683
Zaragoza,Sisamón,50,246,8,502468,50227
Zaragoza,Sobradiel,50,247,4,502474,50629
Zaragoza,Sos del Rey Católico,50,248,0,502480,50596
Zaragoza,Sos del Rey Católico,50,248,0,502480,50680
Zaragoza,Sos del Rey Católico,50,248,0,502480,50689
Zaragoza,Sos del Rey Católico,50,248,0,502480,50696
Zaragoza,Tabuenca,50,249,3,502493,50547
Zaragoza,Talamantes,50,250,6,502506,50546
Zaragoza,Tarazona,50,251,3,502513,50500
Zaragoza,Tarazona,50,251,3,502513,50513
Zaragoza,Tarazona,50,251,3,502513,50514
Zaragoza,Tauste,50,252,8,502528,50660
Zaragoza,Tauste,50,252,8,502528,50669
Zaragoza,Terrer,50,253,4,502534,50293
Zaragoza,Tierga,50,254,9,502549,50269
Zaragoza,Tobed,50,255,2,502552,50325
Zaragoza,Torralba de los Frailes,50,256,5,502565,50374
Zaragoza,Torralba de Ribota,50,257,1,502571,50311
Zaragoza,Torralbilla,50,258,7,502587,50368
Zaragoza,Torrehermosa,50,259,0,502590,42269
Zaragoza,Torrelapaja,50,260,4,502604,50316
Zaragoza,Torrellas,50,261,1,502611,50512
Zaragoza,Torres de Berrellén,50,262,6,502626,50693
Zaragoza,Torrijo de la Cañada,50,263,2,502632,50217
Zaragoza,Tosos,50,264,7,502647,50154
Zaragoza,Trasmoz,50,265,0,502650,50583
Zaragoza,Trasobares,50,266,3,502663,50268
Zaragoza,Uncastillo,50,267,9,502679,50678
Zaragoza,Undués de Lerda,50,268,5,502685,50689
Zaragoza,Urrea de Jalón,50,269,8,502698,50296
Zaragoza,Urriés,50,270,2,502702,50685
Zaragoza,Used,50,271,9,502719,50374
Zaragoza,Utebo,50,272,4,502724,50180
Zaragoza,Valdehorna,50,273,0,502730,50371
Zaragoza,Val de San Martín,50,274,5,502745,50372
Zaragoza,Valmadrid,50,275,8,502758,50138
Zaragoza,Valpalmas,50,276,1,502761,50615
Zaragoza,Valtorres,50,277,7,502777,50219
Zaragoza,Velilla de Ebro,50,278,3,502783,50760
Zaragoza,Velilla de Jiloca,50,279,6,502796,50343
Zaragoza,Vera de Moncayo,50,280,0,502800,50580
Zaragoza,Vierlas,50,281,7,502817,50513
Zaragoza,"Vilueña, La",50,282,2,502822,50219
Zaragoza,Villadoz,50,283,8,502838,50490
Zaragoza,Villafeliche,50,284,3,502843,50391
Zaragoza,Villafranca de Ebro,50,285,6,502856,50174
Zaragoza,Villalba de Perejil,50,286,9,502869,50333
Zaragoza,Villalengua,50,287,5,502875,50216
Zaragoza,Villanueva de Gállego,50,288,1,502881,50830
Zaragoza,Villanueva de Jiloca,50,289,4,502894,50370
Zaragoza,Villanueva de Huerva,50,290,8,502908,50153
Zaragoza,Villar de los Navarros,50,291,5,502915,50156
Zaragoza,Villarreal de Huerva,50,292,0,502920,50490
Zaragoza,Villarroya de la Sierra,50,293,6,502936,50310
Zaragoza,Villarroya del Campo,50,294,1,502941,50368
Zaragoza,Vistabella,50,295,4,502954,50482
Zaragoza,"Zaida, La",50,296,7,502967,50784
Zaragoza,Zaragoza,50,297,3,502973,50001
Zaragoza,Zaragoza,50,297,3,502973,50002
Zaragoza,Zaragoza,50,297,3,502973,50003
Zaragoza,Zaragoza,50,297,3,502973,50004
Zaragoza,Zaragoza,50,297,3,502973,50005
Zaragoza,Zaragoza,50,297,3,502973,50006
Zaragoza,Zaragoza,50,297,3,502973,50007
Zaragoza,Zaragoza,50,297,3,502973,50008
Zaragoza,Zaragoza,50,297,3,502973,50009
Zaragoza,Zaragoza,50,297,3,502973,50010
Zaragoza,Zaragoza,50,297,3,502973,50011
Zaragoza,Zaragoza,50,297,3,502973,50012
Zaragoza,Zaragoza,50,297,3,502973,50013
Zaragoza,Zaragoza,50,297,3,502973,50014
Zaragoza,Zaragoza,50,297,3,502973,50015
Zaragoza,Zaragoza,50,297,3,502973,50016
Zaragoza,Zaragoza,50,297,3,502973,50017
Zaragoza,Zaragoza,50,297,3,502973,50018
Zaragoza,Zaragoza,50,297,3,502973,50019
Zaragoza,Zaragoza,50,297,3,502973,50020
Zaragoza,Zaragoza,50,297,3,502973,50021
Zaragoza,Zaragoza,50,297,3,502973,50022
Zaragoza,Zaragoza,50,297,3,502973,50059
Zaragoza,Zaragoza,50,297,3,502973,50090
Zaragoza,Zaragoza,50,297,3,502973,50110
Zaragoza,Zaragoza,50,297,3,502973,50120
Zaragoza,Zaragoza,50,297,3,502973,50139
Zaragoza,Zaragoza,50,297,3,502973,50190
Zaragoza,Zaragoza,50,297,3,502973,50191
Zaragoza,Zaragoza,50,297,3,502973,50193
Zaragoza,Zaragoza,50,297,3,502973,50194
Zaragoza,Zaragoza,50,297,3,502973,50620
Zaragoza,Zaragoza,50,297,3,502973,50692
Zaragoza,Zaragoza,50,297,3,502973,50720
Zaragoza,Zaragoza,50,297,3,502973,50820
Zaragoza,Zuera,50,298,9,502989,50800
Zaragoza,Zuera,50,298,9,502989,50810
Zaragoza,Zuera,50,298,9,502989,50830
Zaragoza,Biel,50,901,7,509017,50619
Zaragoza,Marracos,50,902,2,509022,50616
Zaragoza,Villamayor de Gállego,50,903,8,509038,50162
Ceuta,Ceuta,51,001,3,510013,51001
Ceuta,Ceuta,51,001,3,510013,51002
Ceuta,Ceuta,51,001,3,510013,51003
Ceuta,Ceuta,51,001,3,510013,51004
Ceuta,Ceuta,51,001,3,510013,51005
Melilla,Melilla,52,001,8,520018,52001
Melilla,Melilla,52,001,8,520018,52002
Melilla,Melilla,52,001,8,520018,52003
Melilla,Melilla,52,001,8,520018,52004
Melilla,Melilla,52,001,8,520018,52005
Melilla,Melilla,52,001,8,520018,52006
