PROV,MUNI,COD_PROV,COD_MUNI,DC,COD_MUNI_COMPLETO
Araba/Álava,Alegría-Dulantzi,01,001,4,010014
Araba/Álava,Amurrio,01,002,9,010029
Araba/Álava,Aramaio,01,003,5,010035
Araba/Álava,Artziniega,01,004,0,010040
Araba/Álava,Armiñón,01,006,6,010066
Araba/Álava,Arratzua-Ubarrundia,01,008,8,010088
Araba/Álava,Asparrena,01,009,1,010091
Araba/Álava,Ayala/Aiara,01,010,5,010105
Araba/Álava,Baños de Ebro/Mañueta,01,011,2,010112
Araba/Álava,Barrundia,01,013,3,010133
Araba/Álava,Berantevilla,01,014,8,010148
Araba/Álava,Bernedo,01,016,4,010164
Araba/Álava,Campezo/Kanpezu,01,017,0,010170
Araba/Álava,Zigoitia,01,018,6,010186
Araba/Álava,Kripan,01,019,9,010199
Araba/Álava,Kuartango,01,020,3,010203
Araba/Álava,Elburgo/Burgelu,01,021,0,010210
Araba/Álava,Elciego,01,022,5,010225
Araba/Álava,Elvillar/Bilar,01,023,1,010231
Araba/Álava,Iruraiz-Gauna,01,027,8,010278
Araba/Álava,Labastida/Bastida,01,028,4,010284
Araba/Álava,Lagrán,01,030,1,010301
Araba/Álava,Laguardia,01,031,8,010318
Araba/Álava,Lanciego/Lantziego,01,032,3,010323
Araba/Álava,Lapuebla de Labarca,01,033,9,010339
Araba/Álava,Leza,01,034,4,010344
Araba/Álava,Laudio/Llodio,01,036,0,010360
Araba/Álava,Arraia-Maeztu,01,037,6,010376
Araba/Álava,Moreda de Álava/Moreda Araba,01,039,5,010395
Araba/Álava,Navaridas,01,041,6,010416
Araba/Álava,Okondo,01,042,1,010421
Araba/Álava,Oyón-Oion,01,043,7,010437
Araba/Álava,Peñacerrada-Urizaharra,01,044,2,010442
Araba/Álava,Erriberagoitia/Ribera Alta,01,046,8,010468
Araba/Álava,Ribera Baja/Erriberabeitia,01,047,4,010474
Araba/Álava,Añana,01,049,3,010493
Araba/Álava,Agurain/Salvatierra,01,051,3,010513
Araba/Álava,Samaniego,01,052,8,010528
Araba/Álava,San Millán/Donemiliaga,01,053,4,010534
Araba/Álava,Urkabustaiz,01,054,9,010549
Araba/Álava,Valdegovía/Gaubea,01,055,2,010552
Araba/Álava,Harana/Valle de Arana,01,056,5,010565
Araba/Álava,Villabuena de Álava/Eskuernaga,01,057,1,010571
Araba/Álava,Legutio,01,058,7,010587
Araba/Álava,Vitoria-Gasteiz,01,059,0,010590
Araba/Álava,Yécora/Iekora,01,060,4,010604
Araba/Álava,Zalduondo,01,061,1,010611
Araba/Álava,Zambrana,01,062,6,010626
Araba/Álava,Zuia,01,063,2,010632
Araba/Álava,Iruña Oka/Iruña de Oca,01,901,5,019015
Araba/Álava,Lantarón,01,902,0,019020
Albacete,Abengibre,02,001,9,020019
Albacete,Alatoz,02,002,4,020024
Albacete,Albacete,02,003,0,020030
Albacete,Albatana,02,004,5,020045
Albacete,Alborea,02,005,8,020058
Albacete,Alcadozo,02,006,1,020061
Albacete,Alcalá del Júcar,02,007,7,020077
Albacete,Alcaraz,02,008,3,020083
Albacete,Almansa,02,009,6,020096
Albacete,Alpera,02,010,0,020100
Albacete,Ayna,02,011,7,020117
Albacete,Balazote,02,012,2,020122
Albacete,Balsa de Ves,02,013,8,020138
Albacete,"Ballestero, El",02,014,3,020143
Albacete,Barrax,02,015,6,020156
Albacete,Bienservida,02,016,9,020169
Albacete,Bogarra,02,017,5,020175
Albacete,Bonete,02,018,1,020181
Albacete,"Bonillo, El",02,019,4,020194
Albacete,Carcelén,02,020,8,020208
Albacete,Casas de Juan Núñez,02,021,5,020215
Albacete,Casas de Lázaro,02,022,0,020220
Albacete,Casas de Ves,02,023,6,020236
Albacete,Casas-Ibáñez,02,024,1,020241
Albacete,Caudete,02,025,4,020254
Albacete,Cenizate,02,026,7,020267
Albacete,Corral-Rubio,02,027,3,020273
Albacete,Cotillas,02,028,9,020289
Albacete,Chinchilla de Monte-Aragón,02,029,2,020292
Albacete,Elche de la Sierra,02,030,6,020306
Albacete,Férez,02,031,3,020313
Albacete,Fuensanta,02,032,8,020328
Albacete,Fuente-Álamo,02,033,4,020334
Albacete,Fuentealbilla,02,034,9,020349
Albacete,"Gineta, La",02,035,2,020352
Albacete,Golosalvo,02,036,5,020365
Albacete,Hellín,02,037,1,020371
Albacete,"Herrera, La",02,038,7,020387
Albacete,Higueruela,02,039,0,020390
Albacete,Hoya-Gonzalo,02,040,4,020404
Albacete,Jorquera,02,041,1,020411
Albacete,Letur,02,042,6,020426
Albacete,Lezuza,02,043,2,020432
Albacete,Liétor,02,044,7,020447
Albacete,Madrigueras,02,045,0,020450
Albacete,Mahora,02,046,3,020463
Albacete,Masegoso,02,047,9,020479
Albacete,Minaya,02,048,5,020485
Albacete,Molinicos,02,049,8,020498
Albacete,Montalvos,02,050,1,020501
Albacete,Montealegre del Castillo,02,051,8,020518
Albacete,Motilleja,02,052,3,020523
Albacete,Munera,02,053,9,020539
Albacete,Navas de Jorquera,02,054,4,020544
Albacete,Nerpio,02,055,7,020557
Albacete,Ontur,02,056,0,020560
Albacete,Ossa de Montiel,02,057,6,020576
Albacete,Paterna del Madera,02,058,2,020582
Albacete,Peñascosa,02,059,5,020595
Albacete,Peñas de San Pedro,02,060,9,020609
Albacete,Pétrola,02,061,6,020616
Albacete,Povedilla,02,062,1,020621
Albacete,Pozohondo,02,063,7,020637
Albacete,Pozo-Lorente,02,064,2,020642
Albacete,Pozuelo,02,065,5,020655
Albacete,"Recueja, La",02,066,8,020668
Albacete,Riópar,02,067,4,020674
Albacete,Robledo,02,068,0,020680
Albacete,"Roda, La",02,069,3,020693
Albacete,Salobre,02,070,7,020707
Albacete,San Pedro,02,071,4,020714
Albacete,Socovos,02,072,9,020729
Albacete,Tarazona de la Mancha,02,073,5,020735
Albacete,Tobarra,02,074,0,020740
Albacete,Valdeganga,02,075,3,020753
Albacete,Vianos,02,076,6,020766
Albacete,Villa de Ves,02,077,2,020772
Albacete,Villalgordo del Júcar,02,078,8,020788
Albacete,Villamalea,02,079,1,020791
Albacete,Villapalacios,02,080,5,020805
Albacete,Villarrobledo,02,081,2,020812
Albacete,Villatoya,02,082,7,020827
Albacete,Villavaliente,02,083,3,020833
Albacete,Villaverde de Guadalimar,02,084,8,020848
Albacete,Viveros,02,085,1,020851
Albacete,Yeste,02,086,4,020864
Albacete,Pozo Cañada,02,901,0,029010
Alicante/Alacant,"Atzúbia, l'",03,001,5,030015
Alicante/Alacant,Agost,03,002,0,030020
Alicante/Alacant,Agres,03,003,6,030036
Alicante/Alacant,Aigües,03,004,1,030041
Alicante/Alacant,Albatera,03,005,4,030054
Alicante/Alacant,Alcalalí,03,006,7,030067
Alicante/Alacant,Alcosser,03,007,3,030073
Alicante/Alacant,Alcoleja,03,008,9,030089
Alicante/Alacant,Alcoi/Alcoy,03,009,2,030092
Alicante/Alacant,Alfafara,03,010,6,030106
Alicante/Alacant,"Alfàs del Pi, l'",03,011,3,030113
Alicante/Alacant,Algorfa,03,012,8,030128
Alicante/Alacant,Algueña,03,013,4,030134
Alicante/Alacant,Alacant/Alicante,03,014,9,030149
Alicante/Alacant,Almoradí,03,015,2,030152
Alicante/Alacant,Almudaina,03,016,5,030165
Alicante/Alacant,"Alqueria d'Asnar, l'",03,017,1,030171
Alicante/Alacant,Altea,03,018,7,030187
Alicante/Alacant,Aspe,03,019,0,030190
Alicante/Alacant,Balones,03,020,4,030204
Alicante/Alacant,Banyeres de Mariola,03,021,1,030211
Alicante/Alacant,Benasau,03,022,6,030226
Alicante/Alacant,Beneixama,03,023,2,030232
Alicante/Alacant,Benejúzar,03,024,7,030247
Alicante/Alacant,Benferri,03,025,0,030250
Alicante/Alacant,Beniarbeig,03,026,3,030263
Alicante/Alacant,Beniardà,03,027,9,030279
Alicante/Alacant,Beniarrés,03,028,5,030285
Alicante/Alacant,Benigembla,03,029,8,030298
Alicante/Alacant,Benidoleig,03,030,2,030302
Alicante/Alacant,Benidorm,03,031,9,030319
Alicante/Alacant,Benifallim,03,032,4,030324
Alicante/Alacant,Benifato,03,033,0,030330
Alicante/Alacant,Benijófar,03,034,5,030345
Alicante/Alacant,Benilloba,03,035,8,030358
Alicante/Alacant,Benillup,03,036,1,030361
Alicante/Alacant,Benimantell,03,037,7,030377
Alicante/Alacant,Benimarfull,03,038,3,030383
Alicante/Alacant,Benimassot,03,039,6,030396
Alicante/Alacant,Benimeli,03,040,0,030400
Alicante/Alacant,Benissa,03,041,7,030417
Alicante/Alacant,"Poble Nou de Benitatxell, el/Benitachell",03,042,2,030422
Alicante/Alacant,Biar,03,043,8,030438
Alicante/Alacant,Bigastro,03,044,3,030443
Alicante/Alacant,Bolulla,03,045,6,030456
Alicante/Alacant,Busot,03,046,9,030469
Alicante/Alacant,Calp,03,047,5,030475
Alicante/Alacant,Callosa d'en Sarrià,03,048,1,030481
Alicante/Alacant,Callosa de Segura,03,049,4,030494
Alicante/Alacant,"Campello, el",03,050,7,030507
Alicante/Alacant,"Camp de Mirra, el/Campo de Mirra",03,051,4,030514
Alicante/Alacant,Cañada,03,052,9,030529
Alicante/Alacant,Castalla,03,053,5,030535
Alicante/Alacant,Castell de Castells,03,054,0,030540
Alicante/Alacant,Catral,03,055,3,030553
Alicante/Alacant,Cocentaina,03,056,6,030566
Alicante/Alacant,Confrides,03,057,2,030572
Alicante/Alacant,Cox,03,058,8,030588
Alicante/Alacant,Crevillent,03,059,1,030591
Alicante/Alacant,Quatretondeta,03,060,5,030605
Alicante/Alacant,Daya Nueva,03,061,2,030612
Alicante/Alacant,Daya Vieja,03,062,7,030627
Alicante/Alacant,Dénia,03,063,3,030633
Alicante/Alacant,Dolores,03,064,8,030648
Alicante/Alacant,Elx/Elche,03,065,1,030651
Alicante/Alacant,Elda,03,066,4,030664
Alicante/Alacant,Fageca,03,067,0,030670
Alicante/Alacant,Famorca,03,068,6,030686
Alicante/Alacant,Finestrat,03,069,9,030699
Alicante/Alacant,Formentera del Segura,03,070,3,030703
Alicante/Alacant,Gata de Gorgos,03,071,0,030710
Alicante/Alacant,Gaianes,03,072,5,030725
Alicante/Alacant,Gorga,03,073,1,030731
Alicante/Alacant,Granja de Rocamora,03,074,6,030746
Alicante/Alacant,"Castell de Guadalest, el",03,075,9,030759
Alicante/Alacant,Guardamar del Segura,03,076,2,030762
Alicante/Alacant,"Fondó de les Neus, el/Hondón de las Nieves",03,077,8,030778
Alicante/Alacant,Hondón de los Frailes,03,078,4,030784
Alicante/Alacant,Ibi,03,079,7,030797
Alicante/Alacant,Jacarilla,03,080,1,030801
Alicante/Alacant,Xaló,03,081,8,030818
Alicante/Alacant,Xàbia/Jávea,03,082,3,030823
Alicante/Alacant,Xixona/Jijona,03,083,9,030839
Alicante/Alacant,"Orxa, l'/Lorcha",03,084,4,030844
Alicante/Alacant,Llíber,03,085,7,030857
Alicante/Alacant,Millena,03,086,0,030860
Alicante/Alacant,Monforte del Cid,03,088,2,030882
Alicante/Alacant,Monòver/Monóvar,03,089,5,030895
Alicante/Alacant,Mutxamel,03,090,9,030909
Alicante/Alacant,Murla,03,091,6,030916
Alicante/Alacant,Muro de Alcoy,03,092,1,030921
Alicante/Alacant,Novelda,03,093,7,030937
Alicante/Alacant,"Nucia, la",03,094,2,030942
Alicante/Alacant,Ondara,03,095,5,030955
Alicante/Alacant,Onil,03,096,8,030968
Alicante/Alacant,Orba,03,097,4,030974
Alicante/Alacant,Orxeta,03,098,0,030980
Alicante/Alacant,Orihuela,03,099,3,030993
Alicante/Alacant,Parcent,03,100,7,031007
Alicante/Alacant,Pedreguer,03,101,4,031014
Alicante/Alacant,Pego,03,102,9,031029
Alicante/Alacant,Penàguila,03,103,5,031035
Alicante/Alacant,Petrer,03,104,0,031040
Alicante/Alacant,"Pinós, el/Pinoso",03,105,3,031053
Alicante/Alacant,Planes,03,106,6,031066
Alicante/Alacant,Polop,03,107,2,031072
Alicante/Alacant,Rafal,03,109,1,031091
Alicante/Alacant,"Ràfol d'Almúnia, el",03,110,5,031105
Alicante/Alacant,Redován,03,111,2,031112
Alicante/Alacant,Relleu,03,112,7,031127
Alicante/Alacant,Rojales,03,113,3,031133
Alicante/Alacant,"Romana, la",03,114,8,031148
Alicante/Alacant,Sagra,03,115,1,031151
Alicante/Alacant,Salinas,03,116,4,031164
Alicante/Alacant,Sanet y Negrals,03,117,0,031170
Alicante/Alacant,San Fulgencio,03,118,6,031186
Alicante/Alacant,Sant Joan d'Alacant,03,119,9,031199
Alicante/Alacant,San Miguel de Salinas,03,120,3,031203
Alicante/Alacant,Santa Pola,03,121,0,031210
Alicante/Alacant,Sant Vicent del Raspeig/San Vicente del Raspeig,03,122,5,031225
Alicante/Alacant,Sax,03,123,1,031231
Alicante/Alacant,Sella,03,124,6,031246
Alicante/Alacant,Senija,03,125,9,031259
Alicante/Alacant,Tàrbena,03,127,8,031278
Alicante/Alacant,Teulada,03,128,4,031284
Alicante/Alacant,Tibi,03,129,7,031297
Alicante/Alacant,Tollos,03,130,1,031301
Alicante/Alacant,Tormos,03,131,8,031318
Alicante/Alacant,"Torre de les Maçanes, la/Torremanzanas",03,132,3,031323
Alicante/Alacant,Torrevieja,03,133,9,031339
Alicante/Alacant,"Vall d'Alcalà, la",03,134,4,031344
Alicante/Alacant,"Vall d'Ebo, la",03,135,7,031357
Alicante/Alacant,"Vall de Gallinera, la",03,136,0,031360
Alicante/Alacant,"Vall de Laguar, la",03,137,6,031376
Alicante/Alacant,"Verger, el",03,138,2,031382
Alicante/Alacant,"Vila Joiosa, la/Villajoyosa",03,139,5,031395
Alicante/Alacant,Villena,03,140,9,031409
Alicante/Alacant,"Poblets, els",03,901,6,039016
Alicante/Alacant,Pilar de la Horadada,03,902,1,039021
Alicante/Alacant,"Montesinos, Los",03,903,7,039037
Alicante/Alacant,San Isidro,03,904,2,039042
Almería,Abla,04,001,0,040010
Almería,Abrucena,04,002,5,040025
Almería,Adra,04,003,1,040031
Almería,Albanchez,04,004,6,040046
Almería,Alboloduy,04,005,9,040059
Almería,Albox,04,006,2,040062
Almería,Alcolea,04,007,8,040078
Almería,Alcóntar,04,008,4,040084
Almería,Alcudia de Monteagud,04,009,7,040097
Almería,Alhabia,04,010,1,040101
Almería,Alhama de Almería,04,011,8,040118
Almería,Alicún,04,012,3,040123
Almería,Almería,04,013,9,040139
Almería,Almócita,04,014,4,040144
Almería,Alsodux,04,015,7,040157
Almería,Antas,04,016,0,040160
Almería,Arboleas,04,017,6,040176
Almería,Armuña de Almanzora,04,018,2,040182
Almería,Bacares,04,019,5,040195
Almería,Bayárcal,04,020,9,040209
Almería,Bayarque,04,021,6,040216
Almería,Bédar,04,022,1,040221
Almería,Beires,04,023,7,040237
Almería,Benahadux,04,024,2,040242
Almería,Benitagla,04,026,8,040268
Almería,Benizalón,04,027,4,040274
Almería,Bentarique,04,028,0,040280
Almería,Berja,04,029,3,040293
Almería,Canjáyar,04,030,7,040307
Almería,Cantoria,04,031,4,040314
Almería,Carboneras,04,032,9,040329
Almería,Castro de Filabres,04,033,5,040335
Almería,Cóbdar,04,034,0,040340
Almería,Cuevas del Almanzora,04,035,3,040353
Almería,Chercos,04,036,6,040366
Almería,Chirivel,04,037,2,040372
Almería,Dalías,04,038,8,040388
Almería,Enix,04,041,2,040412
Almería,Felix,04,043,3,040433
Almería,Fines,04,044,8,040448
Almería,Fiñana,04,045,1,040451
Almería,Fondón,04,046,4,040464
Almería,Gádor,04,047,0,040470
Almería,"Gallardos, Los",04,048,6,040486
Almería,Garrucha,04,049,9,040499
Almería,Gérgal,04,050,2,040502
Almería,Huécija,04,051,9,040519
Almería,Huércal de Almería,04,052,4,040524
Almería,Huércal-Overa,04,053,0,040530
Almería,Íllar,04,054,5,040545
Almería,Instinción,04,055,8,040558
Almería,Laroya,04,056,1,040561
Almería,Laujar de Andarax,04,057,7,040577
Almería,Líjar,04,058,3,040583
Almería,Lubrín,04,059,6,040596
Almería,Lucainena de las Torres,04,060,0,040600
Almería,Lúcar,04,061,7,040617
Almería,Macael,04,062,2,040622
Almería,María,04,063,8,040638
Almería,Mojácar,04,064,3,040643
Almería,Nacimiento,04,065,6,040656
Almería,Níjar,04,066,9,040669
Almería,Ohanes,04,067,5,040675
Almería,Olula de Castro,04,068,1,040681
Almería,Olula del Río,04,069,4,040694
Almería,Oria,04,070,8,040708
Almería,Padules,04,071,5,040715
Almería,Partaloa,04,072,0,040720
Almería,Paterna del Río,04,073,6,040736
Almería,Pechina,04,074,1,040741
Almería,Pulpí,04,075,4,040754
Almería,Purchena,04,076,7,040767
Almería,Rágol,04,077,3,040773
Almería,Rioja,04,078,9,040789
Almería,Roquetas de Mar,04,079,2,040792
Almería,Santa Cruz de Marchena,04,080,6,040806
Almería,Santa Fe de Mondújar,04,081,3,040813
Almería,Senés,04,082,8,040828
Almería,Serón,04,083,4,040834
Almería,Sierro,04,084,9,040849
Almería,Somontín,04,085,2,040852
Almería,Sorbas,04,086,5,040865
Almería,Suflí,04,087,1,040871
Almería,Tabernas,04,088,7,040887
Almería,Taberno,04,089,0,040890
Almería,Tahal,04,090,4,040904
Almería,Terque,04,091,1,040911
Almería,Tíjola,04,092,6,040926
Almería,Turre,04,093,2,040932
Almería,Turrillas,04,094,7,040947
Almería,Uleila del Campo,04,095,0,040950
Almería,Urrácal,04,096,3,040963
Almería,Velefique,04,097,9,040979
Almería,Vélez-Blanco,04,098,5,040985
Almería,Vélez-Rubio,04,099,8,040998
Almería,Vera,04,100,2,041002
Almería,Viator,04,101,9,041019
Almería,Vícar,04,102,4,041024
Almería,Zurgena,04,103,0,041030
Almería,"Tres Villas, Las",04,901,1,049011
Almería,"Ejido, El",04,902,6,049026
Almería,"Mojonera, La",04,903,2,049032
Almería,Balanegra,04,904,7,049047
Ávila,Adanero,05,001,3,050013
Ávila,"Adrada, La",05,002,8,050028
Ávila,Albornos,05,005,2,050052
Ávila,Aldeanueva de Santa Cruz,05,007,1,050071
Ávila,Aldeaseca,05,008,7,050087
Ávila,"Aldehuela, La",05,010,4,050104
Ávila,Amavida,05,012,6,050126
Ávila,"Arenal, El",05,013,2,050132
Ávila,Arenas de San Pedro,05,014,7,050147
Ávila,Arevalillo,05,015,0,050150
Ávila,Arévalo,05,016,3,050163
Ávila,Aveinte,05,017,9,050179
Ávila,Avellaneda,05,018,5,050185
Ávila,Ávila,05,019,8,050198
Ávila,"Barco de Ávila, El",05,021,9,050219
Ávila,"Barraco, El",05,022,4,050224
Ávila,Barromán,05,023,0,050230
Ávila,Becedas,05,024,5,050245
Ávila,Becedillas,05,025,8,050258
Ávila,Bercial de Zapardiel,05,026,1,050261
Ávila,"Berlanas, Las",05,027,7,050277
Ávila,Bernuy-Zapardiel,05,029,6,050296
Ávila,Berrocalejo de Aragona,05,030,0,050300
Ávila,Blascomillán,05,033,8,050338
Ávila,Blasconuño de Matacabras,05,034,3,050343
Ávila,Blascosancho,05,035,6,050356
Ávila,"Bohodón, El",05,036,9,050369
Ávila,Bohoyo,05,037,5,050375
Ávila,Bonilla de la Sierra,05,038,1,050381
Ávila,Brabos,05,039,4,050394
Ávila,Bularros,05,040,8,050408
Ávila,Burgohondo,05,041,5,050415
Ávila,Cabezas de Alambre,05,042,0,050420
Ávila,Cabezas del Pozo,05,043,6,050436
Ávila,Cabezas del Villar,05,044,1,050441
Ávila,Cabizuela,05,045,4,050454
Ávila,Canales,05,046,7,050467
Ávila,Candeleda,05,047,3,050473
Ávila,Cantiveros,05,048,9,050489
Ávila,Cardeñosa,05,049,2,050492
Ávila,"Carrera, La",05,051,2,050512
Ávila,Casas del Puerto,05,052,7,050527
Ávila,Casasola,05,053,3,050533
Ávila,Casavieja,05,054,8,050548
Ávila,Casillas,05,055,1,050551
Ávila,Castellanos de Zapardiel,05,056,4,050564
Ávila,Cebreros,05,057,0,050570
Ávila,Cepeda la Mora,05,058,6,050586
Ávila,Cillán,05,059,9,050599
Ávila,Cisla,05,060,3,050603
Ávila,"Colilla, La",05,061,0,050610
Ávila,Collado de Contreras,05,062,5,050625
Ávila,Collado del Mirón,05,063,1,050631
Ávila,Constanzana,05,064,6,050646
Ávila,Crespos,05,065,9,050659
Ávila,Cuevas del Valle,05,066,2,050662
Ávila,Chamartín,05,067,8,050678
Ávila,Donjimeno,05,069,7,050697
Ávila,Donvidas,05,070,1,050701
Ávila,Espinosa de los Caballeros,05,072,3,050723
Ávila,Flores de Ávila,05,073,9,050739
Ávila,Fontiveros,05,074,4,050744
Ávila,Fresnedilla,05,075,7,050757
Ávila,"Fresno, El",05,076,0,050760
Ávila,Fuente el Saúz,05,077,6,050776
Ávila,Fuentes de Año,05,078,2,050782
Ávila,Gallegos de Altamiros,05,079,5,050795
Ávila,Gallegos de Sobrinos,05,080,9,050809
Ávila,Garganta del Villar,05,081,6,050816
Ávila,Gavilanes,05,082,1,050821
Ávila,Gemuño,05,083,7,050837
Ávila,Gilbuena,05,084,2,050842
Ávila,Gil García,05,085,5,050855
Ávila,Gimialcón,05,086,8,050868
Ávila,Gotarrendura,05,087,4,050874
Ávila,Grandes y San Martín,05,088,0,050880
Ávila,Guisando,05,089,3,050893
Ávila,Gutierre-Muñoz,05,090,7,050907
Ávila,Hernansancho,05,092,9,050929
Ávila,Herradón de Pinares,05,093,5,050935
Ávila,Herreros de Suso,05,094,0,050940
Ávila,Higuera de las Dueñas,05,095,3,050953
Ávila,"Hija de Dios, La",05,096,6,050966
Ávila,"Horcajada, La",05,097,2,050972
Ávila,Horcajo de las Torres,05,099,1,050991
Ávila,"Hornillo, El",05,100,5,051005
Ávila,Hoyocasero,05,101,2,051012
Ávila,"Hoyo de Pinares, El",05,102,7,051027
Ávila,Hoyorredondo,05,103,3,051033
Ávila,Hoyos del Collado,05,104,8,051048
Ávila,Hoyos del Espino,05,105,1,051051
Ávila,Hoyos de Miguel Muñoz,05,106,4,051064
Ávila,Hurtumpascual,05,107,0,051070
Ávila,Junciana,05,108,6,051086
Ávila,Langa,05,109,9,051099
Ávila,Lanzahíta,05,110,3,051103
Ávila,"Losar del Barco, El",05,112,5,051125
Ávila,"Llanos de Tormes, Los",05,113,1,051131
Ávila,Madrigal de las Altas Torres,05,114,6,051146
Ávila,Maello,05,115,9,051159
Ávila,Malpartida de Corneja,05,116,2,051162
Ávila,Mamblas,05,117,8,051178
Ávila,Mancera de Arriba,05,118,4,051184
Ávila,Manjabálago y Ortigosa de Rioalmar,05,119,7,051197
Ávila,Marlín,05,120,1,051201
Ávila,Martiherrero,05,121,8,051218
Ávila,Martínez,05,122,3,051223
Ávila,Mediana de Voltoya,05,123,9,051239
Ávila,Medinilla,05,124,4,051244
Ávila,Mengamuñoz,05,125,7,051257
Ávila,Mesegar de Corneja,05,126,0,051260
Ávila,Mijares,05,127,6,051276
Ávila,Mingorría,05,128,2,051282
Ávila,"Mirón, El",05,129,5,051295
Ávila,Mironcillo,05,130,9,051309
Ávila,Mirueña de los Infanzones,05,131,6,051316
Ávila,Mombeltrán,05,132,1,051321
Ávila,Monsalupe,05,133,7,051337
Ávila,Moraleja de Matacabras,05,134,2,051342
Ávila,Muñana,05,135,5,051355
Ávila,Muñico,05,136,8,051368
Ávila,Muñogalindo,05,138,0,051380
Ávila,Muñogrande,05,139,3,051393
Ávila,Muñomer del Peco,05,140,7,051407
Ávila,Muñopepe,05,141,4,051414
Ávila,Muñosancho,05,142,9,051429
Ávila,Muñotello,05,143,5,051435
Ávila,Narrillos del Álamo,05,144,0,051440
Ávila,Narrillos del Rebollar,05,145,3,051453
Ávila,Narros del Castillo,05,147,2,051472
Ávila,Narros del Puerto,05,148,8,051488
Ávila,Narros de Saldueña,05,149,1,051491
Ávila,Navacepedilla de Corneja,05,151,1,051511
Ávila,Nava de Arévalo,05,152,6,051526
Ávila,Nava del Barco,05,153,2,051532
Ávila,Navadijos,05,154,7,051547
Ávila,Navaescurial,05,155,0,051550
Ávila,Navahondilla,05,156,3,051563
Ávila,Navalacruz,05,157,9,051579
Ávila,Navalmoral,05,158,5,051585
Ávila,Navalonguilla,05,159,8,051598
Ávila,Navalosa,05,160,2,051602
Ávila,Navalperal de Pinares,05,161,9,051619
Ávila,Navalperal de Tormes,05,162,4,051624
Ávila,Navaluenga,05,163,0,051630
Ávila,Navaquesera,05,164,5,051645
Ávila,Navarredonda de Gredos,05,165,8,051658
Ávila,Navarredondilla,05,166,1,051661
Ávila,Navarrevisca,05,167,7,051677
Ávila,"Navas del Marqués, Las",05,168,3,051683
Ávila,Navatalgordo,05,169,6,051696
Ávila,Navatejares,05,170,0,051700
Ávila,Neila de San Miguel,05,171,7,051717
Ávila,Niharra,05,172,2,051722
Ávila,Ojos-Albos,05,173,8,051738
Ávila,Orbita,05,174,3,051743
Ávila,"Oso, El",05,175,6,051756
Ávila,Padiernos,05,176,9,051769
Ávila,Pajares de Adaja,05,177,5,051775
Ávila,Palacios de Goda,05,178,1,051781
Ávila,Papatrigo,05,179,4,051794
Ávila,"Parral, El",05,180,8,051808
Ávila,Pascualcobo,05,181,5,051815
Ávila,Pedro Bernardo,05,182,0,051820
Ávila,Pedro-Rodríguez,05,183,6,051836
Ávila,Peguerinos,05,184,1,051841
Ávila,Peñalba de Ávila,05,185,4,051854
Ávila,Piedrahíta,05,186,7,051867
Ávila,Piedralaves,05,187,3,051873
Ávila,Poveda,05,188,9,051889
Ávila,Poyales del Hoyo,05,189,2,051892
Ávila,Pozanco,05,190,6,051906
Ávila,Pradosegar,05,191,3,051913
Ávila,Puerto Castilla,05,192,8,051928
Ávila,Rasueros,05,193,4,051934
Ávila,Riocabado,05,194,9,051949
Ávila,Riofrío,05,195,2,051952
Ávila,Rivilla de Barajas,05,196,5,051965
Ávila,Salobral,05,197,1,051971
Ávila,Salvadiós,05,198,7,051987
Ávila,San Bartolomé de Béjar,05,199,0,051990
Ávila,San Bartolomé de Corneja,05,200,4,052004
Ávila,San Bartolomé de Pinares,05,201,1,052011
Ávila,Sanchidrián,05,204,7,052047
Ávila,Sanchorreja,05,205,0,052050
Ávila,San Esteban de los Patos,05,206,3,052063
Ávila,San Esteban del Valle,05,207,9,052079
Ávila,San Esteban de Zapardiel,05,208,5,052085
Ávila,San García de Ingelmos,05,209,8,052098
Ávila,San Juan de la Encinilla,05,210,2,052102
Ávila,San Juan de la Nava,05,211,9,052119
Ávila,San Juan del Molinillo,05,212,4,052124
Ávila,San Juan del Olmo,05,213,0,052130
Ávila,San Lorenzo de Tormes,05,214,5,052145
Ávila,San Martín de la Vega del Alberche,05,215,8,052158
Ávila,San Martín del Pimpollar,05,216,1,052161
Ávila,San Miguel de Corneja,05,217,7,052177
Ávila,San Miguel de Serrezuela,05,218,3,052183
Ávila,San Pascual,05,219,6,052196
Ávila,San Pedro del Arroyo,05,220,0,052200
Ávila,Santa Cruz del Valle,05,221,7,052217
Ávila,Santa Cruz de Pinares,05,222,2,052222
Ávila,Santa María del Arroyo,05,224,3,052243
Ávila,Santa María del Berrocal,05,225,6,052256
Ávila,Santa María de los Caballeros,05,226,9,052269
Ávila,Santa María del Tiétar,05,227,5,052275
Ávila,Santiago del Collado,05,228,1,052281
Ávila,Santo Domingo de las Posadas,05,229,4,052294
Ávila,Santo Tomé de Zabarcos,05,230,8,052308
Ávila,San Vicente de Arévalo,05,231,5,052315
Ávila,"Serrada, La",05,232,0,052320
Ávila,Serranillos,05,233,6,052336
Ávila,Sigeres,05,234,1,052341
Ávila,Sinlabajos,05,235,4,052354
Ávila,Solana de Ávila,05,236,7,052367
Ávila,Solana de Rioalmar,05,237,3,052373
Ávila,Solosancho,05,238,9,052389
Ávila,Sotalbo,05,239,2,052392
Ávila,Sotillo de la Adrada,05,240,6,052406
Ávila,"Tiemblo, El",05,241,3,052413
Ávila,Tiñosillos,05,242,8,052428
Ávila,Tolbaños,05,243,4,052434
Ávila,Tormellas,05,244,9,052449
Ávila,Tornadizos de Ávila,05,245,2,052452
Ávila,Tórtoles,05,246,5,052465
Ávila,"Torre, La",05,247,1,052471
Ávila,Umbrías,05,249,0,052490
Ávila,Vadillo de la Sierra,05,251,0,052510
Ávila,Valdecasa,05,252,5,052525
Ávila,Vega de Santa María,05,253,1,052531
Ávila,Velayos,05,254,6,052546
Ávila,Villaflor,05,256,2,052562
Ávila,Villafranca de la Sierra,05,257,8,052578
Ávila,Villanueva de Gómez,05,258,4,052584
Ávila,Villanueva del Aceral,05,259,7,052597
Ávila,Villanueva del Campillo,05,260,1,052601
Ávila,Villar de Corneja,05,261,8,052618
Ávila,Villarejo del Valle,05,262,3,052623
Ávila,Villatoro,05,263,9,052639
Ávila,Viñegra de Moraña,05,264,4,052644
Ávila,Vita,05,265,7,052657
Ávila,Zapardiel de la Cañada,05,266,0,052660
Ávila,Zapardiel de la Ribera,05,267,6,052676
Ávila,San Juan de Gredos,05,901,4,059014
Ávila,Santa María del Cubillo,05,902,9,059029
Ávila,Diego del Carpio,05,903,5,059035
Ávila,Santiago del Tormes,05,904,0,059040
Ávila,Villanueva de Ávila,05,905,3,059053
Badajoz,Acedera,06,001,6,060016
Badajoz,Aceuchal,06,002,1,060021
Badajoz,Ahillones,06,003,7,060037
Badajoz,Alange,06,004,2,060042
Badajoz,"Albuera, La",06,005,5,060055
Badajoz,Alburquerque,06,006,8,060068
Badajoz,Alconchel,06,007,4,060074
Badajoz,Alconera,06,008,0,060080
Badajoz,Aljucén,06,009,3,060093
Badajoz,Almendral,06,010,7,060107
Badajoz,Almendralejo,06,011,4,060114
Badajoz,Arroyo de San Serván,06,012,9,060129
Badajoz,Atalaya,06,013,5,060135
Badajoz,Azuaga,06,014,0,060140
Badajoz,Badajoz,06,015,3,060153
Badajoz,Barcarrota,06,016,6,060166
Badajoz,Baterno,06,017,2,060172
Badajoz,Benquerencia de la Serena,06,018,8,060188
Badajoz,Berlanga,06,019,1,060191
Badajoz,Bienvenida,06,020,5,060205
Badajoz,Bodonal de la Sierra,06,021,2,060212
Badajoz,Burguillos del Cerro,06,022,7,060227
Badajoz,Cabeza del Buey,06,023,3,060233
Badajoz,Cabeza la Vaca,06,024,8,060248
Badajoz,Calamonte,06,025,1,060251
Badajoz,Calera de León,06,026,4,060264
Badajoz,Calzadilla de los Barros,06,027,0,060270
Badajoz,Campanario,06,028,6,060286
Badajoz,Campillo de Llerena,06,029,9,060299
Badajoz,Capilla,06,030,3,060303
Badajoz,Carmonita,06,031,0,060310
Badajoz,"Carrascalejo, El",06,032,5,060325
Badajoz,Casas de Don Pedro,06,033,1,060331
Badajoz,Casas de Reina,06,034,6,060346
Badajoz,Castilblanco,06,035,9,060359
Badajoz,Castuera,06,036,2,060362
Badajoz,"Codosera, La",06,037,8,060378
Badajoz,Cordobilla de Lácara,06,038,4,060384
Badajoz,"Coronada, La",06,039,7,060397
Badajoz,Corte de Peleas,06,040,1,060401
Badajoz,Cristina,06,041,8,060418
Badajoz,Cheles,06,042,3,060423
Badajoz,Don Álvaro,06,043,9,060439
Badajoz,Don Benito,06,044,4,060444
Badajoz,Entrín Bajo,06,045,7,060457
Badajoz,Esparragalejo,06,046,0,060460
Badajoz,Esparragosa de la Serena,06,047,6,060476
Badajoz,Esparragosa de Lares,06,048,2,060482
Badajoz,Feria,06,049,5,060495
Badajoz,Fregenal de la Sierra,06,050,8,060508
Badajoz,Fuenlabrada de los Montes,06,051,5,060515
Badajoz,Fuente de Cantos,06,052,0,060520
Badajoz,Fuente del Arco,06,053,6,060536
Badajoz,Fuente del Maestre,06,054,1,060541
Badajoz,Fuentes de León,06,055,4,060554
Badajoz,Garbayuela,06,056,7,060567
Badajoz,Garlitos,06,057,3,060573
Badajoz,"Garrovilla, La",06,058,9,060589
Badajoz,Granja de Torrehermosa,06,059,2,060592
Badajoz,Guareña,06,060,6,060606
Badajoz,"Haba, La",06,061,3,060613
Badajoz,Helechosa de los Montes,06,062,8,060628
Badajoz,Herrera del Duque,06,063,4,060634
Badajoz,Higuera de la Serena,06,064,9,060649
Badajoz,Higuera de Llerena,06,065,2,060652
Badajoz,Higuera de Vargas,06,066,5,060665
Badajoz,Higuera la Real,06,067,1,060671
Badajoz,Hinojosa del Valle,06,068,7,060687
Badajoz,Hornachos,06,069,0,060690
Badajoz,Jerez de los Caballeros,06,070,4,060704
Badajoz,"Lapa, La",06,071,1,060711
Badajoz,Lobón,06,072,6,060726
Badajoz,Llera,06,073,2,060732
Badajoz,Llerena,06,074,7,060747
Badajoz,Magacela,06,075,0,060750
Badajoz,Maguilla,06,076,3,060763
Badajoz,Malcocinado,06,077,9,060779
Badajoz,Malpartida de la Serena,06,078,5,060785
Badajoz,Manchita,06,079,8,060798
Badajoz,Medellín,06,080,2,060802
Badajoz,Medina de las Torres,06,081,9,060819
Badajoz,Mengabril,06,082,4,060824
Badajoz,Mérida,06,083,0,060830
Badajoz,Mirandilla,06,084,5,060845
Badajoz,Monesterio,06,085,8,060858
Badajoz,Montemolín,06,086,1,060861
Badajoz,Monterrubio de la Serena,06,087,7,060877
Badajoz,Montijo,06,088,3,060883
Badajoz,"Morera, La",06,089,6,060896
Badajoz,"Nava de Santiago, La",06,090,0,060900
Badajoz,Navalvillar de Pela,06,091,7,060917
Badajoz,Nogales,06,092,2,060922
Badajoz,Oliva de la Frontera,06,093,8,060938
Badajoz,Oliva de Mérida,06,094,3,060943
Badajoz,Olivenza,06,095,6,060956
Badajoz,Orellana de la Sierra,06,096,9,060969
Badajoz,Orellana la Vieja,06,097,5,060975
Badajoz,Palomas,06,098,1,060981
Badajoz,"Parra, La",06,099,4,060994
Badajoz,Peñalsordo,06,100,8,061008
Badajoz,Peraleda del Zaucejo,06,101,5,061015
Badajoz,Puebla de Alcocer,06,102,0,061020
Badajoz,Puebla de la Calzada,06,103,6,061036
Badajoz,Puebla de la Reina,06,104,1,061041
Badajoz,Puebla del Maestre,06,105,4,061054
Badajoz,Puebla del Prior,06,106,7,061067
Badajoz,Puebla de Obando,06,107,3,061073
Badajoz,Puebla de Sancho Pérez,06,108,9,061089
Badajoz,Quintana de la Serena,06,109,2,061092
Badajoz,Reina,06,110,6,061106
Badajoz,Rena,06,111,3,061113
Badajoz,Retamal de Llerena,06,112,8,061128
Badajoz,Ribera del Fresno,06,113,4,061134
Badajoz,Risco,06,114,9,061149
Badajoz,"Roca de la Sierra, La",06,115,2,061152
Badajoz,Salvaleón,06,116,5,061165
Badajoz,Salvatierra de los Barros,06,117,1,061171
Badajoz,Sancti-Spíritus,06,118,7,061187
Badajoz,San Pedro de Mérida,06,119,0,061190
Badajoz,Santa Amalia,06,120,4,061204
Badajoz,Santa Marta,06,121,1,061211
Badajoz,"Santos de Maimona, Los",06,122,6,061226
Badajoz,San Vicente de Alcántara,06,123,2,061232
Badajoz,Segura de León,06,124,7,061247
Badajoz,Siruela,06,125,0,061250
Badajoz,Solana de los Barros,06,126,3,061263
Badajoz,Talarrubias,06,127,9,061279
Badajoz,Talavera la Real,06,128,5,061285
Badajoz,Táliga,06,129,8,061298
Badajoz,Tamurejo,06,130,2,061302
Badajoz,Torre de Miguel Sesmero,06,131,9,061319
Badajoz,Torremayor,06,132,4,061324
Badajoz,Torremejía,06,133,0,061330
Badajoz,Trasierra,06,134,5,061345
Badajoz,Trujillanos,06,135,8,061358
Badajoz,Usagre,06,136,1,061361
Badajoz,Valdecaballeros,06,137,7,061377
Badajoz,Valdetorres,06,138,3,061383
Badajoz,Valencia de las Torres,06,139,6,061396
Badajoz,Valencia del Mombuey,06,140,0,061400
Badajoz,Valencia del Ventoso,06,141,7,061417
Badajoz,Valverde de Burguillos,06,142,2,061422
Badajoz,Valverde de Leganés,06,143,8,061438
Badajoz,Valverde de Llerena,06,144,3,061443
Badajoz,Valverde de Mérida,06,145,6,061456
Badajoz,Valle de la Serena,06,146,9,061469
Badajoz,Valle de Matamoros,06,147,5,061475
Badajoz,Valle de Santa Ana,06,148,1,061481
Badajoz,Villafranca de los Barros,06,149,4,061494
Badajoz,Villagarcía de la Torre,06,150,7,061507
Badajoz,Villagonzalo,06,151,4,061514
Badajoz,Villalba de los Barros,06,152,9,061529
Badajoz,Villanueva de la Serena,06,153,5,061535
Badajoz,Villanueva del Fresno,06,154,0,061540
Badajoz,Villar del Rey,06,155,3,061553
Badajoz,Villar de Rena,06,156,6,061566
Badajoz,Villarta de los Montes,06,157,2,061572
Badajoz,Zafra,06,158,8,061588
Badajoz,Zahínos,06,159,1,061591
Badajoz,Zalamea de la Serena,06,160,5,061605
Badajoz,Zarza-Capilla,06,161,2,061612
Badajoz,"Zarza, La",06,162,7,061627
Badajoz,Valdelacalzada,06,901,7,069017
Badajoz,Pueblonuevo del Guadiana,06,902,2,069022
Badajoz,Guadiana,06,903,8,069038
"Balears, Illes",Alaró,07,001,2,070012
"Balears, Illes",Alaior,07,002,7,070027
"Balears, Illes",Alcúdia,07,003,3,070033
"Balears, Illes",Algaida,07,004,8,070048
"Balears, Illes",Andratx,07,005,1,070051
"Balears, Illes",Artà,07,006,4,070064
"Balears, Illes",Banyalbufar,07,007,0,070070
"Balears, Illes",Binissalem,07,008,6,070086
"Balears, Illes",Búger,07,009,9,070099
"Balears, Illes",Bunyola,07,010,3,070103
"Balears, Illes",Calvià,07,011,0,070110
"Balears, Illes",Campanet,07,012,5,070125
"Balears, Illes",Campos,07,013,1,070131
"Balears, Illes",Capdepera,07,014,6,070146
"Balears, Illes",Ciutadella de Menorca,07,015,9,070159
"Balears, Illes",Consell,07,016,2,070162
"Balears, Illes",Costitx,07,017,8,070178
"Balears, Illes",Deià,07,018,4,070184
"Balears, Illes",Escorca,07,019,7,070197
"Balears, Illes",Esporles,07,020,1,070201
"Balears, Illes",Estellencs,07,021,8,070218
"Balears, Illes",Felanitx,07,022,3,070223
"Balears, Illes",Ferreries,07,023,9,070239
"Balears, Illes",Formentera,07,024,4,070244
"Balears, Illes",Fornalutx,07,025,7,070257
"Balears, Illes",Eivissa,07,026,0,070260
"Balears, Illes",Inca,07,027,6,070276
"Balears, Illes",Lloret de Vistalegre,07,028,2,070282
"Balears, Illes",Lloseta,07,029,5,070295
"Balears, Illes",Llubí,07,030,9,070309
"Balears, Illes",Llucmajor,07,031,6,070316
"Balears, Illes",Maó,07,032,1,070321
"Balears, Illes",Manacor,07,033,7,070337
"Balears, Illes",Mancor de la Vall,07,034,2,070342
"Balears, Illes",Maria de la Salut,07,035,5,070355
"Balears, Illes",Marratxí,07,036,8,070368
"Balears, Illes","Mercadal, Es",07,037,4,070374
"Balears, Illes",Montuïri,07,038,0,070380
"Balears, Illes",Muro,07,039,3,070393
"Balears, Illes",Palma,07,040,7,070407
"Balears, Illes",Petra,07,041,4,070414
"Balears, Illes",Pollença,07,042,9,070429
"Balears, Illes",Porreres,07,043,5,070435
"Balears, Illes","Pobla, Sa",07,044,0,070440
"Balears, Illes",Puigpunyent,07,045,3,070453
"Balears, Illes",Sant Antoni de Portmany,07,046,6,070466
"Balears, Illes",Sencelles,07,047,2,070472
"Balears, Illes",Sant Josep de sa Talaia,07,048,8,070488
"Balears, Illes",Sant Joan,07,049,1,070491
"Balears, Illes",Sant Joan de Labritja,07,050,4,070504
"Balears, Illes",Sant Llorenç des Cardassar,07,051,1,070511
"Balears, Illes",Sant Lluís,07,052,6,070526
"Balears, Illes",Santa Eugènia,07,053,2,070532
"Balears, Illes",Santa Eulària des Riu,07,054,7,070547
"Balears, Illes",Santa Margalida,07,055,0,070550
"Balears, Illes",Santa María del Camí,07,056,3,070563
"Balears, Illes",Santanyí,07,057,9,070579
"Balears, Illes",Selva,07,058,5,070585
"Balears, Illes","Salines, Ses",07,059,8,070598
"Balears, Illes",Sineu,07,060,2,070602
"Balears, Illes",Sóller,07,061,9,070619
"Balears, Illes",Son Servera,07,062,4,070624
"Balears, Illes",Valldemossa,07,063,0,070630
"Balears, Illes","Castell, Es",07,064,5,070645
"Balears, Illes",Vilafranca de Bonany,07,065,8,070658
"Balears, Illes",Ariany,07,901,3,079013
"Balears, Illes","Migjorn Gran, Es",07,902,8,079028
Barcelona,Abrera,08,001,8,080018
Barcelona,Aguilar de Segarra,08,002,3,080023
Barcelona,Alella,08,003,9,080039
Barcelona,Alpens,08,004,4,080044
Barcelona,"Ametlla del Vallès, L'",08,005,7,080057
Barcelona,Arenys de Mar,08,006,0,080060
Barcelona,Arenys de Munt,08,007,6,080076
Barcelona,Argençola,08,008,2,080082
Barcelona,Argentona,08,009,5,080095
Barcelona,Artés,08,010,9,080109
Barcelona,Avià,08,011,6,080116
Barcelona,Avinyó,08,012,1,080121
Barcelona,Avinyonet del Penedès,08,013,7,080137
Barcelona,Aiguafreda,08,014,2,080142
Barcelona,Badalona,08,015,5,080155
Barcelona,Bagà,08,016,8,080168
Barcelona,Balenyà,08,017,4,080174
Barcelona,Balsareny,08,018,0,080180
Barcelona,Barcelona,08,019,3,080193
Barcelona,Begues,08,020,7,080207
Barcelona,Bellprat,08,021,4,080214
Barcelona,Berga,08,022,9,080229
Barcelona,Bigues i Riells del Fai,08,023,5,080235
Barcelona,Borredà,08,024,0,080240
Barcelona,"Bruc, El",08,025,3,080253
Barcelona,"Brull, El",08,026,6,080266
Barcelona,"Cabanyes, Les",08,027,2,080272
Barcelona,Cabrera d'Anoia,08,028,8,080288
Barcelona,Cabrera de Mar,08,029,1,080291
Barcelona,Cabrils,08,030,5,080305
Barcelona,Calaf,08,031,2,080312
Barcelona,Caldes d'Estrac,08,032,7,080327
Barcelona,Caldes de Montbui,08,033,3,080333
Barcelona,Calders,08,034,8,080348
Barcelona,Calella,08,035,1,080351
Barcelona,Calonge de Segarra,08,036,4,080364
Barcelona,Calldetenes,08,037,0,080370
Barcelona,Callús,08,038,6,080386
Barcelona,Campins,08,039,9,080399
Barcelona,Canet de Mar,08,040,3,080403
Barcelona,Canovelles,08,041,0,080410
Barcelona,Cànoves i Samalús,08,042,5,080425
Barcelona,Canyelles,08,043,1,080431
Barcelona,Capellades,08,044,6,080446
Barcelona,Capolat,08,045,9,080459
Barcelona,Cardedeu,08,046,2,080462
Barcelona,Cardona,08,047,8,080478
Barcelona,Carme,08,048,4,080484
Barcelona,Casserres,08,049,7,080497
Barcelona,Castellar del Riu,08,050,0,080500
Barcelona,Castellar del Vallès,08,051,7,080517
Barcelona,Castellar de n'Hug,08,052,2,080522
Barcelona,Castellbell i el Vilar,08,053,8,080538
Barcelona,Castellbisbal,08,054,3,080543
Barcelona,Castellcir,08,055,6,080556
Barcelona,Castelldefels,08,056,9,080569
Barcelona,Castell de l'Areny,08,057,5,080575
Barcelona,Castellet i la Gornal,08,058,1,080581
Barcelona,Castellfollit del Boix,08,059,4,080594
Barcelona,Castellfollit de Riubregós,08,060,8,080608
Barcelona,Castellgalí,08,061,5,080615
Barcelona,Castellnou de Bages,08,062,0,080620
Barcelona,Castellolí,08,063,6,080636
Barcelona,Castellterçol,08,064,1,080641
Barcelona,Castellví de la Marca,08,065,4,080654
Barcelona,Castellví de Rosanes,08,066,7,080667
Barcelona,Centelles,08,067,3,080673
Barcelona,Cervelló,08,068,9,080689
Barcelona,Collbató,08,069,2,080692
Barcelona,Collsuspina,08,070,6,080706
Barcelona,Copons,08,071,3,080713
Barcelona,Corbera de Llobregat,08,072,8,080728
Barcelona,Cornellà de Llobregat,08,073,4,080734
Barcelona,Cubelles,08,074,9,080749
Barcelona,Dosrius,08,075,2,080752
Barcelona,Esparreguera,08,076,5,080765
Barcelona,Esplugues de Llobregat,08,077,1,080771
Barcelona,"Espunyola, L'",08,078,7,080787
Barcelona,"Estany, L'",08,079,0,080790
Barcelona,Fígols,08,080,4,080804
Barcelona,Fogars de Montclús,08,081,1,080811
Barcelona,Fogars de la Selva,08,082,6,080826
Barcelona,Folgueroles,08,083,2,080832
Barcelona,Fonollosa,08,084,7,080847
Barcelona,Font-rubí,08,085,0,080850
Barcelona,"Franqueses del Vallès, Les",08,086,3,080863
Barcelona,Gallifa,08,087,9,080879
Barcelona,"Garriga, La",08,088,5,080885
Barcelona,Gavà,08,089,8,080898
Barcelona,Gaià,08,090,2,080902
Barcelona,Gelida,08,091,9,080919
Barcelona,Gironella,08,092,4,080924
Barcelona,Gisclareny,08,093,0,080930
Barcelona,"Granada, La",08,094,5,080945
Barcelona,Granera,08,095,8,080958
Barcelona,Granollers,08,096,1,080961
Barcelona,Gualba,08,097,7,080977
Barcelona,Sant Salvador de Guardiola,08,098,3,080983
Barcelona,Guardiola de Berguedà,08,099,6,080996
Barcelona,Gurb,08,100,0,081000
Barcelona,"Hospitalet de Llobregat, L'",08,101,7,081017
Barcelona,Igualada,08,102,2,081022
Barcelona,Jorba,08,103,8,081038
Barcelona,"Llacuna, La",08,104,3,081043
Barcelona,"Llagosta, La",08,105,6,081056
Barcelona,Llinars del Vallès,08,106,9,081069
Barcelona,Lliçà d'Amunt,08,107,5,081075
Barcelona,Lliçà de Vall,08,108,1,081081
Barcelona,Lluçà,08,109,4,081094
Barcelona,Malgrat de Mar,08,110,8,081108
Barcelona,Malla,08,111,5,081115
Barcelona,Manlleu,08,112,0,081120
Barcelona,Manresa,08,113,6,081136
Barcelona,Martorell,08,114,1,081141
Barcelona,Martorelles,08,115,4,081154
Barcelona,"Masies de Roda, Les",08,116,7,081167
Barcelona,"Masies de Voltregà, Les",08,117,3,081173
Barcelona,"Masnou, El",08,118,9,081189
Barcelona,Masquefa,08,119,2,081192
Barcelona,Matadepera,08,120,6,081206
Barcelona,Mataró,08,121,3,081213
Barcelona,Mediona,08,122,8,081228
Barcelona,Molins de Rei,08,123,4,081234
Barcelona,Mollet del Vallès,08,124,9,081249
Barcelona,Montcada i Reixac,08,125,2,081252
Barcelona,Montgat,08,126,5,081265
Barcelona,Monistrol de Montserrat,08,127,1,081271
Barcelona,Monistrol de Calders,08,128,7,081287
Barcelona,Muntanyola,08,129,0,081290
Barcelona,Montclar,08,130,4,081304
Barcelona,Montesquiu,08,131,1,081311
Barcelona,Montmajor,08,132,6,081326
Barcelona,Montmaneu,08,133,2,081332
Barcelona,Figaró-Montmany,08,134,7,081347
Barcelona,Montmeló,08,135,0,081350
Barcelona,Montornès del Vallès,08,136,3,081363
Barcelona,Montseny,08,137,9,081379
Barcelona,Moià,08,138,5,081385
Barcelona,Mura,08,139,8,081398
Barcelona,Navarcles,08,140,2,081402
Barcelona,Navàs,08,141,9,081419
Barcelona,"Nou de Berguedà, La",08,142,4,081424
Barcelona,Òdena,08,143,0,081430
Barcelona,Olvan,08,144,5,081445
Barcelona,Olèrdola,08,145,8,081458
Barcelona,Olesa de Bonesvalls,08,146,1,081461
Barcelona,Olesa de Montserrat,08,147,7,081477
Barcelona,Olivella,08,148,3,081483
Barcelona,Olost,08,149,6,081496
Barcelona,Orís,08,150,9,081509
Barcelona,Oristà,08,151,6,081516
Barcelona,Orpí,08,152,1,081521
Barcelona,Òrrius,08,153,7,081537
Barcelona,Pacs del Penedès,08,154,2,081542
Barcelona,Palafolls,08,155,5,081555
Barcelona,Palau-solità i Plegamans,08,156,8,081568
Barcelona,Pallejà,08,157,4,081574
Barcelona,"Papiol, El",08,158,0,081580
Barcelona,Parets del Vallès,08,159,3,081593
Barcelona,Perafita,08,160,7,081607
Barcelona,Piera,08,161,4,081614
Barcelona,"Hostalets de Pierola, Els",08,162,9,081629
Barcelona,Pineda de Mar,08,163,5,081635
Barcelona,"Pla del Penedès, El",08,164,0,081640
Barcelona,"Pobla de Claramunt, La",08,165,3,081653
Barcelona,"Pobla de Lillet, La",08,166,6,081666
Barcelona,Polinyà,08,167,2,081672
Barcelona,Pontons,08,168,8,081688
Barcelona,"Prat de Llobregat, El",08,169,1,081691
Barcelona,"Prats de Rei, Els",08,170,5,081705
Barcelona,Prats de Lluçanès,08,171,2,081712
Barcelona,Premià de Mar,08,172,7,081727
Barcelona,Puigdàlber,08,174,8,081748
Barcelona,Puig-reig,08,175,1,081751
Barcelona,Pujalt,08,176,4,081764
Barcelona,"Quar, La",08,177,0,081770
Barcelona,Rajadell,08,178,6,081786
Barcelona,Rellinars,08,179,9,081799
Barcelona,Ripollet,08,180,3,081803
Barcelona,"Roca del Vallès, La",08,181,0,081810
Barcelona,"Pont de Vilomara i Rocafort, El",08,182,5,081825
Barcelona,Roda de Ter,08,183,1,081831
Barcelona,Rubí,08,184,6,081846
Barcelona,Rubió,08,185,9,081859
Barcelona,Sabadell,08,187,8,081878
Barcelona,Sagàs,08,188,4,081884
Barcelona,Sant Pere Sallavinera,08,189,7,081897
Barcelona,Saldes,08,190,1,081901
Barcelona,Sallent,08,191,8,081918
Barcelona,Santpedor,08,192,3,081923
Barcelona,Sant Iscle de Vallalta,08,193,9,081939
Barcelona,Sant Adrià de Besòs,08,194,4,081944
Barcelona,Sant Agustí de Lluçanès,08,195,7,081957
Barcelona,Sant Andreu de la Barca,08,196,0,081960
Barcelona,Sant Andreu de Llavaneres,08,197,6,081976
Barcelona,Sant Antoni de Vilamajor,08,198,2,081982
Barcelona,Sant Bartomeu del Grau,08,199,5,081995
Barcelona,Sant Boi de Llobregat,08,200,9,082009
Barcelona,Sant Boi de Lluçanès,08,201,6,082016
Barcelona,Sant Celoni,08,202,1,082021
Barcelona,Sant Cebrià de Vallalta,08,203,7,082037
Barcelona,Sant Climent de Llobregat,08,204,2,082042
Barcelona,Sant Cugat del Vallès,08,205,5,082055
Barcelona,Sant Cugat Sesgarrigues,08,206,8,082068
Barcelona,Sant Esteve de Palautordera,08,207,4,082074
Barcelona,Sant Esteve Sesrovires,08,208,0,082080
Barcelona,Sant Fost de Campsentelles,08,209,3,082093
Barcelona,Sant Feliu de Codines,08,210,7,082107
Barcelona,Sant Feliu de Llobregat,08,211,4,082114
Barcelona,Sant Feliu Sasserra,08,212,9,082129
Barcelona,Sant Fruitós de Bages,08,213,5,082135
Barcelona,Vilassar de Dalt,08,214,0,082140
Barcelona,Sant Hipòlit de Voltregà,08,215,3,082153
Barcelona,Sant Jaume de Frontanyà,08,216,6,082166
Barcelona,Sant Joan Despí,08,217,2,082172
Barcelona,Sant Joan de Vilatorrada,08,218,8,082188
Barcelona,Vilassar de Mar,08,219,1,082191
Barcelona,Sant Julià de Vilatorta,08,220,5,082205
Barcelona,Sant Just Desvern,08,221,2,082212
Barcelona,Sant Llorenç d'Hortons,08,222,7,082227
Barcelona,Sant Llorenç Savall,08,223,3,082233
Barcelona,Sant Martí de Centelles,08,224,8,082248
Barcelona,Sant Martí d'Albars,08,225,1,082251
Barcelona,Sant Martí de Tous,08,226,4,082264
Barcelona,Sant Martí Sarroca,08,227,0,082270
Barcelona,Sant Martí Sesgueioles,08,228,6,082286
Barcelona,Sant Mateu de Bages,08,229,9,082299
Barcelona,Premià de Dalt,08,230,3,082303
Barcelona,Sant Pere de Ribes,08,231,0,082310
Barcelona,Sant Pere de Riudebitlles,08,232,5,082325
Barcelona,Sant Pere de Torelló,08,233,1,082331
Barcelona,Sant Pere de Vilamajor,08,234,6,082346
Barcelona,Sant Pol de Mar,08,235,9,082359
Barcelona,Sant Quintí de Mediona,08,236,2,082362
Barcelona,Sant Quirze de Besora,08,237,8,082378
Barcelona,Sant Quirze del Vallès,08,238,4,082384
Barcelona,Sant Quirze Safaja,08,239,7,082397
Barcelona,Sant Sadurní d'Anoia,08,240,1,082401
Barcelona,Sant Sadurní d'Osormort,08,241,8,082418
Barcelona,Marganell,08,242,3,082423
Barcelona,Santa Cecília de Voltregà,08,243,9,082439
Barcelona,Santa Coloma de Cervelló,08,244,4,082444
Barcelona,Santa Coloma de Gramenet,08,245,7,082457
Barcelona,Santa Eugènia de Berga,08,246,0,082460
Barcelona,Santa Eulàlia de Riuprimer,08,247,6,082476
Barcelona,Santa Eulàlia de Ronçana,08,248,2,082482
Barcelona,Santa Fe del Penedès,08,249,5,082495
Barcelona,Santa Margarida de Montbui,08,250,8,082508
Barcelona,Santa Margarida i els Monjos,08,251,5,082515
Barcelona,Barberà del Vallès,08,252,0,082520
Barcelona,Santa Maria de Besora,08,253,6,082536
Barcelona,"Esquirol, L'",08,254,1,082541
Barcelona,Santa Maria de Merlès,08,255,4,082554
Barcelona,Santa Maria de Martorelles,08,256,7,082567
Barcelona,Santa Maria de Miralles,08,257,3,082573
Barcelona,Santa Maria d'Oló,08,258,9,082589
Barcelona,Santa Maria de Palautordera,08,259,2,082592
Barcelona,Santa Perpètua de Mogoda,08,260,6,082606
Barcelona,Santa Susanna,08,261,3,082613
Barcelona,Sant Vicenç de Castellet,08,262,8,082628
Barcelona,Sant Vicenç dels Horts,08,263,4,082634
Barcelona,Sant Vicenç de Montalt,08,264,9,082649
Barcelona,Sant Vicenç de Torelló,08,265,2,082652
Barcelona,Cerdanyola del Vallès,08,266,5,082665
Barcelona,Sentmenat,08,267,1,082671
Barcelona,Cercs,08,268,7,082687
Barcelona,Seva,08,269,0,082690
Barcelona,Sitges,08,270,4,082704
Barcelona,Sobremunt,08,271,1,082711
Barcelona,Sora,08,272,6,082726
Barcelona,Subirats,08,273,2,082732
Barcelona,Súria,08,274,7,082747
Barcelona,Tavèrnoles,08,275,0,082750
Barcelona,Tagamanent,08,276,3,082763
Barcelona,Talamanca,08,277,9,082779
Barcelona,Taradell,08,278,5,082785
Barcelona,Terrassa,08,279,8,082798
Barcelona,Tavertet,08,280,2,082802
Barcelona,Teià,08,281,9,082819
Barcelona,Tiana,08,282,4,082824
Barcelona,Tona,08,283,0,082830
Barcelona,Tordera,08,284,5,082845
Barcelona,Torelló,08,285,8,082858
Barcelona,"Torre de Claramunt, La",08,286,1,082861
Barcelona,Torrelavit,08,287,7,082877
Barcelona,Torrelles de Foix,08,288,3,082883
Barcelona,Torrelles de Llobregat,08,289,6,082896
Barcelona,Ullastrell,08,290,0,082900
Barcelona,Vacarisses,08,291,7,082917
Barcelona,Vallbona d'Anoia,08,292,2,082922
Barcelona,Vallcebre,08,293,8,082938
Barcelona,Vallgorguina,08,294,3,082943
Barcelona,Vallirana,08,295,6,082956
Barcelona,Vallromanes,08,296,9,082969
Barcelona,Veciana,08,297,5,082975
Barcelona,Vic,08,298,1,082981
Barcelona,Vilada,08,299,4,082994
Barcelona,Viladecavalls,08,300,8,083008
Barcelona,Viladecans,08,301,5,083015
Barcelona,Vilanova del Camí,08,302,0,083020
Barcelona,Vilanova de Sau,08,303,6,083036
Barcelona,Vilobí del Penedès,08,304,1,083041
Barcelona,Vilafranca del Penedès,08,305,4,083054
Barcelona,Vilalba Sasserra,08,306,7,083067
Barcelona,Vilanova i la Geltrú,08,307,3,083073
Barcelona,Viver i Serrateix,08,308,9,083089
Barcelona,Rupit i Pruit,08,901,9,089019
Barcelona,Vilanova del Vallès,08,902,4,089024
Barcelona,Sant Julià de Cerdanyola,08,903,0,089030
Barcelona,Badia del Vallès,08,904,5,089045
Barcelona,"Palma de Cervelló, La",08,905,8,089058
Burgos,Abajas,09,001,1,090011
Burgos,Adrada de Haza,09,003,2,090032
Burgos,Aguas Cándidas,09,006,3,090063
Burgos,Aguilar de Bureba,09,007,9,090079
Burgos,Albillos,09,009,8,090098
Burgos,Alcocero de Mola,09,010,2,090102
Burgos,Alfoz de Bricia,09,011,9,090119
Burgos,Alfoz de Santa Gadea,09,012,4,090124
Burgos,Altable,09,013,0,090130
Burgos,"Altos, Los",09,014,5,090145
Burgos,Ameyugo,09,016,1,090161
Burgos,Anguix,09,017,7,090177
Burgos,Aranda de Duero,09,018,3,090183
Burgos,Arandilla,09,019,6,090196
Burgos,Arauzo de Miel,09,020,0,090200
Burgos,Arauzo de Salce,09,021,7,090217
Burgos,Arauzo de Torre,09,022,2,090222
Burgos,Arcos,09,023,8,090238
Burgos,Arenillas de Riopisuerga,09,024,3,090243
Burgos,Arija,09,025,6,090256
Burgos,Arlanzón,09,026,9,090269
Burgos,Arraya de Oca,09,027,5,090275
Burgos,Atapuerca,09,029,4,090294
Burgos,"Ausines, Los",09,030,8,090308
Burgos,Avellanosa de Muñó,09,032,0,090320
Burgos,Bahabón de Esgueva,09,033,6,090336
Burgos,"Balbases, Los",09,034,1,090341
Burgos,Baños de Valdearados,09,035,4,090354
Burgos,Bañuelos de Bureba,09,036,7,090367
Burgos,Barbadillo de Herreros,09,037,3,090373
Burgos,Barbadillo del Mercado,09,038,9,090389
Burgos,Barbadillo del Pez,09,039,2,090392
Burgos,Barrio de Muñó,09,041,3,090413
Burgos,"Barrios de Bureba, Los",09,043,4,090434
Burgos,Barrios de Colina,09,044,9,090449
Burgos,Basconcillos del Tozo,09,045,2,090452
Burgos,Bascuñana,09,046,5,090465
Burgos,Belbimbre,09,047,1,090471
Burgos,Belorado,09,048,7,090487
Burgos,Berberana,09,050,3,090503
Burgos,Berlangas de Roa,09,051,0,090510
Burgos,Berzosa de Bureba,09,052,5,090525
Burgos,Bozoó,09,054,6,090546
Burgos,Brazacorta,09,055,9,090559
Burgos,Briviesca,09,056,2,090562
Burgos,Bugedo,09,057,8,090578
Burgos,Buniel,09,058,4,090584
Burgos,Burgos,09,059,7,090597
Burgos,Busto de Bureba,09,060,1,090601
Burgos,Cabañes de Esgueva,09,061,8,090618
Burgos,Cabezón de la Sierra,09,062,3,090623
Burgos,Cavia,09,063,9,090639
Burgos,Caleruega,09,064,4,090644
Burgos,Campillo de Aranda,09,065,7,090657
Burgos,Campolara,09,066,0,090660
Burgos,Canicosa de la Sierra,09,067,6,090676
Burgos,Cantabrana,09,068,2,090682
Burgos,Carazo,09,070,9,090709
Burgos,Carcedo de Bureba,09,071,6,090716
Burgos,Carcedo de Burgos,09,072,1,090721
Burgos,Cardeñadijo,09,073,7,090737
Burgos,Cardeñajimeno,09,074,2,090742
Burgos,Cardeñuela Riopico,09,075,5,090755
Burgos,Carrias,09,076,8,090768
Burgos,Cascajares de Bureba,09,077,4,090774
Burgos,Cascajares de la Sierra,09,078,0,090780
Burgos,Castellanos de Castro,09,079,3,090793
Burgos,Castildelgado,09,082,9,090829
Burgos,Castil de Peones,09,083,5,090835
Burgos,Castrillo de la Reina,09,084,0,090840
Burgos,Castrillo de la Vega,09,085,3,090853
Burgos,Castrillo del Val,09,086,6,090866
Burgos,Castrillo de Riopisuerga,09,088,8,090888
Burgos,Castrillo Mota de Judíos,09,090,5,090905
Burgos,Castrojeriz,09,091,2,090912
Burgos,Cayuela,09,093,3,090933
Burgos,Cebrecos,09,094,8,090948
Burgos,Celada del Camino,09,095,1,090951
Burgos,Cerezo de Río Tirón,09,098,6,090986
Burgos,Cerratón de Juarros,09,100,3,091003
Burgos,Ciadoncha,09,101,0,091010
Burgos,Cillaperlata,09,102,5,091025
Burgos,Cilleruelo de Abajo,09,103,1,091031
Burgos,Cilleruelo de Arriba,09,104,6,091046
Burgos,Ciruelos de Cervera,09,105,9,091059
Burgos,Cogollos,09,108,4,091084
Burgos,Condado de Treviño,09,109,7,091097
Burgos,Contreras,09,110,1,091101
Burgos,Coruña del Conde,09,112,3,091123
Burgos,Covarrubias,09,113,9,091139
Burgos,Cubillo del Campo,09,114,4,091144
Burgos,Cubo de Bureba,09,115,7,091157
Burgos,"Cueva de Roa, La",09,117,6,091176
Burgos,Cuevas de San Clemente,09,119,5,091195
Burgos,Encío,09,120,9,091209
Burgos,Espinosa de Cervera,09,122,1,091221
Burgos,Espinosa del Camino,09,123,7,091237
Burgos,Espinosa de los Monteros,09,124,2,091242
Burgos,Estépar,09,125,5,091255
Burgos,Fontioso,09,127,4,091274
Burgos,Frandovínez,09,128,0,091280
Burgos,Fresneda de la Sierra Tirón,09,129,3,091293
Burgos,Fresneña,09,130,7,091307
Burgos,Fresnillo de las Dueñas,09,131,4,091314
Burgos,Fresno de Río Tirón,09,132,9,091329
Burgos,Fresno de Rodilla,09,133,5,091335
Burgos,Frías,09,134,0,091340
Burgos,Fuentebureba,09,135,3,091353
Burgos,Fuentecén,09,136,6,091366
Burgos,Fuentelcésped,09,137,2,091372
Burgos,Fuentelisendo,09,138,8,091388
Burgos,Fuentemolinos,09,139,1,091391
Burgos,Fuentenebro,09,140,5,091405
Burgos,Fuentespina,09,141,2,091412
Burgos,Galbarros,09,143,3,091433
Burgos,"Gallega, La",09,144,8,091448
Burgos,Grijalba,09,148,6,091486
Burgos,Grisaleña,09,149,9,091499
Burgos,Gumiel de Izán,09,151,9,091519
Burgos,Gumiel de Mercado,09,152,4,091524
Burgos,Hacinas,09,154,5,091545
Burgos,Haza,09,155,8,091558
Burgos,Hontanas,09,159,6,091596
Burgos,Hontangas,09,160,0,091600
Burgos,Hontoria de la Cantera,09,162,2,091622
Burgos,Hontoria del Pinar,09,163,8,091638
Burgos,Hontoria de Valdearados,09,164,3,091643
Burgos,"Hormazas, Las",09,166,9,091669
Burgos,Hornillos del Camino,09,167,5,091675
Burgos,"Horra, La",09,168,1,091681
Burgos,Hortigüela,09,169,4,091694
Burgos,Hoyales de Roa,09,170,8,091708
Burgos,Huérmeces,09,172,0,091720
Burgos,Huerta de Arriba,09,173,6,091736
Burgos,Huerta de Rey,09,174,1,091741
Burgos,Humada,09,175,4,091754
Burgos,Hurones,09,176,7,091767
Burgos,Ibeas de Juarros,09,177,3,091773
Burgos,Ibrillos,09,178,9,091789
Burgos,Iglesiarrubia,09,179,2,091792
Burgos,Iglesias,09,180,6,091806
Burgos,Isar,09,181,3,091813
Burgos,Itero del Castillo,09,182,8,091828
Burgos,Jaramillo de la Fuente,09,183,4,091834
Burgos,Jaramillo Quemado,09,184,9,091849
Burgos,Junta de Traslaloma,09,189,0,091890
Burgos,Junta de Villalba de Losa,09,190,4,091904
Burgos,Jurisdicción de Lara,09,191,1,091911
Burgos,Jurisdicción de San Zadornil,09,192,6,091926
Burgos,Lerma,09,194,7,091947
Burgos,Llano de Bureba,09,195,0,091950
Burgos,Madrigal del Monte,09,196,3,091963
Burgos,Madrigalejo del Monte,09,197,9,091979
Burgos,Mahamud,09,198,5,091985
Burgos,Mambrilla de Castrejón,09,199,8,091998
Burgos,Mambrillas de Lara,09,200,2,092002
Burgos,Mamolar,09,201,9,092019
Burgos,Manciles,09,202,4,092024
Burgos,Mazuela,09,206,1,092061
Burgos,Mecerreyes,09,208,3,092083
Burgos,Medina de Pomar,09,209,6,092096
Burgos,Melgar de Fernamental,09,211,7,092117
Burgos,Merindad de Cuesta-Urria,09,213,8,092138
Burgos,Merindad de Montija,09,214,3,092143
Burgos,Merindad de Sotoscueva,09,215,6,092156
Burgos,Merindad de Valdeporres,09,216,9,092169
Burgos,Merindad de Valdivielso,09,217,5,092175
Burgos,Milagros,09,218,1,092181
Burgos,Miranda de Ebro,09,219,4,092194
Burgos,Miraveche,09,220,8,092208
Burgos,Modúbar de la Emparedada,09,221,5,092215
Burgos,Monasterio de la Sierra,09,223,6,092236
Burgos,Monasterio de Rodilla,09,224,1,092241
Burgos,Moncalvillo,09,225,4,092254
Burgos,Monterrubio de la Demanda,09,226,7,092267
Burgos,Montorio,09,227,3,092273
Burgos,Moradillo de Roa,09,228,9,092289
Burgos,Nava de Roa,09,229,2,092292
Burgos,Navas de Bureba,09,230,6,092306
Burgos,Nebreda,09,231,3,092313
Burgos,Neila,09,232,8,092328
Burgos,Olmedillo de Roa,09,235,2,092352
Burgos,Olmillos de Muñó,09,236,5,092365
Burgos,Oña,09,238,7,092387
Burgos,Oquillas,09,239,0,092390
Burgos,Orbaneja Riopico,09,241,1,092411
Burgos,Padilla de Abajo,09,242,6,092426
Burgos,Padilla de Arriba,09,243,2,092432
Burgos,Padrones de Bureba,09,244,7,092447
Burgos,Palacios de la Sierra,09,246,3,092463
Burgos,Palacios de Riopisuerga,09,247,9,092479
Burgos,Palazuelos de la Sierra,09,248,5,092485
Burgos,Palazuelos de Muñó,09,249,8,092498
Burgos,Pampliega,09,250,1,092501
Burgos,Pancorbo,09,251,8,092518
Burgos,Pardilla,09,253,9,092539
Burgos,Partido de la Sierra en Tobalina,09,255,7,092557
Burgos,Pedrosa de Duero,09,256,0,092560
Burgos,Pedrosa del Páramo,09,257,6,092576
Burgos,Pedrosa del Príncipe,09,258,2,092582
Burgos,Pedrosa de Río Úrbel,09,259,5,092595
Burgos,Peñaranda de Duero,09,261,6,092616
Burgos,Peral de Arlanza,09,262,1,092621
Burgos,Piérnigas,09,265,5,092655
Burgos,Pineda de la Sierra,09,266,8,092668
Burgos,Pineda Trasmonte,09,267,4,092674
Burgos,Pinilla de los Barruecos,09,268,0,092680
Burgos,Pinilla de los Moros,09,269,3,092693
Burgos,Pinilla Trasmonte,09,270,7,092707
Burgos,Poza de la Sal,09,272,9,092729
Burgos,Prádanos de Bureba,09,273,5,092735
Burgos,Pradoluengo,09,274,0,092740
Burgos,Presencio,09,275,3,092753
Burgos,"Puebla de Arganzón, La",09,276,6,092766
Burgos,Puentedura,09,277,2,092772
Burgos,Quemada,09,279,1,092791
Burgos,Quintanabureba,09,280,5,092805
Burgos,Quintana del Pidio,09,281,2,092812
Burgos,Quintanaélez,09,283,3,092833
Burgos,Quintanaortuño,09,287,0,092870
Burgos,Quintanapalla,09,288,6,092886
Burgos,Quintanar de la Sierra,09,289,9,092899
Burgos,Quintanavides,09,292,5,092925
Burgos,Quintanilla de la Mata,09,294,6,092946
Burgos,Quintanilla del Coco,09,295,9,092959
Burgos,"Quintanillas, Las",09,297,8,092978
Burgos,Quintanilla San García,09,298,4,092984
Burgos,Quintanilla Vivar,09,301,8,093018
Burgos,Rabanera del Pinar,09,302,3,093023
Burgos,Rábanos,09,303,9,093039
Burgos,Rabé de las Calzadas,09,304,4,093044
Burgos,Rebolledo de la Torre,09,306,0,093060
Burgos,Redecilla del Camino,09,307,6,093076
Burgos,Redecilla del Campo,09,308,2,093082
Burgos,Regumiel de la Sierra,09,309,5,093095
Burgos,Reinoso,09,310,9,093109
Burgos,Retuerta,09,311,6,093116
Burgos,"Revilla y Ahedo, La",09,312,1,093121
Burgos,Revilla del Campo,09,314,2,093142
Burgos,Revillarruz,09,315,5,093155
Burgos,Revilla Vallejera,09,316,8,093168
Burgos,Rezmondo,09,317,4,093174
Burgos,Riocavado de la Sierra,09,318,0,093180
Burgos,Roa,09,321,4,093214
Burgos,Rojas,09,323,5,093235
Burgos,Royuela de Río Franco,09,325,3,093253
Burgos,Rubena,09,326,6,093266
Burgos,Rublacedo de Abajo,09,327,2,093272
Burgos,Rucandio,09,328,8,093288
Burgos,Salas de Bureba,09,329,1,093291
Burgos,Salas de los Infantes,09,330,5,093305
Burgos,Saldaña de Burgos,09,332,7,093327
Burgos,Salinillas de Bureba,09,334,8,093348
Burgos,San Adrián de Juarros,09,335,1,093351
Burgos,San Juan del Monte,09,337,0,093370
Burgos,San Mamés de Burgos,09,338,6,093386
Burgos,San Martín de Rubiales,09,339,9,093399
Burgos,San Millán de Lara,09,340,3,093403
Burgos,Santa Cecilia,09,343,1,093431
Burgos,Santa Cruz de la Salceda,09,345,9,093459
Burgos,Santa Cruz del Valle Urbión,09,346,2,093462
Burgos,Santa Gadea del Cid,09,347,8,093478
Burgos,Santa Inés,09,348,4,093484
Burgos,Santa María del Campo,09,350,0,093500
Burgos,Santa María del Invierno,09,351,7,093517
Burgos,Santa María del Mercadillo,09,352,2,093522
Burgos,Santa María Ribarredonda,09,353,8,093538
Burgos,Santa Olalla de Bureba,09,354,3,093543
Burgos,Santibáñez de Esgueva,09,355,6,093556
Burgos,Santibáñez del Val,09,356,9,093569
Burgos,Santo Domingo de Silos,09,358,1,093581
Burgos,San Vicente del Valle,09,360,8,093608
Burgos,Sargentes de la Lora,09,361,5,093615
Burgos,Sarracín,09,362,0,093620
Burgos,Sasamón,09,363,6,093636
Burgos,"Sequera de Haza, La",09,365,4,093654
Burgos,Solarana,09,366,7,093667
Burgos,Sordillos,09,368,9,093689
Burgos,Sotillo de la Ribera,09,369,2,093692
Burgos,Sotragero,09,372,8,093728
Burgos,Sotresgudo,09,373,4,093734
Burgos,Susinos del Páramo,09,374,9,093749
Burgos,Tamarón,09,375,2,093752
Burgos,Tardajos,09,377,1,093771
Burgos,Tejada,09,378,7,093787
Burgos,Terradillos de Esgueva,09,380,4,093804
Burgos,Tinieblas de la Sierra,09,381,1,093811
Burgos,Tobar,09,382,6,093826
Burgos,Tordómar,09,384,7,093847
Burgos,Torrecilla del Monte,09,386,3,093863
Burgos,Torregalindo,09,387,9,093879
Burgos,Torrelara,09,388,5,093885
Burgos,Torrepadre,09,389,8,093898
Burgos,Torresandino,09,390,2,093902
Burgos,Tórtoles de Esgueva,09,391,9,093919
Burgos,Tosantos,09,392,4,093924
Burgos,Trespaderne,09,394,5,093945
Burgos,Tubilla del Agua,09,395,8,093958
Burgos,Tubilla del Lago,09,396,1,093961
Burgos,Úrbel del Castillo,09,398,3,093983
Burgos,Vadocondes,09,400,0,094000
Burgos,Valdeande,09,403,8,094038
Burgos,Valdezate,09,405,6,094056
Burgos,Valdorros,09,406,9,094069
Burgos,Valmala,09,407,5,094075
Burgos,Vallarta de Bureba,09,408,1,094081
Burgos,Valle de Manzanedo,09,409,4,094094
Burgos,Valle de Mena,09,410,8,094108
Burgos,Valle de Oca,09,411,5,094115
Burgos,Valle de Tobalina,09,412,0,094120
Burgos,Valle de Valdebezana,09,413,6,094136
Burgos,Valle de Valdelaguna,09,414,1,094141
Burgos,Valle de Valdelucio,09,415,4,094154
Burgos,Valle de Zamanzas,09,416,7,094167
Burgos,Vallejera,09,417,3,094173
Burgos,Valles de Palenzuela,09,418,9,094189
Burgos,Valluércanes,09,419,2,094192
Burgos,"Vid y Barrios, La",09,421,3,094213
Burgos,"Vid de Bureba, La",09,422,8,094228
Burgos,Vileña,09,423,4,094234
Burgos,Viloria de Rioja,09,424,9,094249
Burgos,Vilviestre del Pinar,09,425,2,094252
Burgos,Villadiego,09,427,1,094271
Burgos,Villaescusa de Roa,09,428,7,094287
Burgos,Villaescusa la Sombría,09,429,0,094290
Burgos,Villaespasa,09,430,4,094304
Burgos,Villafranca Montes de Oca,09,431,1,094311
Burgos,Villafruela,09,432,6,094326
Burgos,Villagalijo,09,433,2,094332
Burgos,Villagonzalo Pedernales,09,434,7,094347
Burgos,Villahoz,09,437,9,094379
Burgos,Villalba de Duero,09,438,5,094385
Burgos,Villalbilla de Burgos,09,439,8,094398
Burgos,Villalbilla de Gumiel,09,440,2,094402
Burgos,Villaldemiro,09,441,9,094419
Burgos,Villalmanzo,09,442,4,094424
Burgos,Villamayor de los Montes,09,443,0,094430
Burgos,Villamayor de Treviño,09,444,5,094445
Burgos,Villambistia,09,445,8,094458
Burgos,Villamedianilla,09,446,1,094461
Burgos,Villamiel de la Sierra,09,447,7,094477
Burgos,Villangómez,09,448,3,094483
Burgos,Villanueva de Argaño,09,449,6,094496
Burgos,Villanueva de Carazo,09,450,9,094509
Burgos,Villanueva de Gumiel,09,451,6,094516
Burgos,Villanueva de Teba,09,454,2,094542
Burgos,Villaquirán de la Puebla,09,455,5,094555
Burgos,Villaquirán de los Infantes,09,456,8,094568
Burgos,Villariezo,09,458,0,094580
Burgos,Villasandino,09,460,7,094607
Burgos,Villasur de Herreros,09,463,5,094635
Burgos,Villatuelda,09,464,0,094640
Burgos,Villaverde del Monte,09,466,6,094666
Burgos,Villaverde-Mogina,09,467,2,094672
Burgos,Villayerno Morquillas,09,471,2,094712
Burgos,Villazopeque,09,472,7,094727
Burgos,Villegas,09,473,3,094733
Burgos,Villoruebo,09,476,4,094764
Burgos,Vizcaínos,09,478,6,094786
Burgos,Zael,09,480,3,094803
Burgos,Zarzosa de Río Pisuerga,09,482,5,094825
Burgos,Zazuar,09,483,1,094831
Burgos,Zuñeda,09,485,9,094859
Burgos,Quintanilla del Agua y Tordueles,09,901,2,099012
Burgos,Valle de Santibáñez,09,902,7,099027
Burgos,Villarcayo de Merindad de Castilla la Vieja,09,903,3,099033
Burgos,Valle de las Navas,09,904,8,099048
Burgos,Valle de Sedano,09,905,1,099051
Burgos,Merindad de Río Ubierna,09,906,4,099064
Burgos,Alfoz de Quintanadueñas,09,907,0,099070
Burgos,Valle de Losa,09,908,6,099086
Cáceres,Abadía,10,001,5,100015
Cáceres,Abertura,10,002,0,100020
Cáceres,Acebo,10,003,6,100036
Cáceres,Acehúche,10,004,1,100041
Cáceres,Aceituna,10,005,4,100054
Cáceres,Ahigal,10,006,7,100067
Cáceres,Albalá,10,007,3,100073
Cáceres,Alcántara,10,008,9,100089
Cáceres,Alcollarín,10,009,2,100092
Cáceres,Alcuéscar,10,010,6,100106
Cáceres,Aldeacentenera,10,011,3,100113
Cáceres,Aldea del Cano,10,012,8,100128
Cáceres,"Aldea del Obispo, La",10,013,4,100134
Cáceres,Aldeanueva de la Vera,10,014,9,100149
Cáceres,Aldeanueva del Camino,10,015,2,100152
Cáceres,Aldehuela del Jerte,10,016,5,100165
Cáceres,Alía,10,017,1,100171
Cáceres,Aliseda,10,018,7,100187
Cáceres,Almaraz,10,019,0,100190
Cáceres,Almoharín,10,020,4,100204
Cáceres,Arroyo de la Luz,10,021,1,100211
Cáceres,Arroyomolinos de la Vera,10,022,6,100226
Cáceres,Arroyomolinos,10,023,2,100232
Cáceres,Baños de Montemayor,10,024,7,100247
Cáceres,Barrado,10,025,0,100250
Cáceres,Belvís de Monroy,10,026,3,100263
Cáceres,Benquerencia,10,027,9,100279
Cáceres,Berrocalejo,10,028,5,100285
Cáceres,Berzocana,10,029,8,100298
Cáceres,Bohonal de Ibor,10,030,2,100302
Cáceres,Botija,10,031,9,100319
Cáceres,Brozas,10,032,4,100324
Cáceres,Cabañas del Castillo,10,033,0,100330
Cáceres,Cabezabellosa,10,034,5,100345
Cáceres,Cabezuela del Valle,10,035,8,100358
Cáceres,Cabrero,10,036,1,100361
Cáceres,Cáceres,10,037,7,100377
Cáceres,Cachorrilla,10,038,3,100383
Cáceres,Cadalso,10,039,6,100396
Cáceres,Calzadilla,10,040,0,100400
Cáceres,Caminomorisco,10,041,7,100417
Cáceres,Campillo de Deleitosa,10,042,2,100422
Cáceres,Campo Lugar,10,043,8,100438
Cáceres,Cañamero,10,044,3,100443
Cáceres,Cañaveral,10,045,6,100456
Cáceres,Carbajo,10,046,9,100469
Cáceres,Carcaboso,10,047,5,100475
Cáceres,Carrascalejo,10,048,1,100481
Cáceres,Casar de Cáceres,10,049,4,100494
Cáceres,Casar de Palomero,10,050,7,100507
Cáceres,Casares de las Hurdes,10,051,4,100514
Cáceres,Casas de Don Antonio,10,052,9,100529
Cáceres,Casas de Don Gómez,10,053,5,100535
Cáceres,Casas del Castañar,10,054,0,100540
Cáceres,Casas del Monte,10,055,3,100553
Cáceres,Casas de Millán,10,056,6,100566
Cáceres,Casas de Miravete,10,057,2,100572
Cáceres,Casatejada,10,058,8,100588
Cáceres,Casillas de Coria,10,059,1,100591
Cáceres,Castañar de Ibor,10,060,5,100605
Cáceres,Ceclavín,10,061,2,100612
Cáceres,Cedillo,10,062,7,100627
Cáceres,Cerezo,10,063,3,100633
Cáceres,Cilleros,10,064,8,100648
Cáceres,Collado de la Vera,10,065,1,100651
Cáceres,Conquista de la Sierra,10,066,4,100664
Cáceres,Coria,10,067,0,100670
Cáceres,Cuacos de Yuste,10,068,6,100686
Cáceres,"Cumbre, La",10,069,9,100699
Cáceres,Deleitosa,10,070,3,100703
Cáceres,Descargamaría,10,071,0,100710
Cáceres,Eljas,10,072,5,100725
Cáceres,Escurial,10,073,1,100731
Cáceres,Fresnedoso de Ibor,10,075,9,100759
Cáceres,Galisteo,10,076,2,100762
Cáceres,Garciaz,10,077,8,100778
Cáceres,"Garganta, La",10,078,4,100784
Cáceres,Garganta la Olla,10,079,7,100797
Cáceres,Gargantilla,10,080,1,100801
Cáceres,Gargüera,10,081,8,100818
Cáceres,Garrovillas de Alconétar,10,082,3,100823
Cáceres,Garvín,10,083,9,100839
Cáceres,Gata,10,084,4,100844
Cáceres,"Gordo, El",10,085,7,100857
Cáceres,"Granja, La",10,086,0,100860
Cáceres,Guadalupe,10,087,6,100876
Cáceres,Guijo de Coria,10,088,2,100882
Cáceres,Guijo de Galisteo,10,089,5,100895
Cáceres,Guijo de Granadilla,10,090,9,100909
Cáceres,Guijo de Santa Bárbara,10,091,6,100916
Cáceres,Herguijuela,10,092,1,100921
Cáceres,Hernán-Pérez,10,093,7,100937
Cáceres,Herrera de Alcántara,10,094,2,100942
Cáceres,Herreruela,10,095,5,100955
Cáceres,Hervás,10,096,8,100968
Cáceres,Higuera de Albalat,10,097,4,100974
Cáceres,Hinojal,10,098,0,100980
Cáceres,Holguera,10,099,3,100993
Cáceres,Hoyos,10,100,7,101007
Cáceres,Huélaga,10,101,4,101014
Cáceres,Ibahernando,10,102,9,101029
Cáceres,Jaraicejo,10,103,5,101035
Cáceres,Jaraíz de la Vera,10,104,0,101040
Cáceres,Jarandilla de la Vera,10,105,3,101053
Cáceres,Jarilla,10,106,6,101066
Cáceres,Jerte,10,107,2,101072
Cáceres,Ladrillar,10,108,8,101088
Cáceres,Logrosán,10,109,1,101091
Cáceres,Losar de la Vera,10,110,5,101105
Cáceres,Madrigal de la Vera,10,111,2,101112
Cáceres,Madrigalejo,10,112,7,101127
Cáceres,Madroñera,10,113,3,101133
Cáceres,Majadas,10,114,8,101148
Cáceres,Malpartida de Cáceres,10,115,1,101151
Cáceres,Malpartida de Plasencia,10,116,4,101164
Cáceres,Marchagaz,10,117,0,101170
Cáceres,Mata de Alcántara,10,118,6,101186
Cáceres,Membrío,10,119,9,101199
Cáceres,Mesas de Ibor,10,120,3,101203
Cáceres,Miajadas,10,121,0,101210
Cáceres,Millanes,10,122,5,101225
Cáceres,Mirabel,10,123,1,101231
Cáceres,Mohedas de Granadilla,10,124,6,101246
Cáceres,Monroy,10,125,9,101259
Cáceres,Montánchez,10,126,2,101262
Cáceres,Montehermoso,10,127,8,101278
Cáceres,Moraleja,10,128,4,101284
Cáceres,Morcillo,10,129,7,101297
Cáceres,Navaconcejo,10,130,1,101301
Cáceres,Navalmoral de la Mata,10,131,8,101318
Cáceres,Navalvillar de Ibor,10,132,3,101323
Cáceres,Navas del Madroño,10,133,9,101339
Cáceres,Navezuelas,10,134,4,101344
Cáceres,Nuñomoral,10,135,7,101357
Cáceres,Oliva de Plasencia,10,136,0,101360
Cáceres,Palomero,10,137,6,101376
Cáceres,Pasarón de la Vera,10,138,2,101382
Cáceres,Pedroso de Acim,10,139,5,101395
Cáceres,Peraleda de la Mata,10,140,9,101409
Cáceres,Peraleda de San Román,10,141,6,101416
Cáceres,Perales del Puerto,10,142,1,101421
Cáceres,Pescueza,10,143,7,101437
Cáceres,"Pesga, La",10,144,2,101442
Cáceres,Piedras Albas,10,145,5,101455
Cáceres,Pinofranqueado,10,146,8,101468
Cáceres,Piornal,10,147,4,101474
Cáceres,Plasencia,10,148,0,101480
Cáceres,Plasenzuela,10,149,3,101493
Cáceres,Portaje,10,150,6,101506
Cáceres,Portezuelo,10,151,3,101513
Cáceres,Pozuelo de Zarzón,10,152,8,101528
Cáceres,Puerto de Santa Cruz,10,153,4,101534
Cáceres,Rebollar,10,154,9,101549
Cáceres,Riolobos,10,155,2,101552
Cáceres,Robledillo de Gata,10,156,5,101565
Cáceres,Robledillo de la Vera,10,157,1,101571
Cáceres,Robledillo de Trujillo,10,158,7,101587
Cáceres,Robledollano,10,159,0,101590
Cáceres,Romangordo,10,160,4,101604
Cáceres,Ruanes,10,161,1,101611
Cáceres,Salorino,10,162,6,101626
Cáceres,Salvatierra de Santiago,10,163,2,101632
Cáceres,San Martín de Trevejo,10,164,7,101647
Cáceres,Santa Ana,10,165,0,101650
Cáceres,Santa Cruz de la Sierra,10,166,3,101663
Cáceres,Santa Cruz de Paniagua,10,167,9,101679
Cáceres,Santa Marta de Magasca,10,168,5,101685
Cáceres,Santiago de Alcántara,10,169,8,101698
Cáceres,Santiago del Campo,10,170,2,101702
Cáceres,Santibáñez el Alto,10,171,9,101719
Cáceres,Santibáñez el Bajo,10,172,4,101724
Cáceres,Saucedilla,10,173,0,101730
Cáceres,Segura de Toro,10,174,5,101745
Cáceres,Serradilla,10,175,8,101758
Cáceres,Serrejón,10,176,1,101761
Cáceres,Sierra de Fuentes,10,177,7,101777
Cáceres,Talaván,10,178,3,101783
Cáceres,Talaveruela de la Vera,10,179,6,101796
Cáceres,Talayuela,10,180,0,101800
Cáceres,Tejeda de Tiétar,10,181,7,101817
Cáceres,Toril,10,182,2,101822
Cáceres,Tornavacas,10,183,8,101838
Cáceres,"Torno, El",10,184,3,101843
Cáceres,Torrecilla de los Ángeles,10,185,6,101856
Cáceres,Torrecillas de la Tiesa,10,186,9,101869
Cáceres,Torre de Don Miguel,10,187,5,101875
Cáceres,Torre de Santa María,10,188,1,101881
Cáceres,Torrejoncillo,10,189,4,101894
Cáceres,Torrejón el Rubio,10,190,8,101908
Cáceres,Torremenga,10,191,5,101915
Cáceres,Torremocha,10,192,0,101920
Cáceres,Torreorgaz,10,193,6,101936
Cáceres,Torrequemada,10,194,1,101941
Cáceres,Trujillo,10,195,4,101954
Cáceres,Valdastillas,10,196,7,101967
Cáceres,Valdecañas de Tajo,10,197,3,101973
Cáceres,Valdefuentes,10,198,9,101989
Cáceres,Valdehúncar,10,199,2,101992
Cáceres,Valdelacasa de Tajo,10,200,6,102006
Cáceres,Valdemorales,10,201,3,102013
Cáceres,Valdeobispo,10,202,8,102028
Cáceres,Valencia de Alcántara,10,203,4,102034
Cáceres,Valverde de la Vera,10,204,9,102049
Cáceres,Valverde del Fresno,10,205,2,102052
Cáceres,Viandar de la Vera,10,206,5,102065
Cáceres,Villa del Campo,10,207,1,102071
Cáceres,Villa del Rey,10,208,7,102087
Cáceres,Villamesías,10,209,0,102090
Cáceres,Villamiel,10,210,4,102104
Cáceres,Villanueva de la Sierra,10,211,1,102111
Cáceres,Villanueva de la Vera,10,212,6,102126
Cáceres,Villar del Pedroso,10,213,2,102132
Cáceres,Villar de Plasencia,10,214,7,102147
Cáceres,Villasbuenas de Gata,10,215,0,102150
Cáceres,Zarza de Granadilla,10,216,3,102163
Cáceres,Zarza de Montánchez,10,217,9,102179
Cáceres,Zarza la Mayor,10,218,5,102185
Cáceres,Zorita,10,219,8,102198
Cáceres,Rosalejo,10,901,6,109016
Cáceres,Vegaviana,10,902,1,109021
Cáceres,Alagón del Río,10,903,7,109037
Cáceres,Tiétar,10,904,2,109042
Cáceres,Pueblonuevo de Miramontes,10,905,5,109055
Cádiz,Alcalá de los Gazules,11,001,2,110012
Cádiz,Alcalá del Valle,11,002,7,110027
Cádiz,Algar,11,003,3,110033
Cádiz,Algeciras,11,004,8,110048
Cádiz,Algodonales,11,005,1,110051
Cádiz,Arcos de la Frontera,11,006,4,110064
Cádiz,Barbate,11,007,0,110070
Cádiz,"Barrios, Los",11,008,6,110086
Cádiz,Benaocaz,11,009,9,110099
Cádiz,Bornos,11,010,3,110103
Cádiz,"Bosque, El",11,011,0,110110
Cádiz,Cádiz,11,012,5,110125
Cádiz,Castellar de la Frontera,11,013,1,110131
Cádiz,Conil de la Frontera,11,014,6,110146
Cádiz,Chiclana de la Frontera,11,015,9,110159
Cádiz,Chipiona,11,016,2,110162
Cádiz,Espera,11,017,8,110178
Cádiz,"Gastor, El",11,018,4,110184
Cádiz,Grazalema,11,019,7,110197
Cádiz,Jerez de la Frontera,11,020,1,110201
Cádiz,Jimena de la Frontera,11,021,8,110218
Cádiz,"Línea de la Concepción, La",11,022,3,110223
Cádiz,Medina Sidonia,11,023,9,110239
Cádiz,Olvera,11,024,4,110244
Cádiz,Paterna de Rivera,11,025,7,110257
Cádiz,Prado del Rey,11,026,0,110260
Cádiz,"Puerto de Santa María, El",11,027,6,110276
Cádiz,Puerto Real,11,028,2,110282
Cádiz,Puerto Serrano,11,029,5,110295
Cádiz,Rota,11,030,9,110309
Cádiz,San Fernando,11,031,6,110316
Cádiz,Sanlúcar de Barrameda,11,032,1,110321
Cádiz,San Roque,11,033,7,110337
Cádiz,Setenil de las Bodegas,11,034,2,110342
Cádiz,Tarifa,11,035,5,110355
Cádiz,Torre Alháquime,11,036,8,110368
Cádiz,Trebujena,11,037,4,110374
Cádiz,Ubrique,11,038,0,110380
Cádiz,Vejer de la Frontera,11,039,3,110393
Cádiz,Villaluenga del Rosario,11,040,7,110407
Cádiz,Villamartín,11,041,4,110414
Cádiz,Zahara,11,042,9,110429
Cádiz,Benalup-Casas Viejas,11,901,3,119013
Cádiz,San José del Valle,11,902,8,119028
Cádiz,San Martín del Tesorillo,11,903,4,119034
Castellón/Castelló,Atzeneta del Maestrat,12,001,7,120017
Castellón/Castelló,Aín,12,002,2,120022
Castellón/Castelló,Albocàsser,12,003,8,120038
Castellón/Castelló,Alcalà de Xivert,12,004,3,120043
Castellón/Castelló,"Alcora, l'",12,005,6,120056
Castellón/Castelló,Alcudia de Veo,12,006,9,120069
Castellón/Castelló,Alfondeguilla,12,007,5,120075
Castellón/Castelló,Algimia de Almonacid,12,008,1,120081
Castellón/Castelló,Almassora,12,009,4,120094
Castellón/Castelló,Almedíjar,12,010,8,120108
Castellón/Castelló,Almenara,12,011,5,120115
Castellón/Castelló,Altura,12,012,0,120120
Castellón/Castelló,Arañuel,12,013,6,120136
Castellón/Castelló,Ares del Maestrat,12,014,1,120141
Castellón/Castelló,Argelita,12,015,4,120154
Castellón/Castelló,Artana,12,016,7,120167
Castellón/Castelló,Ayódar,12,017,3,120173
Castellón/Castelló,Azuébar,12,018,9,120189
Castellón/Castelló,Barracas,12,020,6,120206
Castellón/Castelló,Betxí,12,021,3,120213
Castellón/Castelló,Bejís,12,022,8,120228
Castellón/Castelló,Benafer,12,024,9,120249
Castellón/Castelló,Benafigos,12,025,2,120252
Castellón/Castelló,Benassal,12,026,5,120265
Castellón/Castelló,Benicarló,12,027,1,120271
Castellón/Castelló,Benicàssim/Benicasim,12,028,7,120287
Castellón/Castelló,Benlloc,12,029,0,120290
Castellón/Castelló,Borriol,12,031,1,120311
Castellón/Castelló,Borriana/Burriana,12,032,6,120326
Castellón/Castelló,Cabanes,12,033,2,120332
Castellón/Castelló,Càlig,12,034,7,120347
Castellón/Castelló,Canet lo Roig,12,036,3,120363
Castellón/Castelló,Castell de Cabres,12,037,9,120379
Castellón/Castelló,Castellfort,12,038,5,120385
Castellón/Castelló,Castellnovo,12,039,8,120398
Castellón/Castelló,Castelló de la Plana/Castellón de la Plana,12,040,2,120402
Castellón/Castelló,Castillo de Villamalefa,12,041,9,120419
Castellón/Castelló,Catí,12,042,4,120424
Castellón/Castelló,Caudiel,12,043,0,120430
Castellón/Castelló,Cervera del Maestre,12,044,5,120445
Castellón/Castelló,Cinctorres,12,045,8,120458
Castellón/Castelló,Cirat,12,046,1,120461
Castellón/Castelló,Cortes de Arenoso,12,048,3,120483
Castellón/Castelló,Costur,12,049,6,120496
Castellón/Castelló,"Coves de Vinromà, les",12,050,9,120509
Castellón/Castelló,Culla,12,051,6,120516
Castellón/Castelló,Xert,12,052,1,120521
Castellón/Castelló,Chilches/Xilxes,12,053,7,120537
Castellón/Castelló,Xodos/Chodos,12,055,5,120555
Castellón/Castelló,Chóvar,12,056,8,120568
Castellón/Castelló,Eslida,12,057,4,120574
Castellón/Castelló,Espadilla,12,058,0,120580
Castellón/Castelló,Fanzara,12,059,3,120593
Castellón/Castelló,Figueroles,12,060,7,120607
Castellón/Castelló,Forcall,12,061,4,120614
Castellón/Castelló,Fuente la Reina,12,063,5,120635
Castellón/Castelló,Fuentes de Ayódar,12,064,0,120640
Castellón/Castelló,Gaibiel,12,065,3,120653
Castellón/Castelló,Geldo,12,067,2,120672
Castellón/Castelló,Herbers,12,068,8,120688
Castellón/Castelló,Higueras,12,069,1,120691
Castellón/Castelló,"Jana, la",12,070,5,120705
Castellón/Castelló,Jérica,12,071,2,120712
Castellón/Castelló,Llucena/Lucena del Cid,12,072,7,120727
Castellón/Castelló,Ludiente,12,073,3,120733
Castellón/Castelló,"Llosa, la",12,074,8,120748
Castellón/Castelló,"Mata de Morella, la",12,075,1,120751
Castellón/Castelló,Matet,12,076,4,120764
Castellón/Castelló,Moncofa,12,077,0,120770
Castellón/Castelló,Montán,12,078,6,120786
Castellón/Castelló,Montanejos,12,079,9,120799
Castellón/Castelló,Morella,12,080,3,120803
Castellón/Castelló,Navajas,12,081,0,120810
Castellón/Castelló,Nules,12,082,5,120825
Castellón/Castelló,Olocau del Rey,12,083,1,120831
Castellón/Castelló,Onda,12,084,6,120846
Castellón/Castelló,Orpesa/Oropesa del Mar,12,085,9,120859
Castellón/Castelló,Palanques,12,087,8,120878
Castellón/Castelló,Pavías,12,088,4,120884
Castellón/Castelló,Peníscola/Peñíscola,12,089,7,120897
Castellón/Castelló,Pina de Montalgrao,12,090,1,120901
Castellón/Castelló,Portell de Morella,12,091,8,120918
Castellón/Castelló,Puebla de Arenoso,12,092,3,120923
Castellón/Castelló,"Pobla de Benifassà, la",12,093,9,120939
Castellón/Castelló,"Pobla Tornesa, la",12,094,4,120944
Castellón/Castelló,Ribesalbes,12,095,7,120957
Castellón/Castelló,Rossell,12,096,0,120960
Castellón/Castelló,Sacañet,12,097,6,120976
Castellón/Castelló,"Salzadella, la",12,098,2,120982
Castellón/Castelló,Sant Jordi/San Jorge,12,099,5,120995
Castellón/Castelló,Sant Mateu,12,100,9,121009
Castellón/Castelló,San Rafael del Río,12,101,6,121016
Castellón/Castelló,Santa Magdalena de Pulpis,12,102,1,121021
Castellón/Castelló,"Serratella, la",12,103,7,121037
Castellón/Castelló,Segorbe,12,104,2,121042
Castellón/Castelló,Sierra Engarcerán,12,105,5,121055
Castellón/Castelló,Soneja,12,106,8,121068
Castellón/Castelló,Sot de Ferrer,12,107,4,121074
Castellón/Castelló,Suera/Sueras,12,108,0,121080
Castellón/Castelló,Tales,12,109,3,121093
Castellón/Castelló,Teresa,12,110,7,121107
Castellón/Castelló,Tírig,12,111,4,121114
Castellón/Castelló,Todolella,12,112,9,121129
Castellón/Castelló,Toga,12,113,5,121135
Castellón/Castelló,Torás,12,114,0,121140
Castellón/Castelló,"Toro, El",12,115,3,121153
Castellón/Castelló,Torralba del Pinar,12,116,6,121166
Castellón/Castelló,Torreblanca,12,117,2,121172
Castellón/Castelló,Torrechiva,12,118,8,121188
Castellón/Castelló,"Torre d'en Besora, la",12,119,1,121191
Castellón/Castelló,"Torre d'en Doménec, la",12,120,5,121205
Castellón/Castelló,Traiguera,12,121,2,121212
Castellón/Castelló,"Useres, les/Useras",12,122,7,121227
Castellón/Castelló,Vallat,12,123,3,121233
Castellón/Castelló,Vall d'Alba,12,124,8,121248
Castellón/Castelló,Vall de Almonacid,12,125,1,121251
Castellón/Castelló,"Vall d'Uixó, la",12,126,4,121264
Castellón/Castelló,Vallibona,12,127,0,121270
Castellón/Castelló,Vilafamés,12,128,6,121286
Castellón/Castelló,Vilafranca/Villafranca del Cid,12,129,9,121299
Castellón/Castelló,Villahermosa del Río,12,130,3,121303
Castellón/Castelló,Villamalur,12,131,0,121310
Castellón/Castelló,Vilanova d'Alcolea,12,132,5,121325
Castellón/Castelló,Villanueva de Viver,12,133,1,121331
Castellón/Castelló,Vilar de Canes,12,134,6,121346
Castellón/Castelló,Vila-real,12,135,9,121359
Castellón/Castelló,"Vilavella, la",12,136,2,121362
Castellón/Castelló,Villores,12,137,8,121378
Castellón/Castelló,Vinaròs,12,138,4,121384
Castellón/Castelló,Vistabella del Maestrat,12,139,7,121397
Castellón/Castelló,Viver,12,140,1,121401
Castellón/Castelló,Zorita del Maestrazgo,12,141,8,121418
Castellón/Castelló,Zucaina,12,142,3,121423
Castellón/Castelló,"Alqueries, les/Alquerías del Niño Perdido",12,901,8,129018
Castellón/Castelló,Sant Joan de Moró,12,902,3,129023
Ciudad Real,Abenójar,13,001,3,130013
Ciudad Real,Agudo,13,002,8,130028
Ciudad Real,Alamillo,13,003,4,130034
Ciudad Real,Albaladejo,13,004,9,130049
Ciudad Real,Alcázar de San Juan,13,005,2,130052
Ciudad Real,Alcoba,13,006,5,130065
Ciudad Real,Alcolea de Calatrava,13,007,1,130071
Ciudad Real,Alcubillas,13,008,7,130087
Ciudad Real,Aldea del Rey,13,009,0,130090
Ciudad Real,Alhambra,13,010,4,130104
Ciudad Real,Almadén,13,011,1,130111
Ciudad Real,Almadenejos,13,012,6,130126
Ciudad Real,Almagro,13,013,2,130132
Ciudad Real,Almedina,13,014,7,130147
Ciudad Real,Almodóvar del Campo,13,015,0,130150
Ciudad Real,Almuradiel,13,016,3,130163
Ciudad Real,Anchuras,13,017,9,130179
Ciudad Real,Arenas de San Juan,13,018,5,130185
Ciudad Real,Argamasilla de Alba,13,019,8,130198
Ciudad Real,Argamasilla de Calatrava,13,020,2,130202
Ciudad Real,Arroba de los Montes,13,021,9,130219
Ciudad Real,Ballesteros de Calatrava,13,022,4,130224
Ciudad Real,Bolaños de Calatrava,13,023,0,130230
Ciudad Real,Brazatortas,13,024,5,130245
Ciudad Real,Cabezarados,13,025,8,130258
Ciudad Real,Cabezarrubias del Puerto,13,026,1,130261
Ciudad Real,Calzada de Calatrava,13,027,7,130277
Ciudad Real,Campo de Criptana,13,028,3,130283
Ciudad Real,Cañada de Calatrava,13,029,6,130296
Ciudad Real,Caracuel de Calatrava,13,030,0,130300
Ciudad Real,Carrión de Calatrava,13,031,7,130317
Ciudad Real,Carrizosa,13,032,2,130322
Ciudad Real,Castellar de Santiago,13,033,8,130338
Ciudad Real,Ciudad Real,13,034,3,130343
Ciudad Real,Corral de Calatrava,13,035,6,130356
Ciudad Real,"Cortijos, Los",13,036,9,130369
Ciudad Real,Cózar,13,037,5,130375
Ciudad Real,Chillón,13,038,1,130381
Ciudad Real,Daimiel,13,039,4,130394
Ciudad Real,Fernán Caballero,13,040,8,130408
Ciudad Real,Fontanarejo,13,041,5,130415
Ciudad Real,Fuencaliente,13,042,0,130420
Ciudad Real,Fuenllana,13,043,6,130436
Ciudad Real,Fuente el Fresno,13,044,1,130441
Ciudad Real,Granátula de Calatrava,13,045,4,130454
Ciudad Real,Guadalmez,13,046,7,130467
Ciudad Real,Herencia,13,047,3,130473
Ciudad Real,Hinojosas de Calatrava,13,048,9,130489
Ciudad Real,Horcajo de los Montes,13,049,2,130492
Ciudad Real,"Labores, Las",13,050,5,130505
Ciudad Real,Luciana,13,051,2,130512
Ciudad Real,Malagón,13,052,7,130527
Ciudad Real,Manzanares,13,053,3,130533
Ciudad Real,Membrilla,13,054,8,130548
Ciudad Real,Mestanza,13,055,1,130551
Ciudad Real,Miguelturra,13,056,4,130564
Ciudad Real,Montiel,13,057,0,130570
Ciudad Real,Moral de Calatrava,13,058,6,130586
Ciudad Real,Navalpino,13,059,9,130599
Ciudad Real,Navas de Estena,13,060,3,130603
Ciudad Real,Pedro Muñoz,13,061,0,130610
Ciudad Real,Picón,13,062,5,130625
Ciudad Real,Piedrabuena,13,063,1,130631
Ciudad Real,Poblete,13,064,6,130646
Ciudad Real,Porzuna,13,065,9,130659
Ciudad Real,Pozuelo de Calatrava,13,066,2,130662
Ciudad Real,"Pozuelos de Calatrava, Los",13,067,8,130678
Ciudad Real,Puebla de Don Rodrigo,13,068,4,130684
Ciudad Real,Puebla del Príncipe,13,069,7,130697
Ciudad Real,Puerto Lápice,13,070,1,130701
Ciudad Real,Puertollano,13,071,8,130718
Ciudad Real,Retuerta del Bullaque,13,072,3,130723
Ciudad Real,Saceruela,13,073,9,130739
Ciudad Real,San Carlos del Valle,13,074,4,130744
Ciudad Real,San Lorenzo de Calatrava,13,075,7,130757
Ciudad Real,Santa Cruz de los Cáñamos,13,076,0,130760
Ciudad Real,Santa Cruz de Mudela,13,077,6,130776
Ciudad Real,Socuéllamos,13,078,2,130782
Ciudad Real,"Solana, La",13,079,5,130795
Ciudad Real,Solana del Pino,13,080,9,130809
Ciudad Real,Terrinches,13,081,6,130816
Ciudad Real,Tomelloso,13,082,1,130821
Ciudad Real,Torralba de Calatrava,13,083,7,130837
Ciudad Real,Torre de Juan Abad,13,084,2,130842
Ciudad Real,Torrenueva,13,085,5,130855
Ciudad Real,Valdemanco del Esteras,13,086,8,130868
Ciudad Real,Valdepeñas,13,087,4,130874
Ciudad Real,Valenzuela de Calatrava,13,088,0,130880
Ciudad Real,Villahermosa,13,089,3,130893
Ciudad Real,Villamanrique,13,090,7,130907
Ciudad Real,Villamayor de Calatrava,13,091,4,130914
Ciudad Real,Villanueva de la Fuente,13,092,9,130929
Ciudad Real,Villanueva de los Infantes,13,093,5,130935
Ciudad Real,Villanueva de San Carlos,13,094,0,130940
Ciudad Real,Villar del Pozo,13,095,3,130953
Ciudad Real,Villarrubia de los Ojos,13,096,6,130966
Ciudad Real,Villarta de San Juan,13,097,2,130972
Ciudad Real,Viso del Marqués,13,098,8,130988
Ciudad Real,"Robledo, El",13,901,4,139014
Ciudad Real,Ruidera,13,902,9,139029
Ciudad Real,Arenales de San Gregorio,13,903,5,139035
Ciudad Real,Llanos del Caudillo,13,904,0,139040
Córdoba,Adamuz,14,001,8,140018
Córdoba,Aguilar de la Frontera,14,002,3,140023
Córdoba,Alcaracejos,14,003,9,140039
Córdoba,Almedinilla,14,004,4,140044
Córdoba,Almodóvar del Río,14,005,7,140057
Córdoba,Añora,14,006,0,140060
Córdoba,Baena,14,007,6,140076
Córdoba,Belalcázar,14,008,2,140082
Córdoba,Belmez,14,009,5,140095
Córdoba,Benamejí,14,010,9,140109
Córdoba,"Blázquez, Los",14,011,6,140116
Córdoba,Bujalance,14,012,1,140121
Córdoba,Cabra,14,013,7,140137
Córdoba,Cañete de las Torres,14,014,2,140142
Córdoba,Carcabuey,14,015,5,140155
Córdoba,Cardeña,14,016,8,140168
Córdoba,"Carlota, La",14,017,4,140174
Córdoba,"Carpio, El",14,018,0,140180
Córdoba,Castro del Río,14,019,3,140193
Córdoba,Conquista,14,020,7,140207
Córdoba,Córdoba,14,021,4,140214
Córdoba,Doña Mencía,14,022,9,140229
Córdoba,Dos Torres,14,023,5,140235
Córdoba,Encinas Reales,14,024,0,140240
Córdoba,Espejo,14,025,3,140253
Córdoba,Espiel,14,026,6,140266
Córdoba,Fernán-Núñez,14,027,2,140272
Córdoba,Fuente la Lancha,14,028,8,140288
Córdoba,Fuente Obejuna,14,029,1,140291
Córdoba,Fuente Palmera,14,030,5,140305
Córdoba,Fuente-Tójar,14,031,2,140312
Córdoba,"Granjuela, La",14,032,7,140327
Córdoba,Guadalcázar,14,033,3,140333
Córdoba,"Guijo, El",14,034,8,140348
Córdoba,Hinojosa del Duque,14,035,1,140351
Córdoba,Hornachuelos,14,036,4,140364
Córdoba,Iznájar,14,037,0,140370
Córdoba,Lucena,14,038,6,140386
Córdoba,Luque,14,039,9,140399
Córdoba,Montalbán de Córdoba,14,040,3,140403
Córdoba,Montemayor,14,041,0,140410
Córdoba,Montilla,14,042,5,140425
Córdoba,Montoro,14,043,1,140431
Córdoba,Monturque,14,044,6,140446
Córdoba,Moriles,14,045,9,140459
Córdoba,Nueva Carteya,14,046,2,140462
Córdoba,Obejo,14,047,8,140478
Córdoba,Palenciana,14,048,4,140484
Córdoba,Palma del Río,14,049,7,140497
Córdoba,Pedro Abad,14,050,0,140500
Córdoba,Pedroche,14,051,7,140517
Córdoba,Peñarroya-Pueblonuevo,14,052,2,140522
Córdoba,Posadas,14,053,8,140538
Córdoba,Pozoblanco,14,054,3,140543
Córdoba,Priego de Córdoba,14,055,6,140556
Córdoba,Puente Genil,14,056,9,140569
Córdoba,"Rambla, La",14,057,5,140575
Córdoba,Rute,14,058,1,140581
Córdoba,San Sebastián de los Ballesteros,14,059,4,140594
Córdoba,Santaella,14,060,8,140608
Córdoba,Santa Eufemia,14,061,5,140615
Córdoba,Torrecampo,14,062,0,140620
Córdoba,Valenzuela,14,063,6,140636
Córdoba,Valsequillo,14,064,1,140641
Córdoba,"Victoria, La",14,065,4,140654
Córdoba,Villa del Río,14,066,7,140667
Córdoba,Villafranca de Córdoba,14,067,3,140673
Córdoba,Villaharta,14,068,9,140689
Córdoba,Villanueva de Córdoba,14,069,2,140692
Córdoba,Villanueva del Duque,14,070,6,140706
Córdoba,Villanueva del Rey,14,071,3,140713
Córdoba,Villaralto,14,072,8,140728
Córdoba,Villaviciosa de Córdoba,14,073,4,140734
Córdoba,"Viso, El",14,074,9,140749
Córdoba,Zuheros,14,075,2,140752
Córdoba,Fuente Carreteros,14,901,9,149019
Córdoba,"Guijarrosa, La",14,902,4,149024
"Coruña, A",Abegondo,15,001,1,150011
"Coruña, A",Ames,15,002,6,150026
"Coruña, A",Aranga,15,003,2,150032
"Coruña, A",Ares,15,004,7,150047
"Coruña, A",Arteixo,15,005,0,150050
"Coruña, A",Arzúa,15,006,3,150063
"Coruña, A","Baña, A",15,007,9,150079
"Coruña, A",Bergondo,15,008,5,150085
"Coruña, A",Betanzos,15,009,8,150098
"Coruña, A",Boimorto,15,010,2,150102
"Coruña, A",Boiro,15,011,9,150119
"Coruña, A",Boqueixón,15,012,4,150124
"Coruña, A",Brión,15,013,0,150130
"Coruña, A",Cabana de Bergantiños,15,014,5,150145
"Coruña, A",Cabanas,15,015,8,150158
"Coruña, A",Camariñas,15,016,1,150161
"Coruña, A",Cambre,15,017,7,150177
"Coruña, A","Capela, A",15,018,3,150183
"Coruña, A",Carballo,15,019,6,150196
"Coruña, A",Carnota,15,020,0,150200
"Coruña, A",Carral,15,021,7,150217
"Coruña, A",Cedeira,15,022,2,150222
"Coruña, A",Cee,15,023,8,150238
"Coruña, A",Cerceda,15,024,3,150243
"Coruña, A",Cerdido,15,025,6,150256
"Coruña, A",Coirós,15,027,5,150275
"Coruña, A",Corcubión,15,028,1,150281
"Coruña, A",Coristanco,15,029,4,150294
"Coruña, A","Coruña, A",15,030,8,150308
"Coruña, A",Culleredo,15,031,5,150315
"Coruña, A",Curtis,15,032,0,150320
"Coruña, A",Dodro,15,033,6,150336
"Coruña, A",Dumbría,15,034,1,150341
"Coruña, A",Fene,15,035,4,150354
"Coruña, A",Ferrol,15,036,7,150367
"Coruña, A",Fisterra,15,037,3,150373
"Coruña, A",Frades,15,038,9,150389
"Coruña, A",Irixoa,15,039,2,150392
"Coruña, A",Laxe,15,040,6,150406
"Coruña, A","Laracha, A",15,041,3,150413
"Coruña, A",Lousame,15,042,8,150428
"Coruña, A",Malpica de Bergantiños,15,043,4,150434
"Coruña, A",Mañón,15,044,9,150449
"Coruña, A",Mazaricos,15,045,2,150452
"Coruña, A",Melide,15,046,5,150465
"Coruña, A",Mesía,15,047,1,150471
"Coruña, A",Miño,15,048,7,150487
"Coruña, A",Moeche,15,049,0,150490
"Coruña, A",Monfero,15,050,3,150503
"Coruña, A",Mugardos,15,051,0,150510
"Coruña, A",Muxía,15,052,5,150525
"Coruña, A",Muros,15,053,1,150531
"Coruña, A",Narón,15,054,6,150546
"Coruña, A",Neda,15,055,9,150559
"Coruña, A",Negreira,15,056,2,150562
"Coruña, A",Noia,15,057,8,150578
"Coruña, A",Oleiros,15,058,4,150584
"Coruña, A",Ordes,15,059,7,150597
"Coruña, A",Oroso,15,060,1,150601
"Coruña, A",Ortigueira,15,061,8,150618
"Coruña, A",Outes,15,062,3,150623
"Coruña, A",Paderne,15,064,4,150644
"Coruña, A",Padrón,15,065,7,150657
"Coruña, A","Pino, O",15,066,0,150660
"Coruña, A","Pobra do Caramiñal, A",15,067,6,150676
"Coruña, A",Ponteceso,15,068,2,150682
"Coruña, A",Pontedeume,15,069,5,150695
"Coruña, A","Pontes de García Rodríguez, As",15,070,9,150709
"Coruña, A",Porto do Son,15,071,6,150716
"Coruña, A",Rianxo,15,072,1,150721
"Coruña, A",Ribeira,15,073,7,150737
"Coruña, A",Rois,15,074,2,150742
"Coruña, A",Sada,15,075,5,150755
"Coruña, A",San Sadurniño,15,076,8,150768
"Coruña, A",Santa Comba,15,077,4,150774
"Coruña, A",Santiago de Compostela,15,078,0,150780
"Coruña, A",Santiso,15,079,3,150793
"Coruña, A",Sobrado,15,080,7,150807
"Coruña, A","Somozas, As",15,081,4,150814
"Coruña, A",Teo,15,082,9,150829
"Coruña, A",Toques,15,083,5,150835
"Coruña, A",Tordoia,15,084,0,150840
"Coruña, A",Touro,15,085,3,150853
"Coruña, A",Trazo,15,086,6,150866
"Coruña, A",Valdoviño,15,087,2,150872
"Coruña, A",Val do Dubra,15,088,8,150888
"Coruña, A",Vedra,15,089,1,150891
"Coruña, A",Vilasantar,15,090,5,150905
"Coruña, A",Vilarmaior,15,091,2,150912
"Coruña, A",Vimianzo,15,092,7,150927
"Coruña, A",Zas,15,093,3,150933
"Coruña, A",Cariño,15,901,2,159012
"Coruña, A",Oza-Cesuras,15,902,7,159027
Cuenca,Abia de la Obispalía,16,001,4,160014
Cuenca,"Acebrón, El",16,002,9,160029
Cuenca,Alarcón,16,003,5,160035
Cuenca,Albaladejo del Cuende,16,004,0,160040
Cuenca,Albalate de las Nogueras,16,005,3,160053
Cuenca,Albendea,16,006,6,160066
Cuenca,"Alberca de Záncara, La",16,007,2,160072
Cuenca,Alcalá de la Vega,16,008,8,160088
Cuenca,Alcantud,16,009,1,160091
Cuenca,Alcázar del Rey,16,010,5,160105
Cuenca,Alcohujate,16,011,2,160112
Cuenca,Alconchel de la Estrella,16,012,7,160127
Cuenca,Algarra,16,013,3,160133
Cuenca,Aliaguilla,16,014,8,160148
Cuenca,"Almarcha, La",16,015,1,160151
Cuenca,Almendros,16,016,4,160164
Cuenca,Almodóvar del Pinar,16,017,0,160170
Cuenca,Almonacid del Marquesado,16,018,6,160186
Cuenca,Altarejos,16,019,9,160199
Cuenca,Arandilla del Arroyo,16,020,3,160203
Cuenca,Arcos de la Sierra,16,022,5,160225
Cuenca,Chillarón de Cuenca,16,023,1,160231
Cuenca,Arguisuelas,16,024,6,160246
Cuenca,Arrancacepas,16,025,9,160259
Cuenca,Atalaya del Cañavate,16,026,2,160262
Cuenca,Barajas de Melo,16,027,8,160278
Cuenca,Barchín del Hoyo,16,029,7,160297
Cuenca,Bascuñana de San Pedro,16,030,1,160301
Cuenca,Beamud,16,031,8,160318
Cuenca,Belinchón,16,032,3,160323
Cuenca,Belmonte,16,033,9,160339
Cuenca,Belmontejo,16,034,4,160344
Cuenca,Beteta,16,035,7,160357
Cuenca,Boniches,16,036,0,160360
Cuenca,Buciegas,16,038,2,160382
Cuenca,Buenache de Alarcón,16,039,5,160395
Cuenca,Buenache de la Sierra,16,040,9,160409
Cuenca,Buendía,16,041,6,160416
Cuenca,Campillo de Altobuey,16,042,1,160421
Cuenca,Campillos-Paravientos,16,043,7,160437
Cuenca,Campillos-Sierra,16,044,2,160442
Cuenca,Canalejas del Arroyo,16,045,5,160455
Cuenca,Cañada del Hoyo,16,046,8,160468
Cuenca,Cañada Juncosa,16,047,4,160474
Cuenca,Cañamares,16,048,0,160480
Cuenca,"Cañavate, El",16,049,3,160493
Cuenca,Cañaveras,16,050,6,160506
Cuenca,Cañaveruelas,16,051,3,160513
Cuenca,Cañete,16,052,8,160528
Cuenca,Cañizares,16,053,4,160534
Cuenca,Carboneras de Guadazaón,16,055,2,160552
Cuenca,Cardenete,16,056,5,160565
Cuenca,Carrascosa,16,057,1,160571
Cuenca,Carrascosa de Haro,16,058,7,160587
Cuenca,Casas de Benítez,16,060,4,160604
Cuenca,Casas de Fernando Alonso,16,061,1,160611
Cuenca,Casas de Garcimolina,16,062,6,160626
Cuenca,Casas de Guijarro,16,063,2,160632
Cuenca,Casas de Haro,16,064,7,160647
Cuenca,Casas de los Pinos,16,065,0,160650
Cuenca,Casasimarro,16,066,3,160663
Cuenca,Castejón,16,067,9,160679
Cuenca,Castillejo de Iniesta,16,068,5,160685
Cuenca,Castillejo-Sierra,16,070,2,160702
Cuenca,Castillo-Albaráñez,16,071,9,160719
Cuenca,Castillo de Garcimuñoz,16,072,4,160724
Cuenca,Cervera del Llano,16,073,0,160730
Cuenca,"Cierva, La",16,074,5,160745
Cuenca,Cuenca,16,078,3,160783
Cuenca,Cueva del Hierro,16,079,6,160796
Cuenca,Chumillas,16,081,7,160817
Cuenca,Enguídanos,16,082,2,160822
Cuenca,Fresneda de Altarejos,16,083,8,160838
Cuenca,Fresneda de la Sierra,16,084,3,160843
Cuenca,"Frontera, La",16,085,6,160856
Cuenca,Fuente de Pedro Naharro,16,086,9,160869
Cuenca,Fuentelespino de Haro,16,087,5,160875
Cuenca,Fuentelespino de Moya,16,088,1,160881
Cuenca,Fuentes,16,089,4,160894
Cuenca,Fuertescusa,16,091,5,160915
Cuenca,Gabaldón,16,092,0,160920
Cuenca,Garaballa,16,093,6,160936
Cuenca,Gascueña,16,094,1,160941
Cuenca,Graja de Campalbo,16,095,4,160954
Cuenca,Graja de Iniesta,16,096,7,160967
Cuenca,Henarejos,16,097,3,160973
Cuenca,"Herrumblar, El",16,098,9,160989
Cuenca,"Hinojosa, La",16,099,2,160992
Cuenca,"Hinojosos, Los",16,100,6,161006
Cuenca,"Hito, El",16,101,3,161013
Cuenca,Honrubia,16,102,8,161028
Cuenca,Hontanaya,16,103,4,161034
Cuenca,Hontecillas,16,104,9,161049
Cuenca,Horcajo de Santiago,16,106,5,161065
Cuenca,Huélamo,16,107,1,161071
Cuenca,Huelves,16,108,7,161087
Cuenca,Huérguina,16,109,0,161090
Cuenca,Huerta de la Obispalía,16,110,4,161104
Cuenca,Huerta del Marquesado,16,111,1,161111
Cuenca,Huete,16,112,6,161126
Cuenca,Iniesta,16,113,2,161132
Cuenca,Laguna del Marquesado,16,115,0,161150
Cuenca,Lagunaseca,16,116,3,161163
Cuenca,Landete,16,117,9,161179
Cuenca,Ledaña,16,118,5,161185
Cuenca,Leganiel,16,119,8,161198
Cuenca,"Majadas, Las",16,121,9,161219
Cuenca,Mariana,16,122,4,161224
Cuenca,Masegosa,16,123,0,161230
Cuenca,"Mesas, Las",16,124,5,161245
Cuenca,Minglanilla,16,125,8,161258
Cuenca,Mira,16,126,1,161261
Cuenca,Monreal del Llano,16,128,3,161283
Cuenca,Montalbanejo,16,129,6,161296
Cuenca,Montalbo,16,130,0,161300
Cuenca,Monteagudo de las Salinas,16,131,7,161317
Cuenca,Mota de Altarejos,16,132,2,161322
Cuenca,Mota del Cuervo,16,133,8,161338
Cuenca,Motilla del Palancar,16,134,3,161343
Cuenca,Moya,16,135,6,161356
Cuenca,Narboneta,16,137,5,161375
Cuenca,Olivares de Júcar,16,139,4,161394
Cuenca,Olmeda de la Cuesta,16,140,8,161408
Cuenca,Olmeda del Rey,16,141,5,161415
Cuenca,Olmedilla de Alarcón,16,142,0,161420
Cuenca,Olmedilla de Eliz,16,143,6,161436
Cuenca,Osa de la Vega,16,145,4,161454
Cuenca,Pajarón,16,146,7,161467
Cuenca,Pajaroncillo,16,147,3,161473
Cuenca,Palomares del Campo,16,148,9,161489
Cuenca,Palomera,16,149,2,161492
Cuenca,Paracuellos,16,150,5,161505
Cuenca,Paredes,16,151,2,161512
Cuenca,"Parra de las Vegas, La",16,152,7,161527
Cuenca,"Pedernoso, El",16,153,3,161533
Cuenca,"Pedroñeras, Las",16,154,8,161548
Cuenca,"Peral, El",16,155,1,161551
Cuenca,"Peraleja, La",16,156,4,161564
Cuenca,"Pesquera, La",16,157,0,161570
Cuenca,"Picazo, El",16,158,6,161586
Cuenca,Pinarejo,16,159,9,161599
Cuenca,Pineda de Gigüela,16,160,3,161603
Cuenca,Piqueras del Castillo,16,161,0,161610
Cuenca,Portalrubio de Guadamejud,16,162,5,161625
Cuenca,Portilla,16,163,1,161631
Cuenca,Poyatos,16,165,9,161659
Cuenca,Pozoamargo,16,166,2,161662
Cuenca,Pozorrubio de Santiago,16,167,8,161678
Cuenca,"Pozuelo, El",16,169,7,161697
Cuenca,Priego,16,170,1,161701
Cuenca,"Provencio, El",16,171,8,161718
Cuenca,Puebla de Almenara,16,172,3,161723
Cuenca,"Valle de Altomira, El",16,173,9,161739
Cuenca,Puebla del Salvador,16,174,4,161744
Cuenca,Quintanar del Rey,16,175,7,161757
Cuenca,Rada de Haro,16,176,0,161760
Cuenca,Reíllo,16,177,6,161776
Cuenca,Rozalén del Monte,16,181,6,161816
Cuenca,Saceda-Trasierra,16,185,5,161855
Cuenca,Saelices,16,186,8,161868
Cuenca,Salinas del Manzano,16,187,4,161874
Cuenca,Salmeroncillos,16,188,0,161880
Cuenca,Salvacañete,16,189,3,161893
Cuenca,San Clemente,16,190,7,161907
Cuenca,San Lorenzo de la Parrilla,16,191,4,161914
Cuenca,San Martín de Boniches,16,192,9,161929
Cuenca,San Pedro Palmiches,16,193,5,161935
Cuenca,Santa Cruz de Moya,16,194,0,161940
Cuenca,Santa María del Campo Rus,16,195,3,161953
Cuenca,Santa María de los Llanos,16,196,6,161966
Cuenca,Santa María del Val,16,197,2,161972
Cuenca,Sisante,16,198,8,161988
Cuenca,Solera de Gabaldón,16,199,1,161991
Cuenca,Talayuelas,16,202,7,162027
Cuenca,Tarancón,16,203,3,162033
Cuenca,Tébar,16,204,8,162048
Cuenca,Tejadillos,16,205,1,162051
Cuenca,Tinajas,16,206,4,162064
Cuenca,Torralba,16,209,9,162099
Cuenca,Torrejoncillo del Rey,16,211,0,162110
Cuenca,Torrubia del Campo,16,212,5,162125
Cuenca,Torrubia del Castillo,16,213,1,162131
Cuenca,Tragacete,16,215,9,162159
Cuenca,Tresjuncos,16,216,2,162162
Cuenca,Tribaldos,16,217,8,162178
Cuenca,Uclés,16,218,4,162184
Cuenca,Uña,16,219,7,162197
Cuenca,Valdemeca,16,224,4,162244
Cuenca,Valdemorillo de la Sierra,16,225,7,162257
Cuenca,Valdemoro-Sierra,16,227,6,162276
Cuenca,Valdeolivas,16,228,2,162282
Cuenca,Valhermoso de la Fuente,16,231,6,162316
Cuenca,Valsalobre,16,234,2,162342
Cuenca,Valverde de Júcar,16,236,8,162368
Cuenca,Valverdejo,16,237,4,162374
Cuenca,Vara de Rey,16,238,0,162380
Cuenca,Vega del Codorno,16,239,3,162393
Cuenca,Vellisca,16,240,7,162407
Cuenca,Villaconejos de Trabaque,16,242,9,162429
Cuenca,Villaescusa de Haro,16,243,5,162435
Cuenca,Villagarcía del Llano,16,244,0,162440
Cuenca,Villalba de la Sierra,16,245,3,162453
Cuenca,Villalba del Rey,16,246,6,162466
Cuenca,Villalgordo del Marquesado,16,247,2,162472
Cuenca,Villalpardo,16,248,8,162488
Cuenca,Villamayor de Santiago,16,249,1,162491
Cuenca,Villanueva de Guadamejud,16,250,4,162504
Cuenca,Villanueva de la Jara,16,251,1,162511
Cuenca,Villar de Cañas,16,253,2,162532
Cuenca,Villar de Domingo García,16,254,7,162547
Cuenca,Villar de la Encina,16,255,0,162550
Cuenca,Villar del Humo,16,258,5,162585
Cuenca,Villar del Infantado,16,259,8,162598
Cuenca,Villar de Olalla,16,263,0,162630
Cuenca,Villarejo de Fuentes,16,264,5,162645
Cuenca,Villarejo de la Peñuela,16,265,8,162658
Cuenca,Villarejo-Periesteban,16,266,1,162661
Cuenca,Villares del Saz,16,269,6,162696
Cuenca,Villarrubio,16,270,0,162700
Cuenca,Villarta,16,271,7,162717
Cuenca,Villas de la Ventosa,16,272,2,162722
Cuenca,Villaverde y Pasaconsol,16,273,8,162738
Cuenca,Víllora,16,274,3,162743
Cuenca,Vindel,16,275,6,162756
Cuenca,Yémeda,16,276,9,162769
Cuenca,Zafra de Záncara,16,277,5,162775
Cuenca,Zafrilla,16,278,1,162781
Cuenca,Zarza de Tajo,16,279,4,162794
Cuenca,Zarzuela,16,280,8,162808
Cuenca,Campos del Paraíso,16,901,5,169015
Cuenca,Valdetórtola,16,902,0,169020
Cuenca,"Valeras, Las",16,903,6,169036
Cuenca,Fuentenava de Jábaga,16,904,1,169041
Cuenca,Arcas,16,905,4,169054
Cuenca,"Valdecolmenas, Los",16,906,7,169067
Cuenca,Pozorrubielos de la Mancha,16,908,9,169089
Cuenca,Sotorribas,16,909,2,169092
Cuenca,Villar y Velasco,16,910,6,169106
Girona,Agullana,17,001,0,170010
Girona,Aiguaviva,17,002,5,170025
Girona,Albanyà,17,003,1,170031
Girona,Albons,17,004,6,170046
Girona,"Far d'Empordà, El",17,005,9,170059
Girona,Alp,17,006,2,170062
Girona,Amer,17,007,8,170078
Girona,Anglès,17,008,4,170084
Girona,Arbúcies,17,009,7,170097
Girona,Argelaguer,17,010,1,170101
Girona,"Armentera, L'",17,011,8,170118
Girona,Avinyonet de Puigventós,17,012,3,170123
Girona,Begur,17,013,9,170139
Girona,"Vajol, La",17,014,4,170144
Girona,Banyoles,17,015,7,170157
Girona,Bàscara,17,016,0,170160
Girona,Bellcaire d'Empordà,17,018,2,170182
Girona,Besalú,17,019,5,170195
Girona,Bescanó,17,020,9,170209
Girona,Beuda,17,021,6,170216
Girona,"Bisbal d'Empordà, La",17,022,1,170221
Girona,Blanes,17,023,7,170237
Girona,Bolvir,17,024,2,170242
Girona,Bordils,17,025,5,170255
Girona,Borrassà,17,026,8,170268
Girona,Breda,17,027,4,170274
Girona,Brunyola i Sant Martí Sapresa,17,028,0,170280
Girona,Boadella i les Escaules,17,029,3,170293
Girona,Cabanes,17,030,7,170307
Girona,Cabanelles,17,031,4,170314
Girona,Cadaqués,17,032,9,170329
Girona,Caldes de Malavella,17,033,5,170335
Girona,Calonge i Sant Antoni,17,034,0,170340
Girona,Camós,17,035,3,170353
Girona,Campdevànol,17,036,6,170366
Girona,Campelles,17,037,2,170372
Girona,Campllong,17,038,8,170388
Girona,Camprodon,17,039,1,170391
Girona,Canet d'Adri,17,040,5,170405
Girona,Cantallops,17,041,2,170412
Girona,Capmany,17,042,7,170427
Girona,Queralbs,17,043,3,170433
Girona,Cassà de la Selva,17,044,8,170448
Girona,Castellfollit de la Roca,17,046,4,170464
Girona,Castelló d'Empúries,17,047,0,170470
Girona,"Castell d'Aro, Platja d'Aro i s'Agaró",17,048,6,170486
Girona,Celrà,17,049,9,170499
Girona,Cervià de Ter,17,050,2,170502
Girona,Cistella,17,051,9,170519
Girona,Siurana,17,052,4,170524
Girona,Colera,17,054,5,170545
Girona,Colomers,17,055,8,170558
Girona,Cornellà del Terri,17,056,1,170561
Girona,Corçà,17,057,7,170577
Girona,Crespià,17,058,3,170583
Girona,Darnius,17,060,0,170600
Girona,Das,17,061,7,170617
Girona,"Escala, L'",17,062,2,170622
Girona,Espinelves,17,063,8,170638
Girona,Espolla,17,064,3,170643
Girona,Esponellà,17,065,6,170656
Girona,Figueres,17,066,9,170669
Girona,Flaçà,17,067,5,170675
Girona,Foixà,17,068,1,170681
Girona,Fontanals de Cerdanya,17,069,4,170694
Girona,Fontanilles,17,070,8,170708
Girona,Fontcoberta,17,071,5,170715
Girona,Fornells de la Selva,17,073,6,170736
Girona,Fortià,17,074,1,170741
Girona,Garrigàs,17,075,4,170754
Girona,Garrigoles,17,076,7,170767
Girona,Garriguella,17,077,3,170773
Girona,Ger,17,078,9,170789
Girona,Girona,17,079,2,170792
Girona,Gombrèn,17,080,6,170806
Girona,Gualta,17,081,3,170813
Girona,Guils de Cerdanya,17,082,8,170828
Girona,Hostalric,17,083,4,170834
Girona,Isòvol,17,084,9,170849
Girona,Jafre,17,085,2,170852
Girona,"Jonquera, La",17,086,5,170865
Girona,Juià,17,087,1,170871
Girona,Lladó,17,088,7,170887
Girona,Llagostera,17,089,0,170890
Girona,Llambilles,17,090,4,170904
Girona,Llanars,17,091,1,170911
Girona,Llançà,17,092,6,170926
Girona,Llers,17,093,2,170932
Girona,Llívia,17,094,7,170947
Girona,Lloret de Mar,17,095,0,170950
Girona,"Llosses, Les",17,096,3,170963
Girona,Madremanya,17,097,9,170979
Girona,Maià de Montcal,17,098,5,170985
Girona,Meranges,17,099,8,170998
Girona,Masarac i Vilarnadal,17,100,2,171002
Girona,Massanes,17,101,9,171019
Girona,Maçanet de Cabrenys,17,102,4,171024
Girona,Maçanet de la Selva,17,103,0,171030
Girona,Mieres,17,105,8,171058
Girona,Mollet de Peralada,17,106,1,171061
Girona,Molló,17,107,7,171077
Girona,Montagut i Oix,17,109,6,171096
Girona,Mont-ras,17,110,0,171100
Girona,Navata,17,111,7,171117
Girona,Ogassa,17,112,2,171122
Girona,Olot,17,114,3,171143
Girona,Ordis,17,115,6,171156
Girona,Osor,17,116,9,171169
Girona,Palafrugell,17,117,5,171175
Girona,Palamós,17,118,1,171181
Girona,Palau de Santa Eulàlia,17,119,4,171194
Girona,Palau-saverdera,17,120,8,171208
Girona,Palau-sator,17,121,5,171215
Girona,Palol de Revardit,17,123,6,171236
Girona,Pals,17,124,1,171241
Girona,Pardines,17,125,4,171254
Girona,Parlavà,17,126,7,171267
Girona,Pau,17,128,9,171289
Girona,Pedret i Marzà,17,129,2,171292
Girona,"Pera, La",17,130,6,171306
Girona,Peralada,17,132,8,171328
Girona,"Planes d'Hostoles, Les",17,133,4,171334
Girona,Planoles,17,134,9,171349
Girona,Pont de Molins,17,135,2,171352
Girona,Pontós,17,136,5,171365
Girona,Porqueres,17,137,1,171371
Girona,Portbou,17,138,7,171387
Girona,"Preses, Les",17,139,0,171390
Girona,"Port de la Selva, El",17,140,4,171404
Girona,Puigcerdà,17,141,1,171411
Girona,Quart,17,142,6,171426
Girona,Rabós,17,143,2,171432
Girona,Regencós,17,144,7,171447
Girona,Ribes de Freser,17,145,0,171450
Girona,Riells i Viabrea,17,146,3,171463
Girona,Ripoll,17,147,9,171479
Girona,Riudarenes,17,148,5,171485
Girona,Riudaura,17,149,8,171498
Girona,Riudellots de la Selva,17,150,1,171501
Girona,Riumors,17,151,8,171518
Girona,Roses,17,152,3,171523
Girona,Rupià,17,153,9,171539
Girona,Sales de Llierca,17,154,4,171544
Girona,Salt,17,155,7,171557
Girona,Sant Andreu Salou,17,157,6,171576
Girona,Sant Climent Sescebes,17,158,2,171582
Girona,Sant Feliu de Buixalleu,17,159,5,171595
Girona,Sant Feliu de Guíxols,17,160,9,171609
Girona,Sant Feliu de Pallerols,17,161,6,171616
Girona,Sant Ferriol,17,162,1,171621
Girona,Sant Gregori,17,163,7,171637
Girona,Sant Hilari Sacalm,17,164,2,171642
Girona,Sant Jaume de Llierca,17,165,5,171655
Girona,Sant Jordi Desvalls,17,166,8,171668
Girona,Sant Joan de les Abadesses,17,167,4,171674
Girona,Sant Joan de Mollet,17,168,0,171680
Girona,Sant Julià de Ramis,17,169,3,171693
Girona,Vallfogona de Ripollès,17,170,7,171707
Girona,Sant Llorenç de la Muga,17,171,4,171714
Girona,Sant Martí de Llémena,17,172,9,171729
Girona,Sant Martí Vell,17,173,5,171735
Girona,Sant Miquel de Campmajor,17,174,0,171740
Girona,Sant Miquel de Fluvià,17,175,3,171753
Girona,Sant Mori,17,176,6,171766
Girona,Sant Pau de Segúries,17,177,2,171772
Girona,Sant Pere Pescador,17,178,8,171788
Girona,Santa Coloma de Farners,17,180,5,171805
Girona,Santa Cristina d'Aro,17,181,2,171812
Girona,Santa Llogaia d'Àlguema,17,182,7,171827
Girona,Sant Aniol de Finestres,17,183,3,171833
Girona,Santa Pau,17,184,8,171848
Girona,Sant Joan les Fonts,17,185,1,171851
Girona,Sarrià de Ter,17,186,4,171864
Girona,"Saus, Camallera i Llampaies",17,187,0,171870
Girona,"Selva de Mar, La",17,188,6,171886
Girona,"Cellera de Ter, La",17,189,9,171899
Girona,Serinyà,17,190,3,171903
Girona,Serra de Daró,17,191,0,171910
Girona,Setcases,17,192,5,171925
Girona,Sils,17,193,1,171931
Girona,Susqueda,17,194,6,171946
Girona,"Tallada d'Empordà, La",17,195,9,171959
Girona,Terrades,17,196,2,171962
Girona,Torrent,17,197,8,171978
Girona,Torroella de Fluvià,17,198,4,171984
Girona,Torroella de Montgrí,17,199,7,171997
Girona,Tortellà,17,200,1,172001
Girona,Toses,17,201,8,172018
Girona,Tossa de Mar,17,202,3,172023
Girona,Ultramort,17,203,9,172039
Girona,Ullà,17,204,4,172044
Girona,Ullastret,17,205,7,172057
Girona,Urús,17,206,0,172060
Girona,"Vall d'en Bas, La",17,207,6,172076
Girona,"Vall de Bianya, La",17,208,2,172082
Girona,Vall-llobrega,17,209,5,172095
Girona,Ventalló,17,210,9,172109
Girona,Verges,17,211,6,172116
Girona,Vidrà,17,212,1,172121
Girona,Vidreres,17,213,7,172137
Girona,Vilabertran,17,214,2,172142
Girona,Vilablareix,17,215,5,172155
Girona,Viladasens,17,216,8,172168
Girona,Viladamat,17,217,4,172174
Girona,Vilademuls,17,218,0,172180
Girona,Viladrau,17,220,7,172207
Girona,Vilafant,17,221,4,172214
Girona,Vilaür,17,222,9,172229
Girona,Vilajuïga,17,223,5,172235
Girona,Vilallonga de Ter,17,224,0,172240
Girona,Vilamacolum,17,225,3,172253
Girona,Vilamalla,17,226,6,172266
Girona,Vilamaniscle,17,227,2,172272
Girona,Vilanant,17,228,8,172288
Girona,Vila-sacra,17,230,5,172305
Girona,Vilopriu,17,232,7,172327
Girona,Vilobí d'Onyar,17,233,3,172333
Girona,Biure,17,234,8,172348
Girona,"Cruïlles, Monells i Sant Sadurní de l'Heura",17,901,1,179011
Girona,Forallac,17,902,6,179026
Girona,Sant Julià del Llor i Bonmatí,17,903,2,179032
Granada,Agrón,18,001,6,180016
Granada,Alamedilla,18,002,1,180021
Granada,Albolote,18,003,7,180037
Granada,Albondón,18,004,2,180042
Granada,Albuñán,18,005,5,180055
Granada,Albuñol,18,006,8,180068
Granada,Albuñuelas,18,007,4,180074
Granada,Aldeire,18,010,7,180107
Granada,Alfacar,18,011,4,180114
Granada,Algarinejo,18,012,9,180129
Granada,Alhama de Granada,18,013,5,180135
Granada,Alhendín,18,014,0,180140
Granada,Alicún de Ortega,18,015,3,180153
Granada,Almegíjar,18,016,6,180166
Granada,Almuñécar,18,017,2,180172
Granada,Alquife,18,018,8,180188
Granada,Arenas del Rey,18,020,5,180205
Granada,Armilla,18,021,2,180212
Granada,Atarfe,18,022,7,180227
Granada,Baza,18,023,3,180233
Granada,Beas de Granada,18,024,8,180248
Granada,Beas de Guadix,18,025,1,180251
Granada,Benalúa,18,027,0,180270
Granada,Benalúa de las Villas,18,028,6,180286
Granada,Benamaurel,18,029,9,180299
Granada,Bérchules,18,030,3,180303
Granada,Bubión,18,032,5,180325
Granada,Busquístar,18,033,1,180331
Granada,Cacín,18,034,6,180346
Granada,Cádiar,18,035,9,180359
Granada,Cájar,18,036,2,180362
Granada,Calicasas,18,037,8,180378
Granada,Campotéjar,18,038,4,180384
Granada,Caniles,18,039,7,180397
Granada,Cáñar,18,040,1,180401
Granada,Capileira,18,042,3,180423
Granada,Carataunas,18,043,9,180439
Granada,Cástaras,18,044,4,180444
Granada,Castilléjar,18,045,7,180457
Granada,Castril,18,046,0,180460
Granada,Cenes de la Vega,18,047,6,180476
Granada,Cijuela,18,048,2,180482
Granada,Cogollos de Guadix,18,049,5,180495
Granada,Cogollos de la Vega,18,050,8,180508
Granada,Colomera,18,051,5,180515
Granada,Cortes de Baza,18,053,6,180536
Granada,Cortes y Graena,18,054,1,180541
Granada,Cúllar,18,056,7,180567
Granada,Cúllar Vega,18,057,3,180573
Granada,Chauchina,18,059,2,180592
Granada,Chimeneas,18,061,3,180613
Granada,Churriana de la Vega,18,062,8,180628
Granada,Darro,18,063,4,180634
Granada,Dehesas de Guadix,18,064,9,180649
Granada,Dehesas Viejas,18,065,2,180652
Granada,Deifontes,18,066,5,180665
Granada,Diezma,18,067,1,180671
Granada,Dílar,18,068,7,180687
Granada,Dólar,18,069,0,180690
Granada,Dúdar,18,070,4,180704
Granada,Dúrcal,18,071,1,180711
Granada,Escúzar,18,072,6,180726
Granada,Ferreira,18,074,7,180747
Granada,Fonelas,18,076,3,180763
Granada,Fornes,18,077,9,180779
Granada,Freila,18,078,5,180785
Granada,Fuente Vaqueros,18,079,8,180798
Granada,Galera,18,082,4,180824
Granada,Gobernador,18,083,0,180830
Granada,Gójar,18,084,5,180845
Granada,Gor,18,085,8,180858
Granada,Gorafe,18,086,1,180861
Granada,Granada,18,087,7,180877
Granada,Guadahortuna,18,088,3,180883
Granada,Guadix,18,089,6,180896
Granada,Gualchos,18,093,8,180938
Granada,Güéjar Sierra,18,094,3,180943
Granada,Güevéjar,18,095,6,180956
Granada,Huélago,18,096,9,180969
Granada,Huéneja,18,097,5,180975
Granada,Huéscar,18,098,1,180981
Granada,Huétor de Santillán,18,099,4,180994
Granada,Huétor Tájar,18,100,8,181008
Granada,Huétor Vega,18,101,5,181015
Granada,Íllora,18,102,0,181020
Granada,Ítrabo,18,103,6,181036
Granada,Iznalloz,18,105,4,181054
Granada,Játar,18,106,7,181067
Granada,Jayena,18,107,3,181073
Granada,Jérez del Marquesado,18,108,9,181089
Granada,Jete,18,109,2,181092
Granada,Jun,18,111,3,181113
Granada,Juviles,18,112,8,181128
Granada,"Calahorra, La",18,114,9,181149
Granada,Láchar,18,115,2,181152
Granada,Lanjarón,18,116,5,181165
Granada,Lanteira,18,117,1,181171
Granada,Lecrín,18,119,0,181190
Granada,Lentegí,18,120,4,181204
Granada,Lobras,18,121,1,181211
Granada,Loja,18,122,6,181226
Granada,Lugros,18,123,2,181232
Granada,Lújar,18,124,7,181247
Granada,"Malahá, La",18,126,3,181263
Granada,Maracena,18,127,9,181279
Granada,Marchal,18,128,5,181285
Granada,Moclín,18,132,4,181324
Granada,Molvízar,18,133,0,181330
Granada,Monachil,18,134,5,181345
Granada,Montefrío,18,135,8,181358
Granada,Montejícar,18,136,1,181361
Granada,Montillana,18,137,7,181377
Granada,Moraleda de Zafayona,18,138,3,181383
Granada,Motril,18,140,0,181400
Granada,Murtas,18,141,7,181417
Granada,Nigüelas,18,143,8,181438
Granada,Nívar,18,144,3,181443
Granada,Ogíjares,18,145,6,181456
Granada,Orce,18,146,9,181469
Granada,Órgiva,18,147,5,181475
Granada,Otívar,18,148,1,181481
Granada,Villa de Otura,18,149,4,181494
Granada,Padul,18,150,7,181507
Granada,Pampaneira,18,151,4,181514
Granada,Pedro Martínez,18,152,9,181529
Granada,Peligros,18,153,5,181535
Granada,"Peza, La",18,154,0,181540
Granada,Pinos Genil,18,157,2,181572
Granada,Pinos Puente,18,158,8,181588
Granada,Píñar,18,159,1,181591
Granada,Polícar,18,161,2,181612
Granada,Polopos,18,162,7,181627
Granada,Pórtugos,18,163,3,181633
Granada,Puebla de Don Fadrique,18,164,8,181648
Granada,Pulianas,18,165,1,181651
Granada,Purullena,18,167,0,181670
Granada,Quéntar,18,168,6,181686
Granada,Rubite,18,170,3,181703
Granada,Salar,18,171,0,181710
Granada,Salobreña,18,173,1,181731
Granada,Santa Cruz del Comercio,18,174,6,181746
Granada,Santa Fe,18,175,9,181759
Granada,Soportújar,18,176,2,181762
Granada,Sorvilán,18,177,8,181778
Granada,Torre-Cardela,18,178,4,181784
Granada,Torvizcón,18,179,7,181797
Granada,Trevélez,18,180,1,181801
Granada,Turón,18,181,8,181818
Granada,Ugíjar,18,182,3,181823
Granada,Válor,18,183,9,181839
Granada,Vélez de Benaudalla,18,184,4,181844
Granada,Ventas de Huelma,18,185,7,181857
Granada,Villanueva de las Torres,18,187,6,181876
Granada,Villanueva Mesía,18,188,2,181882
Granada,Víznar,18,189,5,181895
Granada,Zafarraya,18,192,1,181921
Granada,"Zubia, La",18,193,7,181937
Granada,Zújar,18,194,2,181942
Granada,"Taha, La",18,901,7,189017
Granada,"Valle, El",18,902,2,189022
Granada,Nevada,18,903,8,189038
Granada,Alpujarra de la Sierra,18,904,3,189043
Granada,"Gabias, Las",18,905,6,189056
Granada,"Guájares, Los",18,906,9,189069
Granada,Valle del Zalabí,18,907,5,189075
Granada,Villamena,18,908,1,189081
Granada,Morelábor,18,909,4,189094
Granada,"Pinar, El",18,910,8,189108
Granada,Vegas del Genil,18,911,5,189115
Granada,Cuevas del Campo,18,912,0,189120
Granada,Zagra,18,913,6,189136
Granada,Valderrubio,18,914,1,189141
Granada,Domingo Pérez de Granada,18,915,4,189154
Granada,Torrenueva Costa,18,916,7,189167
Guadalajara,Abánades,19,001,9,190019
Guadalajara,Ablanque,19,002,4,190024
Guadalajara,Adobes,19,003,0,190030
Guadalajara,Alaminos,19,004,5,190045
Guadalajara,Alarilla,19,005,8,190058
Guadalajara,Albalate de Zorita,19,006,1,190061
Guadalajara,Albares,19,007,7,190077
Guadalajara,Albendiego,19,008,3,190083
Guadalajara,Alcocer,19,009,6,190096
Guadalajara,Alcolea de las Peñas,19,010,0,190100
Guadalajara,Alcolea del Pinar,19,011,7,190117
Guadalajara,Alcoroches,19,013,8,190138
Guadalajara,Aldeanueva de Guadalajara,19,015,6,190156
Guadalajara,Algar de Mesa,19,016,9,190169
Guadalajara,Algora,19,017,5,190175
Guadalajara,Alhóndiga,19,018,1,190181
Guadalajara,Alique,19,019,4,190194
Guadalajara,Almadrones,19,020,8,190208
Guadalajara,Almoguera,19,021,5,190215
Guadalajara,Almonacid de Zorita,19,022,0,190220
Guadalajara,Alocén,19,023,6,190236
Guadalajara,Alovera,19,024,1,190241
Guadalajara,Alustante,19,027,3,190273
Guadalajara,Angón,19,031,3,190313
Guadalajara,Anguita,19,032,8,190328
Guadalajara,Anquela del Ducado,19,033,4,190334
Guadalajara,Anquela del Pedregal,19,034,9,190349
Guadalajara,Aranzueque,19,036,5,190365
Guadalajara,Arbancón,19,037,1,190371
Guadalajara,Arbeteta,19,038,7,190387
Guadalajara,Argecilla,19,039,0,190390
Guadalajara,Armallones,19,040,4,190404
Guadalajara,Armuña de Tajuña,19,041,1,190411
Guadalajara,Arroyo de las Fraguas,19,042,6,190426
Guadalajara,Atanzón,19,043,2,190432
Guadalajara,Atienza,19,044,7,190447
Guadalajara,Auñón,19,045,0,190450
Guadalajara,Azuqueca de Henares,19,046,3,190463
Guadalajara,Baides,19,047,9,190479
Guadalajara,Baños de Tajo,19,048,5,190485
Guadalajara,Bañuelos,19,049,8,190498
Guadalajara,Barriopedro,19,050,1,190501
Guadalajara,Berninches,19,051,8,190518
Guadalajara,"Bodera, La",19,052,3,190523
Guadalajara,Brihuega,19,053,9,190539
Guadalajara,Budia,19,054,4,190544
Guadalajara,Bujalaro,19,055,7,190557
Guadalajara,Bustares,19,057,6,190576
Guadalajara,Cabanillas del Campo,19,058,2,190582
Guadalajara,Campillo de Dueñas,19,059,5,190595
Guadalajara,Campillo de Ranas,19,060,9,190609
Guadalajara,Campisábalos,19,061,6,190616
Guadalajara,Canredondo,19,064,2,190642
Guadalajara,Cantalojas,19,065,5,190655
Guadalajara,Cañizar,19,066,8,190668
Guadalajara,"Cardoso de la Sierra, El",19,067,4,190674
Guadalajara,Casa de Uceda,19,070,7,190707
Guadalajara,"Casar, El",19,071,4,190714
Guadalajara,Casas de San Galindo,19,073,5,190735
Guadalajara,Caspueñas,19,074,0,190740
Guadalajara,Castejón de Henares,19,075,3,190753
Guadalajara,Castellar de la Muela,19,076,6,190766
Guadalajara,Castilforte,19,078,8,190788
Guadalajara,Castilnuevo,19,079,1,190791
Guadalajara,Cendejas de Enmedio,19,080,5,190805
Guadalajara,Cendejas de la Torre,19,081,2,190812
Guadalajara,Centenera,19,082,7,190827
Guadalajara,Cifuentes,19,086,4,190864
Guadalajara,Cincovillas,19,087,0,190870
Guadalajara,Ciruelas,19,088,6,190886
Guadalajara,Ciruelos del Pinar,19,089,9,190899
Guadalajara,Cobeta,19,090,3,190903
Guadalajara,Cogollor,19,091,0,190910
Guadalajara,Cogolludo,19,092,5,190925
Guadalajara,Condemios de Abajo,19,095,9,190959
Guadalajara,Condemios de Arriba,19,096,2,190962
Guadalajara,Congostrina,19,097,8,190978
Guadalajara,Copernal,19,098,4,190984
Guadalajara,Corduente,19,099,7,190997
Guadalajara,"Cubillo de Uceda, El",19,102,3,191023
Guadalajara,Checa,19,103,9,191039
Guadalajara,Chequilla,19,104,4,191044
Guadalajara,Chiloeches,19,105,7,191057
Guadalajara,Chillarón del Rey,19,106,0,191060
Guadalajara,Driebes,19,107,6,191076
Guadalajara,Durón,19,108,2,191082
Guadalajara,Embid,19,109,5,191095
Guadalajara,Escamilla,19,110,9,191109
Guadalajara,Escariche,19,111,6,191116
Guadalajara,Escopete,19,112,1,191121
Guadalajara,Espinosa de Henares,19,113,7,191137
Guadalajara,Esplegares,19,114,2,191142
Guadalajara,Establés,19,115,5,191155
Guadalajara,Estriégana,19,116,8,191168
Guadalajara,Fontanar,19,117,4,191174
Guadalajara,Fuembellida,19,118,0,191180
Guadalajara,Fuencemillán,19,119,3,191193
Guadalajara,Fuentelahiguera de Albatages,19,120,7,191207
Guadalajara,Fuentelencina,19,121,4,191214
Guadalajara,Fuentelsaz,19,122,9,191229
Guadalajara,Fuentelviejo,19,123,5,191235
Guadalajara,Fuentenovilla,19,124,0,191240
Guadalajara,Gajanejos,19,125,3,191253
Guadalajara,Galápagos,19,126,6,191266
Guadalajara,Galve de Sorbe,19,127,2,191272
Guadalajara,Gascueña de Bornova,19,129,1,191291
Guadalajara,Guadalajara,19,130,5,191305
Guadalajara,Henche,19,132,7,191327
Guadalajara,Heras de Ayuso,19,133,3,191333
Guadalajara,Herrería,19,134,8,191348
Guadalajara,Hiendelaencina,19,135,1,191351
Guadalajara,Hijes,19,136,4,191364
Guadalajara,Hita,19,138,6,191386
Guadalajara,Hombrados,19,139,9,191399
Guadalajara,Hontoba,19,142,5,191425
Guadalajara,Horche,19,143,1,191431
Guadalajara,Hortezuela de Océn,19,145,9,191459
Guadalajara,"Huerce, La",19,146,2,191462
Guadalajara,Huérmeces del Cerro,19,147,8,191478
Guadalajara,Huertahernando,19,148,4,191484
Guadalajara,Hueva,19,150,0,191500
Guadalajara,Humanes,19,151,7,191517
Guadalajara,Illana,19,152,2,191522
Guadalajara,Iniéstola,19,153,8,191538
Guadalajara,"Inviernas, Las",19,154,3,191543
Guadalajara,Irueste,19,155,6,191556
Guadalajara,Jadraque,19,156,9,191569
Guadalajara,Jirueque,19,157,5,191575
Guadalajara,Ledanca,19,159,4,191594
Guadalajara,Loranca de Tajuña,19,160,8,191608
Guadalajara,Lupiana,19,161,5,191615
Guadalajara,Luzaga,19,162,0,191620
Guadalajara,Luzón,19,163,6,191636
Guadalajara,Majaelrayo,19,165,4,191654
Guadalajara,Málaga del Fresno,19,166,7,191667
Guadalajara,Malaguilla,19,167,3,191673
Guadalajara,Mandayona,19,168,9,191689
Guadalajara,Mantiel,19,169,2,191692
Guadalajara,Maranchón,19,170,6,191706
Guadalajara,Marchamalo,19,171,3,191713
Guadalajara,Masegoso de Tajuña,19,172,8,191728
Guadalajara,Matarrubia,19,173,4,191734
Guadalajara,Matillas,19,174,9,191749
Guadalajara,Mazarete,19,175,2,191752
Guadalajara,Mazuecos,19,176,5,191765
Guadalajara,Medranda,19,177,1,191771
Guadalajara,Megina,19,178,7,191787
Guadalajara,Membrillera,19,179,0,191790
Guadalajara,Miedes de Atienza,19,181,1,191811
Guadalajara,"Mierla, La",19,182,6,191826
Guadalajara,Milmarcos,19,183,2,191832
Guadalajara,Millana,19,184,7,191847
Guadalajara,"Miñosa, La",19,185,0,191850
Guadalajara,Mirabueno,19,186,3,191863
Guadalajara,Miralrío,19,187,9,191879
Guadalajara,Mochales,19,188,5,191885
Guadalajara,Mohernando,19,189,8,191898
Guadalajara,Molina de Aragón,19,190,2,191902
Guadalajara,Monasterio,19,191,9,191919
Guadalajara,Mondéjar,19,192,4,191924
Guadalajara,Montarrón,19,193,0,191930
Guadalajara,Moratilla de los Meleros,19,194,5,191945
Guadalajara,Morenilla,19,195,8,191958
Guadalajara,Muduex,19,196,1,191961
Guadalajara,"Navas de Jadraque, Las",19,197,7,191977
Guadalajara,Negredo,19,198,3,191983
Guadalajara,Ocentejo,19,199,6,191996
Guadalajara,"Olivar, El",19,200,0,192000
Guadalajara,Olmeda de Cobeta,19,201,7,192017
Guadalajara,"Olmeda de Jadraque, La",19,202,2,192022
Guadalajara,"Ordial, El",19,203,8,192038
Guadalajara,Orea,19,204,3,192043
Guadalajara,Pálmaces de Jadraque,19,208,1,192081
Guadalajara,Pardos,19,209,4,192094
Guadalajara,Paredes de Sigüenza,19,210,8,192108
Guadalajara,Pareja,19,211,5,192115
Guadalajara,Pastrana,19,212,0,192120
Guadalajara,"Pedregal, El",19,213,6,192136
Guadalajara,Peñalén,19,214,1,192141
Guadalajara,Peñalver,19,215,4,192154
Guadalajara,Peralejos de las Truchas,19,216,7,192167
Guadalajara,Peralveche,19,217,3,192173
Guadalajara,Pinilla de Jadraque,19,218,9,192189
Guadalajara,Pinilla de Molina,19,219,2,192192
Guadalajara,Pioz,19,220,6,192206
Guadalajara,Piqueras,19,221,3,192213
Guadalajara,"Pobo de Dueñas, El",19,222,8,192228
Guadalajara,Poveda de la Sierra,19,223,4,192234
Guadalajara,Pozo de Almoguera,19,224,9,192249
Guadalajara,Pozo de Guadalajara,19,225,2,192252
Guadalajara,Prádena de Atienza,19,226,5,192265
Guadalajara,Prados Redondos,19,227,1,192271
Guadalajara,Puebla de Beleña,19,228,7,192287
Guadalajara,Puebla de Valles,19,229,0,192290
Guadalajara,Quer,19,230,4,192304
Guadalajara,Rebollosa de Jadraque,19,231,1,192311
Guadalajara,"Recuenco, El",19,232,6,192326
Guadalajara,Renera,19,233,2,192332
Guadalajara,Retiendas,19,234,7,192347
Guadalajara,Riba de Saelices,19,235,0,192350
Guadalajara,Rillo de Gallo,19,237,9,192379
Guadalajara,Riofrío del Llano,19,238,5,192385
Guadalajara,Robledillo de Mohernando,19,239,8,192398
Guadalajara,Robledo de Corpes,19,240,2,192402
Guadalajara,Romanillos de Atienza,19,241,9,192419
Guadalajara,Romanones,19,242,4,192424
Guadalajara,Rueda de la Sierra,19,243,0,192430
Guadalajara,Sacecorbo,19,244,5,192445
Guadalajara,Sacedón,19,245,8,192458
Guadalajara,Saelices de la Sal,19,246,1,192461
Guadalajara,Salmerón,19,247,7,192477
Guadalajara,San Andrés del Congosto,19,248,3,192483
Guadalajara,San Andrés del Rey,19,249,6,192496
Guadalajara,Santiuste,19,250,9,192509
Guadalajara,Saúca,19,251,6,192516
Guadalajara,Sayatón,19,252,1,192521
Guadalajara,Selas,19,254,2,192542
Guadalajara,Setiles,19,255,5,192555
Guadalajara,Sienes,19,256,8,192568
Guadalajara,Sigüenza,19,257,4,192574
Guadalajara,Solanillos del Extremo,19,258,0,192580
Guadalajara,Somolinos,19,259,3,192593
Guadalajara,"Sotillo, El",19,260,7,192607
Guadalajara,Sotodosos,19,261,4,192614
Guadalajara,Tamajón,19,262,9,192629
Guadalajara,Taragudo,19,263,5,192635
Guadalajara,Taravilla,19,264,0,192640
Guadalajara,Tartanedo,19,265,3,192653
Guadalajara,Tendilla,19,266,6,192666
Guadalajara,Terzaga,19,267,2,192672
Guadalajara,Tierzo,19,268,8,192688
Guadalajara,"Toba, La",19,269,1,192691
Guadalajara,Tordelrábano,19,270,5,192705
Guadalajara,Tordellego,19,271,2,192712
Guadalajara,Tordesilos,19,272,7,192727
Guadalajara,Torija,19,274,8,192748
Guadalajara,Torrecuadrada de Molina,19,277,0,192770
Guadalajara,Torrecuadradilla,19,278,6,192786
Guadalajara,Torre del Burgo,19,279,9,192799
Guadalajara,Torrejón del Rey,19,280,3,192803
Guadalajara,Torremocha de Jadraque,19,281,0,192810
Guadalajara,Torremocha del Campo,19,282,5,192825
Guadalajara,Torremocha del Pinar,19,283,1,192831
Guadalajara,Torremochuela,19,284,6,192846
Guadalajara,Torrubia,19,285,9,192859
Guadalajara,Tórtola de Henares,19,286,2,192862
Guadalajara,Tortuera,19,287,8,192878
Guadalajara,Tortuero,19,288,4,192884
Guadalajara,Traíd,19,289,7,192897
Guadalajara,Trijueque,19,290,1,192901
Guadalajara,Trillo,19,291,8,192918
Guadalajara,Uceda,19,293,9,192939
Guadalajara,Ujados,19,294,4,192944
Guadalajara,Utande,19,296,0,192960
Guadalajara,Valdarachas,19,297,6,192976
Guadalajara,Valdearenas,19,298,2,192982
Guadalajara,Valdeavellano,19,299,5,192995
Guadalajara,Valdeaveruelo,19,300,9,193009
Guadalajara,Valdeconcha,19,301,6,193016
Guadalajara,Valdegrudas,19,302,1,193021
Guadalajara,Valdelcubo,19,303,7,193037
Guadalajara,Valdenuño Fernández,19,304,2,193042
Guadalajara,Valdepeñas de la Sierra,19,305,5,193055
Guadalajara,Valderrebollo,19,306,8,193068
Guadalajara,Valdesotos,19,307,4,193074
Guadalajara,Valfermoso de Tajuña,19,308,0,193080
Guadalajara,Valhermoso,19,309,3,193093
Guadalajara,Valtablado del Río,19,310,7,193107
Guadalajara,Valverde de los Arroyos,19,311,4,193114
Guadalajara,Viana de Jadraque,19,314,0,193140
Guadalajara,Villanueva de Alcorón,19,317,2,193172
Guadalajara,Villanueva de Argecilla,19,318,8,193188
Guadalajara,Villanueva de la Torre,19,319,1,193191
Guadalajara,Villares de Jadraque,19,321,2,193212
Guadalajara,Villaseca de Henares,19,322,7,193227
Guadalajara,Villaseca de Uceda,19,323,3,193233
Guadalajara,Villel de Mesa,19,324,8,193248
Guadalajara,Viñuelas,19,325,1,193251
Guadalajara,Yebes,19,326,4,193264
Guadalajara,Yebra,19,327,0,193270
Guadalajara,Yélamos de Abajo,19,329,9,193299
Guadalajara,Yélamos de Arriba,19,330,3,193303
Guadalajara,Yunquera de Henares,19,331,0,193310
Guadalajara,"Yunta, La",19,332,5,193325
Guadalajara,Zaorejas,19,333,1,193331
Guadalajara,Zarzuela de Jadraque,19,334,6,193346
Guadalajara,Zorita de los Canes,19,335,9,193359
Guadalajara,Semillas,19,901,0,199010
Gipuzkoa,Abaltzisketa,20,001,3,200013
Gipuzkoa,Aduna,20,002,8,200028
Gipuzkoa,Aizarnazabal,20,003,4,200034
Gipuzkoa,Albiztur,20,004,9,200049
Gipuzkoa,Alegia,20,005,2,200052
Gipuzkoa,Alkiza,20,006,5,200065
Gipuzkoa,Altzo,20,007,1,200071
Gipuzkoa,Amezketa,20,008,7,200087
Gipuzkoa,Andoain,20,009,0,200090
Gipuzkoa,Anoeta,20,010,4,200104
Gipuzkoa,Antzuola,20,011,1,200111
Gipuzkoa,Arama,20,012,6,200126
Gipuzkoa,Aretxabaleta,20,013,2,200132
Gipuzkoa,Asteasu,20,014,7,200147
Gipuzkoa,Ataun,20,015,0,200150
Gipuzkoa,Aia,20,016,3,200163
Gipuzkoa,Azkoitia,20,017,9,200179
Gipuzkoa,Azpeitia,20,018,5,200185
Gipuzkoa,Beasain,20,019,8,200198
Gipuzkoa,Beizama,20,020,2,200202
Gipuzkoa,Belauntza,20,021,9,200219
Gipuzkoa,Berastegi,20,022,4,200224
Gipuzkoa,Berrobi,20,023,0,200230
Gipuzkoa,Bidania-Goiatz,20,024,5,200245
Gipuzkoa,Zegama,20,025,8,200258
Gipuzkoa,Zerain,20,026,1,200261
Gipuzkoa,Zestoa,20,027,7,200277
Gipuzkoa,Zizurkil,20,028,3,200283
Gipuzkoa,Deba,20,029,6,200296
Gipuzkoa,Eibar,20,030,0,200300
Gipuzkoa,Elduain,20,031,7,200317
Gipuzkoa,Elgoibar,20,032,2,200322
Gipuzkoa,Elgeta,20,033,8,200338
Gipuzkoa,Eskoriatza,20,034,3,200343
Gipuzkoa,Ezkio-Itsaso,20,035,6,200356
Gipuzkoa,Hondarribia,20,036,9,200369
Gipuzkoa,Gaintza,20,037,5,200375
Gipuzkoa,Gabiria,20,038,1,200381
Gipuzkoa,Getaria,20,039,4,200394
Gipuzkoa,Hernani,20,040,8,200408
Gipuzkoa,Hernialde,20,041,5,200415
Gipuzkoa,Ibarra,20,042,0,200420
Gipuzkoa,Idiazabal,20,043,6,200436
Gipuzkoa,Ikaztegieta,20,044,1,200441
Gipuzkoa,Irun,20,045,4,200454
Gipuzkoa,Irura,20,046,7,200467
Gipuzkoa,Itsasondo,20,047,3,200473
Gipuzkoa,Larraul,20,048,9,200489
Gipuzkoa,Lazkao,20,049,2,200492
Gipuzkoa,Leaburu,20,050,5,200505
Gipuzkoa,Legazpi,20,051,2,200512
Gipuzkoa,Legorreta,20,052,7,200527
Gipuzkoa,Lezo,20,053,3,200533
Gipuzkoa,Lizartza,20,054,8,200548
Gipuzkoa,Arrasate/Mondragón,20,055,1,200551
Gipuzkoa,Mutriku,20,056,4,200564
Gipuzkoa,Mutiloa,20,057,0,200570
Gipuzkoa,Olaberria,20,058,6,200586
Gipuzkoa,Oñati,20,059,9,200599
Gipuzkoa,Orexa,20,060,3,200603
Gipuzkoa,Orio,20,061,0,200610
Gipuzkoa,Ormaiztegi,20,062,5,200625
Gipuzkoa,Oiartzun,20,063,1,200631
Gipuzkoa,Pasaia,20,064,6,200646
Gipuzkoa,Soraluze-Placencia de las Armas,20,065,9,200659
Gipuzkoa,Errezil,20,066,2,200662
Gipuzkoa,Errenteria,20,067,8,200678
Gipuzkoa,Leintz-Gatzaga,20,068,4,200684
Gipuzkoa,Donostia/San Sebastián,20,069,7,200697
Gipuzkoa,Segura,20,070,1,200701
Gipuzkoa,Tolosa,20,071,8,200718
Gipuzkoa,Urnieta,20,072,3,200723
Gipuzkoa,Usurbil,20,073,9,200739
Gipuzkoa,Bergara,20,074,4,200744
Gipuzkoa,Villabona,20,075,7,200757
Gipuzkoa,Ordizia,20,076,0,200760
Gipuzkoa,Urretxu,20,077,6,200776
Gipuzkoa,Zaldibia,20,078,2,200782
Gipuzkoa,Zarautz,20,079,5,200795
Gipuzkoa,Zumarraga,20,080,9,200809
Gipuzkoa,Zumaia,20,081,6,200816
Gipuzkoa,Mendaro,20,901,4,209014
Gipuzkoa,Lasarte-Oria,20,902,9,209029
Gipuzkoa,Astigarraga,20,903,5,209035
Gipuzkoa,Baliarrain,20,904,0,209040
Gipuzkoa,Orendain,20,905,3,209053
Gipuzkoa,Altzaga,20,906,6,209066
Gipuzkoa,Gaztelu,20,907,2,209072
Huelva,Alájar,21,001,0,210010
Huelva,Aljaraque,21,002,5,210025
Huelva,"Almendro, El",21,003,1,210031
Huelva,Almonaster la Real,21,004,6,210046
Huelva,Almonte,21,005,9,210059
Huelva,Alosno,21,006,2,210062
Huelva,Aracena,21,007,8,210078
Huelva,Aroche,21,008,4,210084
Huelva,Arroyomolinos de León,21,009,7,210097
Huelva,Ayamonte,21,010,1,210101
Huelva,Beas,21,011,8,210118
Huelva,Berrocal,21,012,3,210123
Huelva,Bollullos Par del Condado,21,013,9,210139
Huelva,Bonares,21,014,4,210144
Huelva,Cabezas Rubias,21,015,7,210157
Huelva,Cala,21,016,0,210160
Huelva,Calañas,21,017,6,210176
Huelva,"Campillo, El",21,018,2,210182
Huelva,Campofrío,21,019,5,210195
Huelva,Cañaveral de León,21,020,9,210209
Huelva,Cartaya,21,021,6,210216
Huelva,Castaño del Robledo,21,022,1,210221
Huelva,"Cerro de Andévalo, El",21,023,7,210237
Huelva,Corteconcepción,21,024,2,210242
Huelva,Cortegana,21,025,5,210255
Huelva,Cortelazor,21,026,8,210268
Huelva,Cumbres de Enmedio,21,027,4,210274
Huelva,Cumbres de San Bartolomé,21,028,0,210280
Huelva,Cumbres Mayores,21,029,3,210293
Huelva,Chucena,21,030,7,210307
Huelva,Encinasola,21,031,4,210314
Huelva,Escacena del Campo,21,032,9,210329
Huelva,Fuenteheridos,21,033,5,210335
Huelva,Galaroza,21,034,0,210340
Huelva,Gibraleón,21,035,3,210353
Huelva,"Granada de Río-Tinto, La",21,036,6,210366
Huelva,"Granado, El",21,037,2,210372
Huelva,Higuera de la Sierra,21,038,8,210388
Huelva,Hinojales,21,039,1,210391
Huelva,Hinojos,21,040,5,210405
Huelva,Huelva,21,041,2,210412
Huelva,Isla Cristina,21,042,7,210427
Huelva,Jabugo,21,043,3,210433
Huelva,Lepe,21,044,8,210448
Huelva,Linares de la Sierra,21,045,1,210451
Huelva,Lucena del Puerto,21,046,4,210464
Huelva,Manzanilla,21,047,0,210470
Huelva,"Marines, Los",21,048,6,210486
Huelva,Minas de Riotinto,21,049,9,210499
Huelva,Moguer,21,050,2,210502
Huelva,"Nava, La",21,051,9,210519
Huelva,Nerva,21,052,4,210524
Huelva,Niebla,21,053,0,210530
Huelva,"Palma del Condado, La",21,054,5,210545
Huelva,Palos de la Frontera,21,055,8,210558
Huelva,Paterna del Campo,21,056,1,210561
Huelva,Paymogo,21,057,7,210577
Huelva,Puebla de Guzmán,21,058,3,210583
Huelva,Puerto Moral,21,059,6,210596
Huelva,Punta Umbría,21,060,0,210600
Huelva,Rociana del Condado,21,061,7,210617
Huelva,Rosal de la Frontera,21,062,2,210622
Huelva,San Bartolomé de la Torre,21,063,8,210638
Huelva,San Juan del Puerto,21,064,3,210643
Huelva,Sanlúcar de Guadiana,21,065,6,210656
Huelva,San Silvestre de Guzmán,21,066,9,210669
Huelva,Santa Ana la Real,21,067,5,210675
Huelva,Santa Bárbara de Casa,21,068,1,210681
Huelva,Santa Olalla del Cala,21,069,4,210694
Huelva,Trigueros,21,070,8,210708
Huelva,Valdelarco,21,071,5,210715
Huelva,Valverde del Camino,21,072,0,210720
Huelva,Villablanca,21,073,6,210736
Huelva,Villalba del Alcor,21,074,1,210741
Huelva,Villanueva de las Cruces,21,075,4,210754
Huelva,Villanueva de los Castillejos,21,076,7,210767
Huelva,Villarrasa,21,077,3,210773
Huelva,Zalamea la Real,21,078,9,210789
Huelva,Zufre,21,079,2,210792
Huelva,"Zarza-Perrunal, La",21,902,6,219026
Huesca,Abiego,22,001,5,220015
Huesca,Abizanda,22,002,0,220020
Huesca,Adahuesca,22,003,6,220036
Huesca,Agüero,22,004,1,220041
Huesca,Aisa,22,006,7,220067
Huesca,Albalate de Cinca,22,007,3,220073
Huesca,Albalatillo,22,008,9,220089
Huesca,Albelda,22,009,2,220092
Huesca,Albero Alto,22,011,3,220113
Huesca,Albero Bajo,22,012,8,220128
Huesca,Alberuela de Tubo,22,013,4,220134
Huesca,Alcalá de Gurrea,22,014,9,220149
Huesca,Alcalá del Obispo,22,015,2,220152
Huesca,Alcampell,22,016,5,220165
Huesca,Alcolea de Cinca,22,017,1,220171
Huesca,Alcubierre,22,018,7,220187
Huesca,Alerre,22,019,0,220190
Huesca,Alfántega,22,020,4,220204
Huesca,Almudévar,22,021,1,220211
Huesca,Almunia de San Juan,22,022,6,220226
Huesca,Almuniente,22,023,2,220232
Huesca,Alquézar,22,024,7,220247
Huesca,Altorricón,22,025,0,220250
Huesca,Angüés,22,027,9,220279
Huesca,Ansó,22,028,5,220285
Huesca,Antillón,22,029,8,220298
Huesca,Aragüés del Puerto,22,032,4,220324
Huesca,Arén,22,035,8,220358
Huesca,Argavieso,22,036,1,220361
Huesca,Arguis,22,037,7,220377
Huesca,Ayerbe,22,039,6,220396
Huesca,Azanuy-Alins,22,040,0,220400
Huesca,Azara,22,041,7,220417
Huesca,Azlor,22,042,2,220422
Huesca,Baélls,22,043,8,220438
Huesca,Bailo,22,044,3,220443
Huesca,Baldellou,22,045,6,220456
Huesca,Ballobar,22,046,9,220469
Huesca,Banastás,22,047,5,220475
Huesca,Barbastro,22,048,1,220481
Huesca,Barbués,22,049,4,220494
Huesca,Barbuñales,22,050,7,220507
Huesca,Bárcabo,22,051,4,220514
Huesca,Belver de Cinca,22,052,9,220529
Huesca,Benabarre,22,053,5,220535
Huesca,Benasque,22,054,0,220540
Huesca,Berbegal,22,055,3,220553
Huesca,Bielsa,22,057,2,220572
Huesca,Bierge,22,058,8,220588
Huesca,Biescas,22,059,1,220591
Huesca,Binaced,22,060,5,220605
Huesca,Binéfar,22,061,2,220612
Huesca,Bisaurri,22,062,7,220627
Huesca,Biscarrués,22,063,3,220633
Huesca,Blecua y Torres,22,064,8,220648
Huesca,Boltaña,22,066,4,220664
Huesca,Bonansa,22,067,0,220670
Huesca,Borau,22,068,6,220686
Huesca,Broto,22,069,9,220699
Huesca,Caldearenas,22,072,5,220725
Huesca,Campo,22,074,6,220746
Huesca,Camporrélls,22,075,9,220759
Huesca,Canal de Berdún,22,076,2,220762
Huesca,Candasnos,22,077,8,220778
Huesca,Canfranc,22,078,4,220784
Huesca,Capdesaso,22,079,7,220797
Huesca,Capella,22,080,1,220801
Huesca,Casbas de Huesca,22,081,8,220818
Huesca,Castejón del Puente,22,082,3,220823
Huesca,Castejón de Monegros,22,083,9,220839
Huesca,Castejón de Sos,22,084,4,220844
Huesca,Castelflorite,22,085,7,220857
Huesca,Castiello de Jaca,22,086,0,220860
Huesca,Castigaleu,22,087,6,220876
Huesca,Castillazuelo,22,088,2,220882
Huesca,Castillonroy,22,089,5,220895
Huesca,Colungo,22,090,9,220909
Huesca,Chalamera,22,094,2,220942
Huesca,Chía,22,095,5,220955
Huesca,Chimillas,22,096,8,220968
Huesca,Esplús,22,099,3,220993
Huesca,Estada,22,102,9,221029
Huesca,Estadilla,22,103,5,221035
Huesca,Estopiñán del Castillo,22,105,3,221053
Huesca,Fago,22,106,6,221066
Huesca,Fanlo,22,107,2,221072
Huesca,Fiscal,22,109,1,221091
Huesca,Fonz,22,110,5,221105
Huesca,Foradada del Toscar,22,111,2,221112
Huesca,Fraga,22,112,7,221127
Huesca,"Fueva, La",22,113,3,221133
Huesca,Gistaín,22,114,8,221148
Huesca,"Grado, El",22,115,1,221151
Huesca,Grañén,22,116,4,221164
Huesca,Graus,22,117,0,221170
Huesca,Gurrea de Gállego,22,119,9,221199
Huesca,Hoz de Jaca,22,122,5,221225
Huesca,Huerto,22,124,6,221246
Huesca,Huesca,22,125,9,221259
Huesca,Ibieca,22,126,2,221262
Huesca,Igriés,22,127,8,221278
Huesca,Ilche,22,128,4,221284
Huesca,Isábena,22,129,7,221297
Huesca,Jaca,22,130,1,221301
Huesca,Jasa,22,131,8,221318
Huesca,Labuerda,22,133,9,221339
Huesca,Laluenga,22,135,7,221357
Huesca,Lalueza,22,136,0,221360
Huesca,Lanaja,22,137,6,221376
Huesca,Laperdiguera,22,139,5,221395
Huesca,Lascellas-Ponzano,22,141,6,221416
Huesca,Lascuarre,22,142,1,221421
Huesca,Laspaúles,22,143,7,221437
Huesca,Laspuña,22,144,2,221442
Huesca,Loarre,22,149,3,221493
Huesca,Loporzano,22,150,6,221506
Huesca,Loscorrales,22,151,3,221513
Huesca,Monesma y Cajigar,22,155,2,221552
Huesca,Monflorite-Lascasas,22,156,5,221565
Huesca,Montanuy,22,157,1,221571
Huesca,Monzón,22,158,7,221587
Huesca,Naval,22,160,4,221604
Huesca,Novales,22,162,6,221626
Huesca,Nueno,22,163,2,221632
Huesca,Olvena,22,164,7,221647
Huesca,Ontiñena,22,165,0,221650
Huesca,Osso de Cinca,22,167,9,221679
Huesca,Palo,22,168,5,221685
Huesca,Panticosa,22,170,2,221702
Huesca,Peñalba,22,172,4,221724
Huesca,"Peñas de Riglos, Las",22,173,0,221730
Huesca,Peralta de Alcofea,22,174,5,221745
Huesca,Peralta de Calasanz,22,175,8,221758
Huesca,Peraltilla,22,176,1,221761
Huesca,Perarrúa,22,177,7,221777
Huesca,Pertusa,22,178,3,221783
Huesca,Piracés,22,181,7,221817
Huesca,Plan,22,182,2,221822
Huesca,Poleñino,22,184,3,221843
Huesca,Pozán de Vero,22,186,9,221869
Huesca,"Puebla de Castro, La",22,187,5,221875
Huesca,Puente de Montañana,22,188,1,221881
Huesca,Puértolas,22,189,4,221894
Huesca,"Pueyo de Araguás, El",22,190,8,221908
Huesca,Pueyo de Santa Cruz,22,193,6,221936
Huesca,Quicena,22,195,4,221954
Huesca,Robres,22,197,3,221973
Huesca,Sabiñánigo,22,199,2,221992
Huesca,Sahún,22,200,6,222006
Huesca,Salas Altas,22,201,3,222013
Huesca,Salas Bajas,22,202,8,222028
Huesca,Salillas,22,203,4,222034
Huesca,Sallent de Gállego,22,204,9,222049
Huesca,San Esteban de Litera,22,205,2,222052
Huesca,Sangarrén,22,206,5,222065
Huesca,San Juan de Plan,22,207,1,222071
Huesca,Santa Cilia,22,208,7,222087
Huesca,Santa Cruz de la Serós,22,209,0,222090
Huesca,Santaliestra y San Quílez,22,212,6,222126
Huesca,Sariñena,22,213,2,222132
Huesca,Secastilla,22,214,7,222147
Huesca,Seira,22,215,0,222150
Huesca,Sena,22,217,9,222179
Huesca,Senés de Alcubierre,22,218,5,222185
Huesca,Sesa,22,220,2,222202
Huesca,Sesué,22,221,9,222219
Huesca,Siétamo,22,222,4,222224
Huesca,Sopeira,22,223,0,222230
Huesca,Tamarite de Litera,22,225,8,222258
Huesca,Tardienta,22,226,1,222261
Huesca,Tella-Sin,22,227,7,222277
Huesca,Tierz,22,228,3,222283
Huesca,Tolva,22,229,6,222296
Huesca,Torla-Ordesa,22,230,0,222300
Huesca,Torralba de Aragón,22,232,2,222322
Huesca,Torre la Ribera,22,233,8,222338
Huesca,Torrente de Cinca,22,234,3,222343
Huesca,Torres de Alcanadre,22,235,6,222356
Huesca,Torres de Barbués,22,236,9,222369
Huesca,Tramaced,22,239,4,222394
Huesca,Valfarta,22,242,0,222420
Huesca,Valle de Bardají,22,243,6,222436
Huesca,Valle de Lierp,22,244,1,222441
Huesca,Velilla de Cinca,22,245,4,222454
Huesca,Beranuy,22,246,7,222467
Huesca,Viacamp y Litera,22,247,3,222473
Huesca,Vicién,22,248,9,222489
Huesca,Villanova,22,249,2,222492
Huesca,Villanúa,22,250,5,222505
Huesca,Villanueva de Sigena,22,251,2,222512
Huesca,Yebra de Basa,22,252,7,222527
Huesca,Yésero,22,253,3,222533
Huesca,Zaidín,22,254,8,222548
Huesca,Valle de Hecho,22,901,6,229016
Huesca,Puente la Reina de Jaca,22,902,1,229021
Huesca,San Miguel del Cinca,22,903,7,229037
Huesca,"Sotonera, La",22,904,2,229042
Huesca,Lupiñén-Ortilla,22,905,5,229055
Huesca,Santa María de Dulcis,22,906,8,229068
Huesca,Aínsa-Sobrarbe,22,907,4,229074
Huesca,Hoz y Costean,22,908,0,229080
Huesca,Vencillón,22,909,3,229093
Jaén,Albanchez de Mágina,23,001,1,230011
Jaén,Alcalá la Real,23,002,6,230026
Jaén,Alcaudete,23,003,2,230032
Jaén,Aldeaquemada,23,004,7,230047
Jaén,Andújar,23,005,0,230050
Jaén,Arjona,23,006,3,230063
Jaén,Arjonilla,23,007,9,230079
Jaén,Arquillos,23,008,5,230085
Jaén,Baeza,23,009,8,230098
Jaén,Bailén,23,010,2,230102
Jaén,Baños de la Encina,23,011,9,230119
Jaén,Beas de Segura,23,012,4,230124
Jaén,Begíjar,23,014,5,230145
Jaén,Bélmez de la Moraleda,23,015,8,230158
Jaén,Benatae,23,016,1,230161
Jaén,Cabra del Santo Cristo,23,017,7,230177
Jaén,Cambil,23,018,3,230183
Jaén,Campillo de Arenas,23,019,6,230196
Jaén,Canena,23,020,0,230200
Jaén,Carboneros,23,021,7,230217
Jaén,"Carolina, La",23,024,3,230243
Jaén,Castellar,23,025,6,230256
Jaén,Castillo de Locubín,23,026,9,230269
Jaén,Cazalilla,23,027,5,230275
Jaén,Cazorla,23,028,1,230281
Jaén,Chiclana de Segura,23,029,4,230294
Jaén,Chilluévar,23,030,8,230308
Jaén,Escañuela,23,031,5,230315
Jaén,Espeluy,23,032,0,230320
Jaén,Frailes,23,033,6,230336
Jaén,Fuensanta de Martos,23,034,1,230341
Jaén,Fuerte del Rey,23,035,4,230354
Jaén,Génave,23,037,3,230373
Jaén,"Guardia de Jaén, La",23,038,9,230389
Jaén,Guarromán,23,039,2,230392
Jaén,Lahiguera,23,040,6,230406
Jaén,Higuera de Calatrava,23,041,3,230413
Jaén,Hinojares,23,042,8,230428
Jaén,Hornos,23,043,4,230434
Jaén,Huelma,23,044,9,230449
Jaén,Huesa,23,045,2,230452
Jaén,Ibros,23,046,5,230465
Jaén,"Iruela, La",23,047,1,230471
Jaén,Iznatoraf,23,048,7,230487
Jaén,Jabalquinto,23,049,0,230490
Jaén,Jaén,23,050,3,230503
Jaén,Jamilena,23,051,0,230510
Jaén,Jimena,23,052,5,230525
Jaén,Jódar,23,053,1,230531
Jaén,Larva,23,054,6,230546
Jaén,Linares,23,055,9,230559
Jaén,Lopera,23,056,2,230562
Jaén,Lupión,23,057,8,230578
Jaén,Mancha Real,23,058,4,230584
Jaén,Marmolejo,23,059,7,230597
Jaén,Martos,23,060,1,230601
Jaén,Mengíbar,23,061,8,230618
Jaén,Montizón,23,062,3,230623
Jaén,Navas de San Juan,23,063,9,230639
Jaén,Noalejo,23,064,4,230644
Jaén,Orcera,23,065,7,230657
Jaén,Peal de Becerro,23,066,0,230660
Jaén,Pegalajar,23,067,6,230676
Jaén,Porcuna,23,069,5,230695
Jaén,Pozo Alcón,23,070,9,230709
Jaén,Puente de Génave,23,071,6,230716
Jaén,"Puerta de Segura, La",23,072,1,230721
Jaén,Quesada,23,073,7,230737
Jaén,Rus,23,074,2,230742
Jaén,Sabiote,23,075,5,230755
Jaén,Santa Elena,23,076,8,230768
Jaén,Santiago de Calatrava,23,077,4,230774
Jaén,Santisteban del Puerto,23,079,3,230793
Jaén,Santo Tomé,23,080,7,230807
Jaén,Segura de la Sierra,23,081,4,230814
Jaén,Siles,23,082,9,230829
Jaén,Sorihuela del Guadalimar,23,084,0,230840
Jaén,Torreblascopedro,23,085,3,230853
Jaén,Torredelcampo,23,086,6,230866
Jaén,Torredonjimeno,23,087,2,230872
Jaén,Torreperogil,23,088,8,230888
Jaén,Torres,23,090,5,230905
Jaén,Torres de Albánchez,23,091,2,230912
Jaén,Úbeda,23,092,7,230927
Jaén,Valdepeñas de Jaén,23,093,3,230933
Jaén,Vilches,23,094,8,230948
Jaén,Villacarrillo,23,095,1,230951
Jaén,Villanueva de la Reina,23,096,4,230964
Jaén,Villanueva del Arzobispo,23,097,0,230970
Jaén,Villardompardo,23,098,6,230986
Jaén,"Villares, Los",23,099,9,230999
Jaén,Villarrodrigo,23,101,0,231010
Jaén,Cárcheles,23,901,2,239012
Jaén,Bedmar y Garcíez,23,902,7,239027
Jaén,Villatorres,23,903,3,239033
Jaén,Santiago-Pontones,23,904,8,239048
Jaén,Arroyo del Ojanco,23,905,1,239051
León,Acebedo,24,001,6,240016
León,Algadefe,24,002,1,240021
León,Alija del Infantado,24,003,7,240037
León,Almanza,24,004,2,240042
León,"Antigua, La",24,005,5,240055
León,Ardón,24,006,8,240068
León,Arganza,24,007,4,240074
León,Astorga,24,008,0,240080
León,Balboa,24,009,3,240093
León,"Bañeza, La",24,010,7,240107
León,Barjas,24,011,4,240114
León,"Barrios de Luna, Los",24,012,9,240129
León,Bembibre,24,014,0,240140
León,Benavides,24,015,3,240153
León,Benuza,24,016,6,240166
León,Bercianos del Páramo,24,017,2,240172
León,Bercianos del Real Camino,24,018,8,240188
León,Berlanga del Bierzo,24,019,1,240191
León,Boca de Huérgano,24,020,5,240205
León,Boñar,24,021,2,240212
León,Borrenes,24,022,7,240227
León,Brazuelo,24,023,3,240233
León,"Burgo Ranero, El",24,024,8,240248
León,Burón,24,025,1,240251
León,Bustillo del Páramo,24,026,4,240264
León,Cabañas Raras,24,027,0,240270
León,Cabreros del Río,24,028,6,240286
León,Cabrillanes,24,029,9,240299
León,Cacabelos,24,030,3,240303
León,Calzada del Coto,24,031,0,240310
León,Campazas,24,032,5,240325
León,Campo de Villavidel,24,033,1,240331
León,Camponaraya,24,034,6,240346
León,Valle de Ancares,24,036,2,240362
León,Cármenes,24,037,8,240378
León,Carracedelo,24,038,4,240384
León,Carrizo,24,039,7,240397
León,Carrocera,24,040,1,240401
León,Carucedo,24,041,8,240418
León,Castilfalé,24,042,3,240423
León,Castrillo de Cabrera,24,043,9,240439
León,Castrillo de la Valduerna,24,044,4,240444
León,Castrocalbón,24,046,0,240460
León,Castrocontrigo,24,047,6,240476
León,Castropodame,24,049,5,240495
León,Castrotierra de Valmadrigal,24,050,8,240508
León,Cea,24,051,5,240515
León,Cebanico,24,052,0,240520
León,Cebrones del Río,24,053,6,240536
León,Cimanes de la Vega,24,054,1,240541
León,Cimanes del Tejar,24,055,4,240554
León,Cistierna,24,056,7,240567
León,Congosto,24,057,3,240573
León,Corbillos de los Oteros,24,058,9,240589
León,Corullón,24,059,2,240592
León,Crémenes,24,060,6,240606
León,Cuadros,24,061,3,240613
León,Cubillas de los Oteros,24,062,8,240628
León,Cubillas de Rueda,24,063,4,240634
León,Cubillos del Sil,24,064,9,240649
León,Chozas de Abajo,24,065,2,240652
León,Destriana,24,066,5,240665
León,Encinedo,24,067,1,240671
León,"Ercina, La",24,068,7,240687
León,Escobar de Campos,24,069,0,240690
León,Fabero,24,070,4,240704
León,Folgoso de la Ribera,24,071,1,240711
León,Fresno de la Vega,24,073,2,240732
León,Fuentes de Carbajal,24,074,7,240747
León,Garrafe de Torío,24,076,3,240763
León,Gordaliza del Pino,24,077,9,240779
León,Gordoncillo,24,078,5,240785
León,Gradefes,24,079,8,240798
León,Grajal de Campos,24,080,2,240802
León,Gusendos de los Oteros,24,081,9,240819
León,Hospital de Órbigo,24,082,4,240824
León,Igüeña,24,083,0,240830
León,Izagre,24,084,5,240845
León,Joarilla de las Matas,24,086,1,240861
León,Laguna Dalga,24,087,7,240877
León,Laguna de Negrillos,24,088,3,240883
León,León,24,089,6,240896
León,Lucillo,24,090,0,240900
León,Luyego,24,091,7,240917
León,Llamas de la Ribera,24,092,2,240922
León,Magaz de Cepeda,24,093,8,240938
León,Mansilla de las Mulas,24,094,3,240943
León,Mansilla Mayor,24,095,6,240956
León,Maraña,24,096,9,240969
León,Matadeón de los Oteros,24,097,5,240975
León,Matallana de Torío,24,098,1,240981
León,Matanza,24,099,4,240994
León,Molinaseca,24,100,8,241008
León,Murias de Paredes,24,101,5,241015
León,Noceda del Bierzo,24,102,0,241020
León,Oencia,24,103,6,241036
León,"Omañas, Las",24,104,1,241041
León,Onzonilla,24,105,4,241054
León,Oseja de Sajambre,24,106,7,241067
León,Pajares de los Oteros,24,107,3,241073
León,Palacios de la Valduerna,24,108,9,241089
León,Palacios del Sil,24,109,2,241092
León,Páramo del Sil,24,110,6,241106
León,Peranzanes,24,112,8,241128
León,Pobladura de Pelayo García,24,113,4,241134
León,"Pola de Gordón, La",24,114,9,241149
León,Ponferrada,24,115,2,241152
León,Posada de Valdeón,24,116,5,241165
León,Pozuelo del Páramo,24,117,1,241171
León,Prado de la Guzpeña,24,118,7,241187
León,Priaranza del Bierzo,24,119,0,241190
León,Prioro,24,120,4,241204
León,Puebla de Lillo,24,121,1,241211
León,Puente de Domingo Flórez,24,122,6,241226
León,Quintana del Castillo,24,123,2,241232
León,Quintana del Marco,24,124,7,241247
León,Quintana y Congosto,24,125,0,241250
León,Regueras de Arriba,24,127,9,241279
León,Reyero,24,129,8,241298
León,Riaño,24,130,2,241302
León,Riego de la Vega,24,131,9,241319
León,Riello,24,132,4,241324
León,Rioseco de Tapia,24,133,0,241330
León,"Robla, La",24,134,5,241345
León,Roperuelos del Páramo,24,136,1,241361
León,Sabero,24,137,7,241377
León,Sahagún,24,139,6,241396
León,San Adrián del Valle,24,141,7,241417
León,San Andrés del Rabanedo,24,142,2,241422
León,Sancedo,24,143,8,241438
León,San Cristóbal de la Polantera,24,144,3,241443
León,San Emiliano,24,145,6,241456
León,San Esteban de Nogales,24,146,9,241469
León,San Justo de la Vega,24,148,1,241481
León,San Millán de los Caballeros,24,149,4,241494
León,San Pedro Bercianos,24,150,7,241507
León,Santa Colomba de Curueño,24,151,4,241514
León,Santa Colomba de Somoza,24,152,9,241529
León,Santa Cristina de Valmadrigal,24,153,5,241535
León,Santa Elena de Jamuz,24,154,0,241540
León,Santa María de la Isla,24,155,3,241553
León,Santa María del Monte de Cea,24,156,6,241566
León,Santa María del Páramo,24,157,2,241572
León,Santa María de Ordás,24,158,8,241588
León,Santa Marina del Rey,24,159,1,241591
León,Santas Martas,24,160,5,241605
León,Santiago Millas,24,161,2,241612
León,Santovenia de la Valdoncina,24,162,7,241627
León,Sariegos,24,163,3,241633
León,Sena de Luna,24,164,8,241648
León,Sobrado,24,165,1,241651
León,Soto de la Vega,24,166,4,241664
León,Soto y Amío,24,167,0,241670
León,Toral de los Guzmanes,24,168,6,241686
León,Toreno,24,169,9,241699
León,Torre del Bierzo,24,170,3,241703
León,Trabadelo,24,171,0,241710
León,Truchas,24,172,5,241725
León,Turcia,24,173,1,241731
León,Urdiales del Páramo,24,174,6,241746
León,Valdefresno,24,175,9,241759
León,Valdefuentes del Páramo,24,176,2,241762
León,Valdelugueros,24,177,8,241778
León,Valdemora,24,178,4,241784
León,Valdepiélago,24,179,7,241797
León,Valdepolo,24,180,1,241801
León,Valderas,24,181,8,241818
León,Valderrey,24,182,3,241823
León,Valderrueda,24,183,9,241839
León,Valdesamario,24,184,4,241844
León,Val de San Lorenzo,24,185,7,241857
León,Valdevimbre,24,187,6,241876
León,Valencia de Don Juan,24,188,2,241882
León,Valverde de la Virgen,24,189,5,241895
León,Valverde-Enrique,24,190,9,241909
León,Vallecillo,24,191,6,241916
León,"Vecilla, La",24,193,7,241937
León,Vegacervera,24,194,2,241942
León,Vega de Espinareda,24,196,8,241968
León,Vega de Infanzones,24,197,4,241974
León,Vega de Valcarce,24,198,0,241980
León,Vegaquemada,24,199,3,241993
León,Vegas del Condado,24,201,4,242014
León,Villablino,24,202,9,242029
León,Villabraz,24,203,5,242035
León,Villadangos del Páramo,24,205,3,242053
León,Toral de los Vados,24,206,6,242066
León,Villademor de la Vega,24,207,2,242072
León,Villafranca del Bierzo,24,209,1,242091
León,Villagatón,24,210,5,242105
León,Villamandos,24,211,2,242112
León,Villamañán,24,212,7,242127
León,Villamartín de Don Sancho,24,213,3,242133
León,Villamejil,24,214,8,242148
León,Villamol,24,215,1,242151
León,Villamontán de la Valduerna,24,216,4,242164
León,Villamoratiel de las Matas,24,217,0,242170
León,Villanueva de las Manzanas,24,218,6,242186
León,Villaobispo de Otero,24,219,9,242199
León,Villaquejida,24,221,0,242210
León,Villaquilambre,24,222,5,242225
León,Villarejo de Órbigo,24,223,1,242231
León,Villares de Órbigo,24,224,6,242246
León,Villasabariego,24,225,9,242259
León,Villaselán,24,226,2,242262
León,Villaturiel,24,227,8,242278
León,Villazala,24,228,4,242284
León,Villazanzo de Valderaduey,24,229,7,242297
León,Zotes del Páramo,24,230,1,242301
León,Villamanín,24,901,7,249017
León,Villaornate y Castro,24,902,2,249022
Lleida,Abella de la Conca,25,001,9,250019
Lleida,Àger,25,002,4,250024
Lleida,Agramunt,25,003,0,250030
Lleida,"Alamús, Els",25,004,5,250045
Lleida,Alàs i Cerc,25,005,8,250058
Lleida,"Albagés, L'",25,006,1,250061
Lleida,Albatàrrec,25,007,7,250077
Lleida,Albesa,25,008,3,250083
Lleida,"Albi, L'",25,009,6,250096
Lleida,Alcanó,25,010,0,250100
Lleida,Alcarràs,25,011,7,250117
Lleida,Alcoletge,25,012,2,250122
Lleida,Alfarràs,25,013,8,250138
Lleida,Alfés,25,014,3,250143
Lleida,Algerri,25,015,6,250156
Lleida,Alguaire,25,016,9,250169
Lleida,Alins,25,017,5,250175
Lleida,Almacelles,25,019,4,250194
Lleida,Almatret,25,020,8,250208
Lleida,Almenar,25,021,5,250215
Lleida,Alòs de Balaguer,25,022,0,250220
Lleida,Alpicat,25,023,6,250236
Lleida,Alt Àneu,25,024,1,250241
Lleida,Naut Aran,25,025,4,250254
Lleida,Anglesola,25,027,3,250273
Lleida,Arbeca,25,029,2,250292
Lleida,"Pont de Bar, El",25,030,6,250306
Lleida,Arres,25,031,3,250313
Lleida,Arsèguel,25,032,8,250328
Lleida,Artesa de Lleida,25,033,4,250334
Lleida,Artesa de Segre,25,034,9,250349
Lleida,"Sentiu de Sió, La",25,035,2,250352
Lleida,Aspa,25,036,5,250365
Lleida,"Avellanes i Santa Linya, Les",25,037,1,250371
Lleida,Aitona,25,038,7,250387
Lleida,Baix Pallars,25,039,0,250390
Lleida,Balaguer,25,040,4,250404
Lleida,Barbens,25,041,1,250411
Lleida,"Baronia de Rialb, La",25,042,6,250426
Lleida,"Vall de Boí, La",25,043,2,250432
Lleida,Bassella,25,044,7,250447
Lleida,Bausen,25,045,0,250450
Lleida,Belianes,25,046,3,250463
Lleida,Bellcaire d'Urgell,25,047,9,250479
Lleida,Bell-lloc d'Urgell,25,048,5,250485
Lleida,Bellmunt d'Urgell,25,049,8,250498
Lleida,Bellpuig,25,050,1,250501
Lleida,Bellver de Cerdanya,25,051,8,250518
Lleida,Bellvís,25,052,3,250523
Lleida,Benavent de Segrià,25,053,9,250539
Lleida,Biosca,25,055,7,250557
Lleida,Bovera,25,056,0,250560
Lleida,"Bòrdes, Es",25,057,6,250576
Lleida,"Borges Blanques, Les",25,058,2,250582
Lleida,Bossòst,25,059,5,250595
Lleida,Cabanabona,25,060,9,250609
Lleida,Cabó,25,061,6,250616
Lleida,Camarasa,25,062,1,250621
Lleida,Canejan,25,063,7,250637
Lleida,Castellar de la Ribera,25,064,2,250642
Lleida,Castelldans,25,067,4,250674
Lleida,Castellnou de Seana,25,068,0,250680
Lleida,Castelló de Farfanya,25,069,3,250693
Lleida,Castellserà,25,070,7,250707
Lleida,Cava,25,071,4,250714
Lleida,Cervera,25,072,9,250729
Lleida,Cervià de les Garrigues,25,073,5,250735
Lleida,Ciutadilla,25,074,0,250740
Lleida,Clariana de Cardener,25,075,3,250753
Lleida,"Cogul, El",25,076,6,250766
Lleida,Coll de Nargó,25,077,2,250772
Lleida,Corbins,25,078,8,250788
Lleida,Cubells,25,079,1,250791
Lleida,"Espluga Calba, L'",25,081,2,250812
Lleida,Espot,25,082,7,250827
Lleida,Estaràs,25,085,1,250851
Lleida,Esterri d'Àneu,25,086,4,250864
Lleida,Esterri de Cardós,25,087,0,250870
Lleida,Estamariu,25,088,6,250886
Lleida,Farrera,25,089,9,250899
Lleida,"Floresta, La",25,092,5,250925
Lleida,Fondarella,25,093,1,250931
Lleida,Foradada,25,094,6,250946
Lleida,"Fuliola, La",25,096,2,250962
Lleida,Fulleda,25,097,8,250978
Lleida,Gavet de la Conca,25,098,4,250984
Lleida,Golmés,25,099,7,250997
Lleida,Gósol,25,100,1,251001
Lleida,"Granadella, La",25,101,8,251018
Lleida,"Granja d'Escarp, La",25,102,3,251023
Lleida,Granyanella,25,103,9,251039
Lleida,Granyena de Segarra,25,104,4,251044
Lleida,Granyena de les Garrigues,25,105,7,251057
Lleida,Guimerà,25,109,5,251095
Lleida,Guissona,25,110,9,251109
Lleida,Guixers,25,111,6,251116
Lleida,Ivars de Noguera,25,112,1,251121
Lleida,Ivars d'Urgell,25,113,7,251137
Lleida,Ivorra,25,114,2,251142
Lleida,Isona i Conca Dellà,25,115,5,251155
Lleida,Juncosa,25,118,0,251180
Lleida,Juneda,25,119,3,251193
Lleida,Lleida,25,120,7,251207
Lleida,Les,25,121,4,251214
Lleida,Linyola,25,122,9,251229
Lleida,Lladorre,25,123,5,251235
Lleida,Lladurs,25,124,0,251240
Lleida,Llardecans,25,125,3,251253
Lleida,Llavorsí,25,126,6,251266
Lleida,Lles de Cerdanya,25,127,2,251272
Lleida,Llimiana,25,128,8,251288
Lleida,Llobera,25,129,1,251291
Lleida,Maldà,25,130,5,251305
Lleida,Massalcoreig,25,131,2,251312
Lleida,Massoteres,25,132,7,251327
Lleida,Maials,25,133,3,251333
Lleida,Menàrguens,25,134,8,251348
Lleida,Miralcamp,25,135,1,251351
Lleida,"Molsosa, La",25,136,4,251364
Lleida,Mollerussa,25,137,0,251370
Lleida,Montgai,25,138,6,251386
Lleida,Montellà i Martinet,25,139,9,251399
Lleida,Montferrer i Castellbò,25,140,3,251403
Lleida,Montoliu de Segarra,25,141,0,251410
Lleida,Montoliu de Lleida,25,142,5,251425
Lleida,Montornès de Segarra,25,143,1,251431
Lleida,Nalec,25,145,9,251459
Lleida,Navès,25,146,2,251462
Lleida,Odèn,25,148,4,251484
Lleida,Oliana,25,149,7,251497
Lleida,Oliola,25,150,0,251500
Lleida,Olius,25,151,7,251517
Lleida,"Oluges, Les",25,152,2,251522
Lleida,"Omellons, Els",25,153,8,251538
Lleida,"Omells de na Gaia, Els",25,154,3,251543
Lleida,Organyà,25,155,6,251556
Lleida,Os de Balaguer,25,156,9,251569
Lleida,Ossó de Sió,25,157,5,251575
Lleida,"Palau d'Anglesola, El",25,158,1,251581
Lleida,Conca de Dalt,25,161,5,251615
Lleida,"Coma i la Pedra, La",25,163,6,251636
Lleida,Penelles,25,164,1,251641
Lleida,Peramola,25,165,4,251654
Lleida,Pinell de Solsonès,25,166,7,251667
Lleida,Pinós,25,167,3,251673
Lleida,"Poal, El",25,168,9,251689
Lleida,"Pobla de Cérvoles, La",25,169,2,251692
Lleida,Bellaguarda,25,170,6,251706
Lleida,"Pobla de Segur, La",25,171,3,251713
Lleida,Ponts,25,172,8,251728
Lleida,"Pont de Suert, El",25,173,4,251734
Lleida,"Portella, La",25,174,9,251749
Lleida,Prats i Sansor,25,175,2,251752
Lleida,Preixana,25,176,5,251765
Lleida,Preixens,25,177,1,251771
Lleida,Prullans,25,179,0,251790
Lleida,Puiggròs,25,180,4,251804
Lleida,Puigverd d'Agramunt,25,181,1,251811
Lleida,Puigverd de Lleida,25,182,6,251826
Lleida,Rialp,25,183,2,251832
Lleida,Ribera d'Urgellet,25,185,0,251850
Lleida,Riner,25,186,3,251863
Lleida,Rosselló,25,189,8,251898
Lleida,Salàs de Pallars,25,190,2,251902
Lleida,Sanaüja,25,191,9,251919
Lleida,Sant Guim de Freixenet,25,192,4,251924
Lleida,Sant Llorenç de Morunys,25,193,0,251930
Lleida,Sant Ramon,25,194,5,251945
Lleida,Sant Esteve de la Sarga,25,196,1,251961
Lleida,Sant Guim de la Plana,25,197,7,251977
Lleida,Sarroca de Lleida,25,200,0,252000
Lleida,Sarroca de Bellera,25,201,7,252017
Lleida,Senterada,25,202,2,252022
Lleida,"Seu d'Urgell, La",25,203,8,252038
Lleida,Seròs,25,204,3,252043
Lleida,Sidamon,25,205,6,252056
Lleida,"Soleràs, El",25,206,9,252069
Lleida,Solsona,25,207,5,252075
Lleida,Soriguera,25,208,1,252081
Lleida,Sort,25,209,4,252094
Lleida,Soses,25,210,8,252108
Lleida,Sudanell,25,211,5,252115
Lleida,Sunyer,25,212,0,252120
Lleida,Talarn,25,215,4,252154
Lleida,Talavera,25,216,7,252167
Lleida,Tàrrega,25,217,3,252173
Lleida,Tarrés,25,218,9,252189
Lleida,Tarroja de Segarra,25,219,2,252192
Lleida,Térmens,25,220,6,252206
Lleida,Tírvia,25,221,3,252213
Lleida,Tiurana,25,222,8,252228
Lleida,Torà,25,223,4,252234
Lleida,"Torms, Els",25,224,9,252249
Lleida,Tornabous,25,225,2,252252
Lleida,Torrebesses,25,226,5,252265
Lleida,"Torre de Cabdella, La",25,227,1,252271
Lleida,Torrefarrera,25,228,7,252287
Lleida,Torregrossa,25,230,4,252304
Lleida,Torrelameu,25,231,1,252311
Lleida,Torres de Segre,25,232,6,252326
Lleida,Torre-serona,25,233,2,252332
Lleida,Tremp,25,234,7,252347
Lleida,Vallbona de les Monges,25,238,5,252385
Lleida,"Valls de Valira, Les",25,239,8,252398
Lleida,Vallfogona de Balaguer,25,240,2,252402
Lleida,Verdú,25,242,4,252424
Lleida,Vielha e Mijaran,25,243,0,252430
Lleida,Vilagrassa,25,244,5,252445
Lleida,Vilaller,25,245,8,252458
Lleida,Vilamòs,25,247,7,252477
Lleida,Vilanova de Bellpuig,25,248,3,252483
Lleida,Vilanova de l'Aguda,25,249,6,252496
Lleida,Vilanova de Meià,25,250,9,252509
Lleida,Vilanova de Segrià,25,251,6,252516
Lleida,Vila-sana,25,252,1,252521
Lleida,"Vilosell, El",25,253,7,252537
Lleida,Vilanova de la Barca,25,254,2,252542
Lleida,Vinaixa,25,255,5,252555
Lleida,Vall de Cardós,25,901,0,259010
Lleida,Sant Martí de Riucorb,25,902,5,259025
Lleida,"Guingueta d'Àneu, La",25,903,1,259031
Lleida,Castell de Mur,25,904,6,259046
Lleida,Ribera d'Ondara,25,905,9,259059
Lleida,"Valls d'Aguilar, Les",25,906,2,259062
Lleida,Torrefeta i Florejacs,25,907,8,259078
Lleida,Fígols i Alinyà,25,908,4,259084
Lleida,"Vansa i Fórnols, La",25,909,7,259097
Lleida,Josa i Tuixén,25,910,1,259101
Lleida,"Plans de Sió, Els",25,911,8,259118
Lleida,Gimenells i el Pla de la Font,25,912,3,259123
Lleida,Riu de Cerdanya,25,913,9,259139
"Rioja, La",Ábalos,26,001,2,260012
"Rioja, La",Agoncillo,26,002,7,260027
"Rioja, La",Aguilar del Río Alhama,26,003,3,260033
"Rioja, La",Ajamil de Cameros,26,004,8,260048
"Rioja, La",Albelda de Iregua,26,005,1,260051
"Rioja, La",Alberite,26,006,4,260064
"Rioja, La",Alcanadre,26,007,0,260070
"Rioja, La",Aldeanueva de Ebro,26,008,6,260086
"Rioja, La",Alesanco,26,009,9,260099
"Rioja, La",Alesón,26,010,3,260103
"Rioja, La",Alfaro,26,011,0,260110
"Rioja, La",Almarza de Cameros,26,012,5,260125
"Rioja, La",Anguciana,26,013,1,260131
"Rioja, La",Anguiano,26,014,6,260146
"Rioja, La",Arenzana de Abajo,26,015,9,260159
"Rioja, La",Arenzana de Arriba,26,016,2,260162
"Rioja, La",Arnedillo,26,017,8,260178
"Rioja, La",Arnedo,26,018,4,260184
"Rioja, La",Arrúbal,26,019,7,260197
"Rioja, La",Ausejo,26,020,1,260201
"Rioja, La",Autol,26,021,8,260218
"Rioja, La",Azofra,26,022,3,260223
"Rioja, La",Badarán,26,023,9,260239
"Rioja, La",Bañares,26,024,4,260244
"Rioja, La",Baños de Rioja,26,025,7,260257
"Rioja, La",Baños de Río Tobía,26,026,0,260260
"Rioja, La",Berceo,26,027,6,260276
"Rioja, La",Bergasa,26,028,2,260282
"Rioja, La",Bergasillas Bajera,26,029,5,260295
"Rioja, La",Bezares,26,030,9,260309
"Rioja, La",Bobadilla,26,031,6,260316
"Rioja, La",Brieva de Cameros,26,032,1,260321
"Rioja, La",Briñas,26,033,7,260337
"Rioja, La",Briones,26,034,2,260342
"Rioja, La",Cabezón de Cameros,26,035,5,260355
"Rioja, La",Calahorra,26,036,8,260368
"Rioja, La",Camprovín,26,037,4,260374
"Rioja, La",Canales de la Sierra,26,038,0,260380
"Rioja, La",Canillas de Río Tuerto,26,039,3,260393
"Rioja, La",Cañas,26,040,7,260407
"Rioja, La",Cárdenas,26,041,4,260414
"Rioja, La",Casalarreina,26,042,9,260429
"Rioja, La",Castañares de Rioja,26,043,5,260435
"Rioja, La",Castroviejo,26,044,0,260440
"Rioja, La",Cellorigo,26,045,3,260453
"Rioja, La",Cenicero,26,046,6,260466
"Rioja, La",Cervera del Río Alhama,26,047,2,260472
"Rioja, La",Cidamón,26,048,8,260488
"Rioja, La",Cihuri,26,049,1,260491
"Rioja, La",Cirueña,26,050,4,260504
"Rioja, La",Clavijo,26,051,1,260511
"Rioja, La",Cordovín,26,052,6,260526
"Rioja, La",Corera,26,053,2,260532
"Rioja, La",Cornago,26,054,7,260547
"Rioja, La",Corporales,26,055,0,260550
"Rioja, La",Cuzcurrita de Río Tirón,26,056,3,260563
"Rioja, La",Daroca de Rioja,26,057,9,260579
"Rioja, La",Enciso,26,058,5,260585
"Rioja, La",Entrena,26,059,8,260598
"Rioja, La",Estollo,26,060,2,260602
"Rioja, La",Ezcaray,26,061,9,260619
"Rioja, La",Foncea,26,062,4,260624
"Rioja, La",Fonzaleche,26,063,0,260630
"Rioja, La",Fuenmayor,26,064,5,260645
"Rioja, La",Galbárruli,26,065,8,260658
"Rioja, La",Galilea,26,066,1,260661
"Rioja, La",Gallinero de Cameros,26,067,7,260677
"Rioja, La",Gimileo,26,068,3,260683
"Rioja, La",Grañón,26,069,6,260696
"Rioja, La",Grávalos,26,070,0,260700
"Rioja, La",Haro,26,071,7,260717
"Rioja, La",Herce,26,072,2,260722
"Rioja, La",Herramélluri,26,073,8,260738
"Rioja, La",Hervías,26,074,3,260743
"Rioja, La",Hormilla,26,075,6,260756
"Rioja, La",Hormilleja,26,076,9,260769
"Rioja, La",Hornillos de Cameros,26,077,5,260775
"Rioja, La",Hornos de Moncalvillo,26,078,1,260781
"Rioja, La",Huércanos,26,079,4,260794
"Rioja, La",Igea,26,080,8,260808
"Rioja, La",Jalón de Cameros,26,081,5,260815
"Rioja, La",Laguna de Cameros,26,082,0,260820
"Rioja, La",Lagunilla del Jubera,26,083,6,260836
"Rioja, La",Lardero,26,084,1,260841
"Rioja, La",Ledesma de la Cogolla,26,086,7,260867
"Rioja, La",Leiva,26,087,3,260873
"Rioja, La",Leza de Río Leza,26,088,9,260889
"Rioja, La",Logroño,26,089,2,260892
"Rioja, La",Lumbreras de Cameros,26,091,3,260913
"Rioja, La",Manjarrés,26,092,8,260928
"Rioja, La",Mansilla de la Sierra,26,093,4,260934
"Rioja, La",Manzanares de Rioja,26,094,9,260949
"Rioja, La",Matute,26,095,2,260952
"Rioja, La",Medrano,26,096,5,260965
"Rioja, La",Munilla,26,098,7,260987
"Rioja, La",Murillo de Río Leza,26,099,0,260990
"Rioja, La",Muro de Aguas,26,100,4,261004
"Rioja, La",Muro en Cameros,26,101,1,261011
"Rioja, La",Nájera,26,102,6,261026
"Rioja, La",Nalda,26,103,2,261032
"Rioja, La",Navajún,26,104,7,261047
"Rioja, La",Navarrete,26,105,0,261050
"Rioja, La",Nestares,26,106,3,261063
"Rioja, La",Nieva de Cameros,26,107,9,261079
"Rioja, La",Ocón,26,108,5,261085
"Rioja, La",Ochánduri,26,109,8,261098
"Rioja, La",Ojacastro,26,110,2,261102
"Rioja, La",Ollauri,26,111,9,261119
"Rioja, La",Ortigosa de Cameros,26,112,4,261124
"Rioja, La",Pazuengos,26,113,0,261130
"Rioja, La",Pedroso,26,114,5,261145
"Rioja, La",Pinillos,26,115,8,261158
"Rioja, La",Pradejón,26,117,7,261177
"Rioja, La",Pradillo,26,118,3,261183
"Rioja, La",Préjano,26,119,6,261196
"Rioja, La",Quel,26,120,0,261200
"Rioja, La",Rabanera,26,121,7,261217
"Rioja, La","Rasillo de Cameros, El",26,122,2,261222
"Rioja, La","Redal, El",26,123,8,261238
"Rioja, La",Ribafrecha,26,124,3,261243
"Rioja, La",Rincón de Soto,26,125,6,261256
"Rioja, La",Robres del Castillo,26,126,9,261269
"Rioja, La",Rodezno,26,127,5,261275
"Rioja, La",Sajazarra,26,128,1,261281
"Rioja, La",San Asensio,26,129,4,261294
"Rioja, La",San Millán de la Cogolla,26,130,8,261308
"Rioja, La",San Millán de Yécora,26,131,5,261315
"Rioja, La",San Román de Cameros,26,132,0,261320
"Rioja, La",Santa Coloma,26,134,1,261341
"Rioja, La",Santa Engracia del Jubera,26,135,4,261354
"Rioja, La",Santa Eulalia Bajera,26,136,7,261367
"Rioja, La",Santo Domingo de la Calzada,26,138,9,261389
"Rioja, La",San Torcuato,26,139,2,261392
"Rioja, La",Santurde de Rioja,26,140,6,261406
"Rioja, La",Santurdejo,26,141,3,261413
"Rioja, La",San Vicente de la Sonsierra,26,142,8,261428
"Rioja, La",Sojuela,26,143,4,261434
"Rioja, La",Sorzano,26,144,9,261449
"Rioja, La",Sotés,26,145,2,261452
"Rioja, La",Soto en Cameros,26,146,5,261465
"Rioja, La",Terroba,26,147,1,261471
"Rioja, La",Tirgo,26,148,7,261487
"Rioja, La",Tobía,26,149,0,261490
"Rioja, La",Tormantos,26,150,3,261503
"Rioja, La",Torrecilla en Cameros,26,151,0,261510
"Rioja, La",Torrecilla sobre Alesanco,26,152,5,261525
"Rioja, La",Torre en Cameros,26,153,1,261531
"Rioja, La",Torremontalbo,26,154,6,261546
"Rioja, La",Treviana,26,155,9,261559
"Rioja, La",Tricio,26,157,8,261578
"Rioja, La",Tudelilla,26,158,4,261584
"Rioja, La",Uruñuela,26,160,1,261601
"Rioja, La",Valdemadera,26,161,8,261618
"Rioja, La",Valgañón,26,162,3,261623
"Rioja, La",Ventosa,26,163,9,261639
"Rioja, La",Ventrosa,26,164,4,261644
"Rioja, La",Viguera,26,165,7,261657
"Rioja, La",Villalba de Rioja,26,166,0,261660
"Rioja, La",Villalobar de Rioja,26,167,6,261676
"Rioja, La",Villamediana de Iregua,26,168,2,261682
"Rioja, La",Villanueva de Cameros,26,169,5,261695
"Rioja, La","Villar de Arnedo, El",26,170,9,261709
"Rioja, La",Villar de Torre,26,171,6,261716
"Rioja, La",Villarejo,26,172,1,261721
"Rioja, La",Villarroya,26,173,7,261737
"Rioja, La",Villarta-Quintana,26,174,2,261742
"Rioja, La",Villavelayo,26,175,5,261755
"Rioja, La",Villaverde de Rioja,26,176,8,261768
"Rioja, La",Villoslada de Cameros,26,177,4,261774
"Rioja, La",Viniegra de Abajo,26,178,0,261780
"Rioja, La",Viniegra de Arriba,26,179,3,261793
"Rioja, La",Zarratón,26,180,7,261807
"Rioja, La",Zarzosa,26,181,4,261814
"Rioja, La",Zorraquín,26,183,5,261835
Lugo,Abadín,27,001,8,270018
Lugo,Alfoz,27,002,3,270023
Lugo,Antas de Ulla,27,003,9,270039
Lugo,Baleira,27,004,4,270044
Lugo,Barreiros,27,005,7,270057
Lugo,Becerreá,27,006,0,270060
Lugo,Begonte,27,007,6,270076
Lugo,Bóveda,27,008,2,270082
Lugo,Carballedo,27,009,5,270095
Lugo,Castro de Rei,27,010,9,270109
Lugo,Castroverde,27,011,6,270116
Lugo,Cervantes,27,012,1,270121
Lugo,Cervo,27,013,7,270137
Lugo,"Corgo, O",27,014,2,270142
Lugo,Cospeito,27,015,5,270155
Lugo,Chantada,27,016,8,270168
Lugo,Folgoso do Courel,27,017,4,270174
Lugo,"Fonsagrada, A",27,018,0,270180
Lugo,Foz,27,019,3,270193
Lugo,Friol,27,020,7,270207
Lugo,Xermade,27,021,4,270214
Lugo,Guitiriz,27,022,9,270229
Lugo,Guntín,27,023,5,270235
Lugo,"Incio, O",27,024,0,270240
Lugo,Xove,27,025,3,270253
Lugo,Láncara,27,026,6,270266
Lugo,Lourenzá,27,027,2,270272
Lugo,Lugo,27,028,8,270288
Lugo,Meira,27,029,1,270291
Lugo,Mondoñedo,27,030,5,270305
Lugo,Monforte de Lemos,27,031,2,270312
Lugo,Monterroso,27,032,7,270327
Lugo,Muras,27,033,3,270333
Lugo,Navia de Suarna,27,034,8,270348
Lugo,Negueira de Muñiz,27,035,1,270351
Lugo,"Nogais, As",27,037,0,270370
Lugo,Ourol,27,038,6,270386
Lugo,Outeiro de Rei,27,039,9,270399
Lugo,Palas de Rei,27,040,3,270403
Lugo,Pantón,27,041,0,270410
Lugo,Paradela,27,042,5,270425
Lugo,"Páramo, O",27,043,1,270431
Lugo,"Pastoriza, A",27,044,6,270446
Lugo,Pedrafita do Cebreiro,27,045,9,270459
Lugo,Pol,27,046,2,270462
Lugo,"Pobra do Brollón, A",27,047,8,270478
Lugo,"Pontenova, A",27,048,4,270484
Lugo,Portomarín,27,049,7,270497
Lugo,Quiroga,27,050,0,270500
Lugo,Ribadeo,27,051,7,270517
Lugo,Ribas de Sil,27,052,2,270522
Lugo,Ribeira de Piquín,27,053,8,270538
Lugo,Riotorto,27,054,3,270543
Lugo,Samos,27,055,6,270556
Lugo,Rábade,27,056,9,270569
Lugo,Sarria,27,057,5,270575
Lugo,"Saviñao, O",27,058,1,270581
Lugo,Sober,27,059,4,270594
Lugo,Taboada,27,060,8,270608
Lugo,Trabada,27,061,5,270615
Lugo,Triacastela,27,062,0,270620
Lugo,"Valadouro, O",27,063,6,270636
Lugo,"Vicedo, O",27,064,1,270641
Lugo,Vilalba,27,065,4,270654
Lugo,Viveiro,27,066,7,270667
Lugo,Baralla,27,901,9,279019
Lugo,Burela,27,902,4,279024
Madrid,"Acebeda, La",28,001,4,280014
Madrid,Ajalvir,28,002,9,280029
Madrid,Alameda del Valle,28,003,5,280035
Madrid,"Álamo, El",28,004,0,280040
Madrid,Alcalá de Henares,28,005,3,280053
Madrid,Alcobendas,28,006,6,280066
Madrid,Alcorcón,28,007,2,280072
Madrid,Aldea del Fresno,28,008,8,280088
Madrid,Algete,28,009,1,280091
Madrid,Alpedrete,28,010,5,280105
Madrid,Ambite,28,011,2,280112
Madrid,Anchuelo,28,012,7,280127
Madrid,Aranjuez,28,013,3,280133
Madrid,Arganda del Rey,28,014,8,280148
Madrid,Arroyomolinos,28,015,1,280151
Madrid,"Atazar, El",28,016,4,280164
Madrid,Batres,28,017,0,280170
Madrid,Becerril de la Sierra,28,018,6,280186
Madrid,Belmonte de Tajo,28,019,9,280199
Madrid,Berzosa del Lozoya,28,020,3,280203
Madrid,"Berrueco, El",28,021,0,280210
Madrid,Boadilla del Monte,28,022,5,280225
Madrid,"Boalo, El",28,023,1,280231
Madrid,Braojos,28,024,6,280246
Madrid,Brea de Tajo,28,025,9,280259
Madrid,Brunete,28,026,2,280262
Madrid,Buitrago del Lozoya,28,027,8,280278
Madrid,Bustarviejo,28,028,4,280284
Madrid,Cabanillas de la Sierra,28,029,7,280297
Madrid,"Cabrera, La",28,030,1,280301
Madrid,Cadalso de los Vidrios,28,031,8,280318
Madrid,Camarma de Esteruelas,28,032,3,280323
Madrid,Campo Real,28,033,9,280339
Madrid,Canencia,28,034,4,280344
Madrid,Carabaña,28,035,7,280357
Madrid,Casarrubuelos,28,036,0,280360
Madrid,Cenicientos,28,037,6,280376
Madrid,Cercedilla,28,038,2,280382
Madrid,Cervera de Buitrago,28,039,5,280395
Madrid,Ciempozuelos,28,040,9,280409
Madrid,Cobeña,28,041,6,280416
Madrid,Colmenar del Arroyo,28,042,1,280421
Madrid,Colmenar de Oreja,28,043,7,280437
Madrid,Colmenarejo,28,044,2,280442
Madrid,Colmenar Viejo,28,045,5,280455
Madrid,Collado Mediano,28,046,8,280468
Madrid,Collado Villalba,28,047,4,280474
Madrid,Corpa,28,048,0,280480
Madrid,Coslada,28,049,3,280493
Madrid,Cubas de la Sagra,28,050,6,280506
Madrid,Chapinería,28,051,3,280513
Madrid,Chinchón,28,052,8,280528
Madrid,Daganzo de Arriba,28,053,4,280534
Madrid,"Escorial, El",28,054,9,280549
Madrid,Estremera,28,055,2,280552
Madrid,Fresnedillas de la Oliva,28,056,5,280565
Madrid,Fresno de Torote,28,057,1,280571
Madrid,Fuenlabrada,28,058,7,280587
Madrid,Fuente el Saz de Jarama,28,059,0,280590
Madrid,Fuentidueña de Tajo,28,060,4,280604
Madrid,Galapagar,28,061,1,280611
Madrid,Garganta de los Montes,28,062,6,280626
Madrid,Gargantilla del Lozoya y Pinilla de Buitrago,28,063,2,280632
Madrid,Gascones,28,064,7,280647
Madrid,Getafe,28,065,0,280650
Madrid,Griñón,28,066,3,280663
Madrid,Guadalix de la Sierra,28,067,9,280679
Madrid,Guadarrama,28,068,5,280685
Madrid,"Hiruela, La",28,069,8,280698
Madrid,Horcajo de la Sierra-Aoslos,28,070,2,280702
Madrid,Horcajuelo de la Sierra,28,071,9,280719
Madrid,Hoyo de Manzanares,28,072,4,280724
Madrid,Humanes de Madrid,28,073,0,280730
Madrid,Leganés,28,074,5,280745
Madrid,Loeches,28,075,8,280758
Madrid,Lozoya,28,076,1,280761
Madrid,Madarcos,28,078,3,280783
Madrid,Madrid,28,079,6,280796
Madrid,Majadahonda,28,080,0,280800
Madrid,Manzanares el Real,28,082,2,280822
Madrid,Meco,28,083,8,280838
Madrid,Mejorada del Campo,28,084,3,280843
Madrid,Miraflores de la Sierra,28,085,6,280856
Madrid,"Molar, El",28,086,9,280869
Madrid,"Molinos, Los",28,087,5,280875
Madrid,Montejo de la Sierra,28,088,1,280881
Madrid,Moraleja de Enmedio,28,089,4,280894
Madrid,Moralzarzal,28,090,8,280908
Madrid,Morata de Tajuña,28,091,5,280915
Madrid,Móstoles,28,092,0,280920
Madrid,Navacerrada,28,093,6,280936
Madrid,Navalafuente,28,094,1,280941
Madrid,Navalagamella,28,095,4,280954
Madrid,Navalcarnero,28,096,7,280967
Madrid,Navarredonda y San Mamés,28,097,3,280973
Madrid,Navas del Rey,28,099,2,280992
Madrid,Nuevo Baztán,28,100,6,281006
Madrid,Olmeda de las Fuentes,28,101,3,281013
Madrid,Orusco de Tajuña,28,102,8,281028
Madrid,Paracuellos de Jarama,28,104,9,281049
Madrid,Parla,28,106,5,281065
Madrid,Patones,28,107,1,281071
Madrid,Pedrezuela,28,108,7,281087
Madrid,Pelayos de la Presa,28,109,0,281090
Madrid,Perales de Tajuña,28,110,4,281104
Madrid,Pezuela de las Torres,28,111,1,281111
Madrid,Pinilla del Valle,28,112,6,281126
Madrid,Pinto,28,113,2,281132
Madrid,Piñuécar-Gandullas,28,114,7,281147
Madrid,Pozuelo de Alarcón,28,115,0,281150
Madrid,Pozuelo del Rey,28,116,3,281163
Madrid,Prádena del Rincón,28,117,9,281179
Madrid,Puebla de la Sierra,28,118,5,281185
Madrid,Quijorna,28,119,8,281198
Madrid,Rascafría,28,120,2,281202
Madrid,Redueña,28,121,9,281219
Madrid,Ribatejada,28,122,4,281224
Madrid,Rivas-Vaciamadrid,28,123,0,281230
Madrid,Robledillo de la Jara,28,124,5,281245
Madrid,Robledo de Chavela,28,125,8,281258
Madrid,Robregordo,28,126,1,281261
Madrid,"Rozas de Madrid, Las",28,127,7,281277
Madrid,Rozas de Puerto Real,28,128,3,281283
Madrid,San Agustín del Guadalix,28,129,6,281296
Madrid,San Fernando de Henares,28,130,0,281300
Madrid,San Lorenzo de El Escorial,28,131,7,281317
Madrid,San Martín de la Vega,28,132,2,281322
Madrid,San Martín de Valdeiglesias,28,133,8,281338
Madrid,San Sebastián de los Reyes,28,134,3,281343
Madrid,Santa María de la Alameda,28,135,6,281356
Madrid,Santorcaz,28,136,9,281369
Madrid,"Santos de la Humosa, Los",28,137,5,281375
Madrid,"Serna del Monte, La",28,138,1,281381
Madrid,Serranillos del Valle,28,140,8,281408
Madrid,Sevilla la Nueva,28,141,5,281415
Madrid,Somosierra,28,143,6,281436
Madrid,Soto del Real,28,144,1,281441
Madrid,Talamanca de Jarama,28,145,4,281454
Madrid,Tielmes,28,146,7,281467
Madrid,Titulcia,28,147,3,281473
Madrid,Torrejón de Ardoz,28,148,9,281489
Madrid,Torrejón de la Calzada,28,149,2,281492
Madrid,Torrejón de Velasco,28,150,5,281505
Madrid,Torrelaguna,28,151,2,281512
Madrid,Torrelodones,28,152,7,281527
Madrid,Torremocha de Jarama,28,153,3,281533
Madrid,Torres de la Alameda,28,154,8,281548
Madrid,Valdaracete,28,155,1,281551
Madrid,Valdeavero,28,156,4,281564
Madrid,Valdelaguna,28,157,0,281570
Madrid,Valdemanco,28,158,6,281586
Madrid,Valdemaqueda,28,159,9,281599
Madrid,Valdemorillo,28,160,3,281603
Madrid,Valdemoro,28,161,0,281610
Madrid,Valdeolmos-Alalpardo,28,162,5,281625
Madrid,Valdepiélagos,28,163,1,281631
Madrid,Valdetorres de Jarama,28,164,6,281646
Madrid,Valdilecha,28,165,9,281659
Madrid,Valverde de Alcalá,28,166,2,281662
Madrid,Velilla de San Antonio,28,167,8,281678
Madrid,"Vellón, El",28,168,4,281684
Madrid,Venturada,28,169,7,281697
Madrid,Villaconejos,28,170,1,281701
Madrid,Villa del Prado,28,171,8,281718
Madrid,Villalbilla,28,172,3,281723
Madrid,Villamanrique de Tajo,28,173,9,281739
Madrid,Villamanta,28,174,4,281744
Madrid,Villamantilla,28,175,7,281757
Madrid,Villanueva de la Cañada,28,176,0,281760
Madrid,Villanueva del Pardillo,28,177,6,281776
Madrid,Villanueva de Perales,28,178,2,281782
Madrid,Villar del Olmo,28,179,5,281795
Madrid,Villarejo de Salvanés,28,180,9,281809
Madrid,Villaviciosa de Odón,28,181,6,281816
Madrid,Villavieja del Lozoya,28,182,1,281821
Madrid,Zarzalejo,28,183,7,281837
Madrid,Lozoyuela-Navas-Sieteiglesias,28,901,5,289015
Madrid,Puentes Viejas,28,902,0,289020
Madrid,Tres Cantos,28,903,6,289036
Málaga,Alameda,29,001,7,290017
Málaga,Alcaucín,29,002,2,290022
Málaga,Alfarnate,29,003,8,290038
Málaga,Alfarnatejo,29,004,3,290043
Málaga,Algarrobo,29,005,6,290056
Málaga,Algatocín,29,006,9,290069
Málaga,Alhaurín de la Torre,29,007,5,290075
Málaga,Alhaurín el Grande,29,008,1,290081
Málaga,Almáchar,29,009,4,290094
Málaga,Almargen,29,010,8,290108
Málaga,Almogía,29,011,5,290115
Málaga,Álora,29,012,0,290120
Málaga,Alozaina,29,013,6,290136
Málaga,Alpandeire,29,014,1,290141
Málaga,Antequera,29,015,4,290154
Málaga,Árchez,29,016,7,290167
Málaga,Archidona,29,017,3,290173
Málaga,Ardales,29,018,9,290189
Málaga,Arenas,29,019,2,290192
Málaga,Arriate,29,020,6,290206
Málaga,Atajate,29,021,3,290213
Málaga,Benadalid,29,022,8,290228
Málaga,Benahavís,29,023,4,290234
Málaga,Benalauría,29,024,9,290249
Málaga,Benalmádena,29,025,2,290252
Málaga,Benamargosa,29,026,5,290265
Málaga,Benamocarra,29,027,1,290271
Málaga,Benaoján,29,028,7,290287
Málaga,Benarrabá,29,029,0,290290
Málaga,"Borge, El",29,030,4,290304
Málaga,"Burgo, El",29,031,1,290311
Málaga,Campillos,29,032,6,290326
Málaga,Canillas de Aceituno,29,033,2,290332
Málaga,Canillas de Albaida,29,034,7,290347
Málaga,Cañete la Real,29,035,0,290350
Málaga,Carratraca,29,036,3,290363
Málaga,Cartajima,29,037,9,290379
Málaga,Cártama,29,038,5,290385
Málaga,Casabermeja,29,039,8,290398
Málaga,Casarabonela,29,040,2,290402
Málaga,Casares,29,041,9,290419
Málaga,Coín,29,042,4,290424
Málaga,Colmenar,29,043,0,290430
Málaga,Comares,29,044,5,290445
Málaga,Cómpeta,29,045,8,290458
Málaga,Cortes de la Frontera,29,046,1,290461
Málaga,Cuevas Bajas,29,047,7,290477
Málaga,Cuevas del Becerro,29,048,3,290483
Málaga,Cuevas de San Marcos,29,049,6,290496
Málaga,Cútar,29,050,9,290509
Málaga,Estepona,29,051,6,290516
Málaga,Faraján,29,052,1,290521
Málaga,Frigiliana,29,053,7,290537
Málaga,Fuengirola,29,054,2,290542
Málaga,Fuente de Piedra,29,055,5,290555
Málaga,Gaucín,29,056,8,290568
Málaga,Genalguacil,29,057,4,290574
Málaga,Guaro,29,058,0,290580
Málaga,Humilladero,29,059,3,290593
Málaga,Igualeja,29,060,7,290607
Málaga,Istán,29,061,4,290614
Málaga,Iznate,29,062,9,290629
Málaga,Jimera de Líbar,29,063,5,290635
Málaga,Jubrique,29,064,0,290640
Málaga,Júzcar,29,065,3,290653
Málaga,Macharaviaya,29,066,6,290666
Málaga,Málaga,29,067,2,290672
Málaga,Manilva,29,068,8,290688
Málaga,Marbella,29,069,1,290691
Málaga,Mijas,29,070,5,290705
Málaga,Moclinejo,29,071,2,290712
Málaga,Mollina,29,072,7,290727
Málaga,Monda,29,073,3,290733
Málaga,Montejaque,29,074,8,290748
Málaga,Nerja,29,075,1,290751
Málaga,Ojén,29,076,4,290764
Málaga,Parauta,29,077,0,290770
Málaga,Periana,29,079,9,290799
Málaga,Pizarra,29,080,3,290803
Málaga,Pujerra,29,081,0,290810
Málaga,Rincón de la Victoria,29,082,5,290825
Málaga,Riogordo,29,083,1,290831
Málaga,Ronda,29,084,6,290846
Málaga,Salares,29,085,9,290859
Málaga,Sayalonga,29,086,2,290862
Málaga,Sedella,29,087,8,290878
Málaga,Sierra de Yeguas,29,088,4,290884
Málaga,Teba,29,089,7,290897
Málaga,Tolox,29,090,1,290901
Málaga,Torrox,29,091,8,290918
Málaga,Totalán,29,092,3,290923
Málaga,Valle de Abdalajís,29,093,9,290939
Málaga,Vélez-Málaga,29,094,4,290944
Málaga,Villanueva de Algaidas,29,095,7,290957
Málaga,Villanueva del Rosario,29,096,0,290960
Málaga,Villanueva del Trabuco,29,097,6,290976
Málaga,Villanueva de Tapia,29,098,2,290982
Málaga,Viñuela,29,099,5,290995
Málaga,Yunquera,29,100,9,291009
Málaga,Torremolinos,29,901,8,299018
Málaga,Villanueva de la Concepción,29,902,3,299023
Málaga,Montecorto,29,903,9,299039
Málaga,Serrato,29,904,4,299044
Murcia,Abanilla,30,001,1,300011
Murcia,Abarán,30,002,6,300026
Murcia,Águilas,30,003,2,300032
Murcia,Albudeite,30,004,7,300047
Murcia,Alcantarilla,30,005,0,300050
Murcia,Aledo,30,006,3,300063
Murcia,Alguazas,30,007,9,300079
Murcia,Alhama de Murcia,30,008,5,300085
Murcia,Archena,30,009,8,300098
Murcia,Beniel,30,010,2,300102
Murcia,Blanca,30,011,9,300119
Murcia,Bullas,30,012,4,300124
Murcia,Calasparra,30,013,0,300130
Murcia,Campos del Río,30,014,5,300145
Murcia,Caravaca de la Cruz,30,015,8,300158
Murcia,Cartagena,30,016,1,300161
Murcia,Cehegín,30,017,7,300177
Murcia,Ceutí,30,018,3,300183
Murcia,Cieza,30,019,6,300196
Murcia,Fortuna,30,020,0,300200
Murcia,Fuente Álamo de Murcia,30,021,7,300217
Murcia,Jumilla,30,022,2,300222
Murcia,Librilla,30,023,8,300238
Murcia,Lorca,30,024,3,300243
Murcia,Lorquí,30,025,6,300256
Murcia,Mazarrón,30,026,9,300269
Murcia,Molina de Segura,30,027,5,300275
Murcia,Moratalla,30,028,1,300281
Murcia,Mula,30,029,4,300294
Murcia,Murcia,30,030,8,300308
Murcia,Ojós,30,031,5,300315
Murcia,Pliego,30,032,0,300320
Murcia,Puerto Lumbreras,30,033,6,300336
Murcia,Ricote,30,034,1,300341
Murcia,San Javier,30,035,4,300354
Murcia,San Pedro del Pinatar,30,036,7,300367
Murcia,Torre-Pacheco,30,037,3,300373
Murcia,"Torres de Cotillas, Las",30,038,9,300389
Murcia,Totana,30,039,2,300392
Murcia,Ulea,30,040,6,300406
Murcia,"Unión, La",30,041,3,300413
Murcia,Villanueva del Río Segura,30,042,8,300428
Murcia,Yecla,30,043,4,300434
Murcia,Santomera,30,901,2,309012
Murcia,"Alcázares, Los",30,902,7,309027
Navarra,Abáigar,31,001,8,310018
Navarra,Abárzuza/Abartzuza,31,002,3,310023
Navarra,Abaurregaina/Abaurrea Alta,31,003,9,310039
Navarra,Abaurrepea/Abaurrea Baja,31,004,4,310044
Navarra,Aberin,31,005,7,310057
Navarra,Ablitas,31,006,0,310060
Navarra,Adiós,31,007,6,310076
Navarra,Aguilar de Codés,31,008,2,310082
Navarra,Aibar/Oibar,31,009,5,310095
Navarra,Altsasu/Alsasua,31,010,9,310109
Navarra,Allín/Allin,31,011,6,310116
Navarra,Allo,31,012,1,310121
Navarra,Améscoa Baja,31,013,7,310137
Navarra,Ancín/Antzin,31,014,2,310142
Navarra,Andosilla,31,015,5,310155
Navarra,Ansoáin/Antsoain,31,016,8,310168
Navarra,Anue,31,017,4,310174
Navarra,Añorbe,31,018,0,310180
Navarra,Aoiz/Agoitz,31,019,3,310193
Navarra,Araitz,31,020,7,310207
Navarra,Aranarache/Aranaratxe,31,021,4,310214
Navarra,Arantza,31,022,9,310229
Navarra,Aranguren,31,023,5,310235
Navarra,Arano,31,024,0,310240
Navarra,Arakil,31,025,3,310253
Navarra,Aras,31,026,6,310266
Navarra,Arbizu,31,027,2,310272
Navarra,Arce/Artzi,31,028,8,310288
Navarra,"Arcos, Los",31,029,1,310291
Navarra,Arellano,31,030,5,310305
Navarra,Areso,31,031,2,310312
Navarra,Arguedas,31,032,7,310327
Navarra,Aria,31,033,3,310333
Navarra,Aribe,31,034,8,310348
Navarra,Armañanzas,31,035,1,310351
Navarra,Arróniz,31,036,4,310364
Navarra,Arruazu,31,037,0,310370
Navarra,Artajona,31,038,6,310386
Navarra,Artazu,31,039,9,310399
Navarra,Atetz,31,040,3,310403
Navarra,Ayegui/Aiegi,31,041,0,310410
Navarra,Azagra,31,042,5,310425
Navarra,Azuelo,31,043,1,310431
Navarra,Bakaiku,31,044,6,310446
Navarra,Barásoain,31,045,9,310459
Navarra,Barbarin,31,046,2,310462
Navarra,Bargota,31,047,8,310478
Navarra,Barillas,31,048,4,310484
Navarra,Basaburua,31,049,7,310497
Navarra,Baztan,31,050,0,310500
Navarra,Beire,31,051,7,310517
Navarra,Belascoáin,31,052,2,310522
Navarra,Berbinzana,31,053,8,310538
Navarra,Bertizarana,31,054,3,310543
Navarra,Betelu,31,055,6,310556
Navarra,Biurrun-Olcoz,31,056,9,310569
Navarra,Buñuel,31,057,5,310575
Navarra,Auritz/Burguete,31,058,1,310581
Navarra,Burgui/Burgi,31,059,4,310594
Navarra,Burlada/Burlata,31,060,8,310608
Navarra,"Busto, El",31,061,5,310615
Navarra,Cabanillas,31,062,0,310620
Navarra,Cabredo,31,063,6,310636
Navarra,Cadreita,31,064,1,310641
Navarra,Caparroso,31,065,4,310654
Navarra,Cárcar,31,066,7,310667
Navarra,Carcastillo,31,067,3,310673
Navarra,Cascante,31,068,9,310689
Navarra,Cáseda,31,069,2,310692
Navarra,Castejón,31,070,6,310706
Navarra,Castillonuevo/Gazteluberri,31,071,3,310713
Navarra,Cintruénigo,31,072,8,310728
Navarra,Ziordia,31,073,4,310734
Navarra,Cirauqui/Zirauki,31,074,9,310749
Navarra,Ciriza/Ziritza,31,075,2,310752
Navarra,Cizur,31,076,5,310765
Navarra,Corella,31,077,1,310771
Navarra,Cortes,31,078,7,310787
Navarra,Desojo,31,079,0,310790
Navarra,Dicastillo,31,080,4,310804
Navarra,Donamaria,31,081,1,310811
Navarra,Etxalar,31,082,6,310826
Navarra,Echarri/Etxarri,31,083,2,310832
Navarra,Etxarri Aranatz,31,084,7,310847
Navarra,Etxauri,31,085,0,310850
Navarra,Valle de Egüés/Eguesibar,31,086,3,310863
Navarra,Elgorriaga,31,087,9,310879
Navarra,Valle de Elorz/Elortzibar,31,088,5,310885
Navarra,Enériz/Eneritz,31,089,8,310898
Navarra,Eratsun,31,090,2,310902
Navarra,Ergoiena,31,091,9,310919
Navarra,Erro,31,092,4,310924
Navarra,Ezcároz/Ezkaroze,31,093,0,310930
Navarra,Eslava,31,094,5,310945
Navarra,Esparza de Salazar/Espartza Zaraitzu,31,095,8,310958
Navarra,Espronceda,31,096,1,310961
Navarra,Estella-Lizarra,31,097,7,310977
Navarra,Esteribar,31,098,3,310983
Navarra,Etayo,31,099,6,310996
Navarra,Eulate,31,100,0,311000
Navarra,Ezcabarte,31,101,7,311017
Navarra,Ezkurra,31,102,2,311022
Navarra,Ezprogui,31,103,8,311038
Navarra,Falces,31,104,3,311043
Navarra,Fitero,31,105,6,311056
Navarra,Fontellas,31,106,9,311069
Navarra,Funes,31,107,5,311075
Navarra,Fustiñana,31,108,1,311081
Navarra,Galar,31,109,4,311094
Navarra,Gallipienzo/Galipentzu,31,110,8,311108
Navarra,Gallués/Galoze,31,111,5,311115
Navarra,Garaioa,31,112,0,311120
Navarra,Garde,31,113,6,311136
Navarra,Garínoain,31,114,1,311141
Navarra,Garralda,31,115,4,311154
Navarra,Genevilla,31,116,7,311167
Navarra,Goizueta,31,117,3,311173
Navarra,Val de Goñi/Goñerri,31,118,9,311189
Navarra,Güesa/Gorza,31,119,2,311192
Navarra,Guesálaz/Gesalatz,31,120,6,311206
Navarra,Guirguillano,31,121,3,311213
Navarra,Huarte/Uharte,31,122,8,311228
Navarra,Uharte Arakil,31,123,4,311234
Navarra,Ibargoiti,31,124,9,311249
Navarra,Igúzquiza,31,125,2,311252
Navarra,Imotz,31,126,5,311265
Navarra,Irañeta,31,127,1,311271
Navarra,Isaba/Izaba,31,128,7,311287
Navarra,Ituren,31,129,0,311290
Navarra,Iturmendi,31,130,4,311304
Navarra,Iza/Itza,31,131,1,311311
Navarra,Izagaondoa,31,132,6,311326
Navarra,Izalzu/Itzaltzu,31,133,2,311332
Navarra,Jaurrieta,31,134,7,311347
Navarra,Javier,31,135,0,311350
Navarra,Juslapeña/Txulapain,31,136,3,311363
Navarra,Beintza-Labaien,31,137,9,311379
Navarra,Lakuntza,31,138,5,311385
Navarra,Lana,31,139,8,311398
Navarra,Lantz,31,140,2,311402
Navarra,Lapoblación,31,141,9,311419
Navarra,Larraga,31,142,4,311424
Navarra,Larraona,31,143,0,311430
Navarra,Larraun,31,144,5,311445
Navarra,Lazagurría,31,145,8,311458
Navarra,Leache/Leatxe,31,146,1,311461
Navarra,Legarda,31,147,7,311477
Navarra,Legaria,31,148,3,311483
Navarra,Leitza,31,149,6,311496
Navarra,Leoz/Leotz,31,150,9,311509
Navarra,Lerga,31,151,6,311516
Navarra,Lerín,31,152,1,311521
Navarra,Lesaka,31,153,7,311537
Navarra,Lezaun,31,154,2,311542
Navarra,Liédena,31,155,5,311555
Navarra,Lizoain-Arriasgoiti/Lizoainibar-Arriasgoiti,31,156,8,311568
Navarra,Lodosa,31,157,4,311574
Navarra,Lónguida/Longida,31,158,0,311580
Navarra,Lumbier,31,159,3,311593
Navarra,Luquin,31,160,7,311607
Navarra,Mañeru,31,161,4,311614
Navarra,Marañón,31,162,9,311629
Navarra,Marcilla,31,163,5,311635
Navarra,Mélida,31,164,0,311640
Navarra,Mendavia,31,165,3,311653
Navarra,Mendaza,31,166,6,311666
Navarra,Mendigorria,31,167,2,311672
Navarra,Metauten,31,168,8,311688
Navarra,Milagro,31,169,1,311691
Navarra,Mirafuentes,31,170,5,311705
Navarra,Miranda de Arga,31,171,2,311712
Navarra,Monreal/Elo,31,172,7,311727
Navarra,Monteagudo,31,173,3,311733
Navarra,Morentin,31,174,8,311748
Navarra,Mues,31,175,1,311751
Navarra,Murchante,31,176,4,311764
Navarra,Murieta,31,177,0,311770
Navarra,Murillo el Cuende,31,178,6,311786
Navarra,Murillo el Fruto,31,179,9,311799
Navarra,Muruzábal,31,180,3,311803
Navarra,Navascués/Nabaskoze,31,181,0,311810
Navarra,Nazar,31,182,5,311825
Navarra,Obanos,31,183,1,311831
Navarra,Oco,31,184,6,311846
Navarra,Ochagavía/Otsagabia,31,185,9,311859
Navarra,Odieta,31,186,2,311862
Navarra,Oiz,31,187,8,311878
Navarra,Olaibar,31,188,4,311884
Navarra,Olazti/Olazagutía,31,189,7,311897
Navarra,Olejua,31,190,1,311901
Navarra,Olite/Erriberri,31,191,8,311918
Navarra,Olóriz/Oloritz,31,192,3,311923
Navarra,Cendea de Olza/Oltza Zendea,31,193,9,311939
Navarra,Valle de Ollo/Ollaran,31,194,4,311944
Navarra,Orbaizeta,31,195,7,311957
Navarra,Orbara,31,196,0,311960
Navarra,Orísoain,31,197,6,311976
Navarra,Oronz/Orontze,31,198,2,311982
Navarra,Oroz-Betelu/Orotz-Betelu,31,199,5,311995
Navarra,Oteiza,31,200,9,312009
Navarra,Pamplona/Iruña,31,201,6,312016
Navarra,Peralta/Azkoien,31,202,1,312021
Navarra,Petilla de Aragón,31,203,7,312037
Navarra,Piedramillera,31,204,2,312042
Navarra,Pitillas,31,205,5,312055
Navarra,Puente la Reina/Gares,31,206,8,312068
Navarra,Pueyo/Puiu,31,207,4,312074
Navarra,Ribaforada,31,208,0,312080
Navarra,Romanzado/Erromantzatua,31,209,3,312093
Navarra,Roncal/Erronkari,31,210,7,312107
Navarra,Orreaga/Roncesvalles,31,211,4,312114
Navarra,Sada,31,212,9,312129
Navarra,Saldías,31,213,5,312135
Navarra,Salinas de Oro/Jaitz,31,214,0,312140
Navarra,San Adrián,31,215,3,312153
Navarra,Sangüesa/Zangoza,31,216,6,312166
Navarra,San Martín de Unx,31,217,2,312172
Navarra,Sansol,31,219,1,312191
Navarra,Santacara,31,220,5,312205
Navarra,Doneztebe/Santesteban,31,221,2,312212
Navarra,Sarriés/Sartze,31,222,7,312227
Navarra,Sartaguda,31,223,3,312233
Navarra,Sesma,31,224,8,312248
Navarra,Sorlada,31,225,1,312251
Navarra,Sunbilla,31,226,4,312264
Navarra,Tafalla,31,227,0,312270
Navarra,Tiebas-Muruarte de Reta,31,228,6,312286
Navarra,Tirapu,31,229,9,312299
Navarra,Torralba del Río,31,230,3,312303
Navarra,Torres del Río,31,231,0,312310
Navarra,Tudela,31,232,5,312325
Navarra,Tulebras,31,233,1,312331
Navarra,Ucar,31,234,6,312346
Navarra,Ujué/Uxue,31,235,9,312359
Navarra,Ultzama,31,236,2,312362
Navarra,Unciti,31,237,8,312378
Navarra,Unzué/Untzue,31,238,4,312384
Navarra,Urdazubi/Urdax,31,239,7,312397
Navarra,Urdiain,31,240,1,312401
Navarra,Urraul Alto,31,241,8,312418
Navarra,Urraul Bajo,31,242,3,312423
Navarra,Urroz-Villa,31,243,9,312439
Navarra,Urroz,31,244,4,312444
Navarra,Urzainqui/Urzainki,31,245,7,312457
Navarra,Uterga,31,246,0,312460
Navarra,Uztárroz/Uztarroze,31,247,6,312476
Navarra,Luzaide/Valcarlos,31,248,2,312482
Navarra,Valtierra,31,249,5,312495
Navarra,Bera,31,250,8,312508
Navarra,Viana,31,251,5,312515
Navarra,Vidángoz/Bidankoze,31,252,0,312520
Navarra,Bidaurreta,31,253,6,312536
Navarra,Villafranca,31,254,1,312541
Navarra,Villamayor de Monjardín,31,255,4,312554
Navarra,Hiriberri/Villanueva de Aezkoa,31,256,7,312567
Navarra,Villatuerta,31,257,3,312573
Navarra,Villava/Atarrabia,31,258,9,312589
Navarra,Igantzi,31,259,2,312592
Navarra,Valle de Yerri/Deierri,31,260,6,312606
Navarra,Yesa,31,261,3,312613
Navarra,Zabalza/Zabaltza,31,262,8,312628
Navarra,Zubieta,31,263,4,312634
Navarra,Zugarramurdi,31,264,9,312649
Navarra,Zúñiga,31,265,2,312652
Navarra,Barañáin/Barañain,31,901,9,319019
Navarra,Berrioplano/Berriobeiti,31,902,4,319024
Navarra,Berriozar,31,903,0,319030
Navarra,Irurtzun,31,904,5,319045
Navarra,Beriáin,31,905,8,319058
Navarra,Orkoien,31,906,1,319061
Navarra,Zizur Mayor/Zizur Nagusia,31,907,7,319077
Navarra,Lekunberri,31,908,3,319083
Ourense,Allariz,32,001,3,320013
Ourense,Amoeiro,32,002,8,320028
Ourense,"Arnoia, A",32,003,4,320034
Ourense,Avión,32,004,9,320049
Ourense,Baltar,32,005,2,320052
Ourense,Bande,32,006,5,320065
Ourense,Baños de Molgas,32,007,1,320071
Ourense,Barbadás,32,008,7,320087
Ourense,"Barco de Valdeorras, O",32,009,0,320090
Ourense,Beade,32,010,4,320104
Ourense,Beariz,32,011,1,320111
Ourense,"Blancos, Os",32,012,6,320126
Ourense,Boborás,32,013,2,320132
Ourense,"Bola, A",32,014,7,320147
Ourense,"Bolo, O",32,015,0,320150
Ourense,Calvos de Randín,32,016,3,320163
Ourense,Carballeda de Valdeorras,32,017,9,320179
Ourense,Carballeda de Avia,32,018,5,320185
Ourense,"Carballiño, O",32,019,8,320198
Ourense,Cartelle,32,020,2,320202
Ourense,Castrelo do Val,32,021,9,320219
Ourense,Castrelo de Miño,32,022,4,320224
Ourense,Castro Caldelas,32,023,0,320230
Ourense,Celanova,32,024,5,320245
Ourense,Cenlle,32,025,8,320258
Ourense,Coles,32,026,1,320261
Ourense,Cortegada,32,027,7,320277
Ourense,Cualedro,32,028,3,320283
Ourense,Chandrexa de Queixa,32,029,6,320296
Ourense,Entrimo,32,030,0,320300
Ourense,Esgos,32,031,7,320317
Ourense,Xinzo de Limia,32,032,2,320322
Ourense,Gomesende,32,033,8,320338
Ourense,"Gudiña, A",32,034,3,320343
Ourense,"Irixo, O",32,035,6,320356
Ourense,Xunqueira de Ambía,32,036,9,320369
Ourense,Xunqueira de Espadanedo,32,037,5,320375
Ourense,Larouco,32,038,1,320381
Ourense,Laza,32,039,4,320394
Ourense,Leiro,32,040,8,320408
Ourense,Lobeira,32,041,5,320415
Ourense,Lobios,32,042,0,320420
Ourense,Maceda,32,043,6,320436
Ourense,Manzaneda,32,044,1,320441
Ourense,Maside,32,045,4,320454
Ourense,Melón,32,046,7,320467
Ourense,"Merca, A",32,047,3,320473
Ourense,"Mezquita, A",32,048,9,320489
Ourense,Montederramo,32,049,2,320492
Ourense,Monterrei,32,050,5,320505
Ourense,Muíños,32,051,2,320512
Ourense,Nogueira de Ramuín,32,052,7,320527
Ourense,Oímbra,32,053,3,320533
Ourense,Ourense,32,054,8,320548
Ourense,Paderne de Allariz,32,055,1,320551
Ourense,Padrenda,32,056,4,320564
Ourense,Parada de Sil,32,057,0,320570
Ourense,"Pereiro de Aguiar, O",32,058,6,320586
Ourense,"Peroxa, A",32,059,9,320599
Ourense,Petín,32,060,3,320603
Ourense,Piñor,32,061,0,320610
Ourense,Porqueira,32,062,5,320625
Ourense,"Pobra de Trives, A",32,063,1,320631
Ourense,Pontedeva,32,064,6,320646
Ourense,Punxín,32,065,9,320659
Ourense,Quintela de Leirado,32,066,2,320662
Ourense,Rairiz de Veiga,32,067,8,320678
Ourense,Ramirás,32,068,4,320684
Ourense,Ribadavia,32,069,7,320697
Ourense,San Xoán de Río,32,070,1,320701
Ourense,Riós,32,071,8,320718
Ourense,"Rúa, A",32,072,3,320723
Ourense,Rubiá,32,073,9,320739
Ourense,San Amaro,32,074,4,320744
Ourense,San Cibrao das Viñas,32,075,7,320757
Ourense,San Cristovo de Cea,32,076,0,320760
Ourense,Sandiás,32,077,6,320776
Ourense,Sarreaus,32,078,2,320782
Ourense,Taboadela,32,079,5,320795
Ourense,"Teixeira, A",32,080,9,320809
Ourense,Toén,32,081,6,320816
Ourense,Trasmiras,32,082,1,320821
Ourense,"Veiga, A",32,083,7,320837
Ourense,Verea,32,084,2,320842
Ourense,Verín,32,085,5,320855
Ourense,Viana do Bolo,32,086,8,320868
Ourense,Vilamarín,32,087,4,320874
Ourense,Vilamartín de Valdeorras,32,088,0,320880
Ourense,Vilar de Barrio,32,089,3,320893
Ourense,Vilar de Santos,32,090,7,320907
Ourense,Vilardevós,32,091,4,320914
Ourense,Vilariño de Conso,32,092,9,320929
Asturias,Allande,33,001,9,330019
Asturias,Aller,33,002,4,330024
Asturias,Amieva,33,003,0,330030
Asturias,Avilés,33,004,5,330045
Asturias,Belmonte de Miranda,33,005,8,330058
Asturias,Bimenes,33,006,1,330061
Asturias,Boal,33,007,7,330077
Asturias,Cabrales,33,008,3,330083
Asturias,Cabranes,33,009,6,330096
Asturias,Candamo,33,010,0,330100
Asturias,Cangas del Narcea,33,011,7,330117
Asturias,Cangas de Onís,33,012,2,330122
Asturias,Caravia,33,013,8,330138
Asturias,Carreño,33,014,3,330143
Asturias,Caso,33,015,6,330156
Asturias,Castrillón,33,016,9,330169
Asturias,Castropol,33,017,5,330175
Asturias,Coaña,33,018,1,330181
Asturias,Colunga,33,019,4,330194
Asturias,Corvera de Asturias,33,020,8,330208
Asturias,Cudillero,33,021,5,330215
Asturias,Degaña,33,022,0,330220
Asturias,"Franco, El",33,023,6,330236
Asturias,Gijón,33,024,1,330241
Asturias,Gozón,33,025,4,330254
Asturias,Grado,33,026,7,330267
Asturias,Grandas de Salime,33,027,3,330273
Asturias,Ibias,33,028,9,330289
Asturias,Illano,33,029,2,330292
Asturias,Illas,33,030,6,330306
Asturias,Langreo,33,031,3,330313
Asturias,Laviana,33,032,8,330328
Asturias,Lena,33,033,4,330334
Asturias,Valdés,33,034,9,330349
Asturias,Llanera,33,035,2,330352
Asturias,Llanes,33,036,5,330365
Asturias,Mieres,33,037,1,330371
Asturias,Morcín,33,038,7,330387
Asturias,Muros de Nalón,33,039,0,330390
Asturias,Nava,33,040,4,330404
Asturias,Navia,33,041,1,330411
Asturias,Noreña,33,042,6,330426
Asturias,Onís,33,043,2,330432
Asturias,Oviedo,33,044,7,330447
Asturias,Parres,33,045,0,330450
Asturias,Peñamellera Alta,33,046,3,330463
Asturias,Peñamellera Baja,33,047,9,330479
Asturias,Pesoz,33,048,5,330485
Asturias,Piloña,33,049,8,330498
Asturias,Ponga,33,050,1,330501
Asturias,Pravia,33,051,8,330518
Asturias,Proaza,33,052,3,330523
Asturias,Quirós,33,053,9,330539
Asturias,"Regueras, Las",33,054,4,330544
Asturias,Ribadedeva,33,055,7,330557
Asturias,Ribadesella,33,056,0,330560
Asturias,Ribera de Arriba,33,057,6,330576
Asturias,Riosa,33,058,2,330582
Asturias,Salas,33,059,5,330595
Asturias,San Martín del Rey Aurelio,33,060,9,330609
Asturias,San Martín de Oscos,33,061,6,330616
Asturias,Santa Eulalia de Oscos,33,062,1,330621
Asturias,San Tirso de Abres,33,063,7,330637
Asturias,Santo Adriano,33,064,2,330642
Asturias,Sariego,33,065,5,330655
Asturias,Siero,33,066,8,330668
Asturias,Sobrescobio,33,067,4,330674
Asturias,Somiedo,33,068,0,330680
Asturias,Soto del Barco,33,069,3,330693
Asturias,Tapia de Casariego,33,070,7,330707
Asturias,Taramundi,33,071,4,330714
Asturias,Teverga,33,072,9,330729
Asturias,Tineo,33,073,5,330735
Asturias,Vegadeo,33,074,0,330740
Asturias,Villanueva de Oscos,33,075,3,330753
Asturias,Villaviciosa,33,076,6,330766
Asturias,Villayón,33,077,2,330772
Asturias,Yernes y Tameza,33,078,8,330788
Palencia,Abarca de Campos,34,001,4,340014
Palencia,Abia de las Torres,34,003,5,340035
Palencia,Aguilar de Campoo,34,004,0,340040
Palencia,Alar del Rey,34,005,3,340053
Palencia,Alba de Cerrato,34,006,6,340066
Palencia,Amayuelas de Arriba,34,009,1,340091
Palencia,Ampudia,34,010,5,340105
Palencia,Amusco,34,011,2,340112
Palencia,Antigüedad,34,012,7,340127
Palencia,Arconada,34,015,1,340151
Palencia,Astudillo,34,017,0,340170
Palencia,Autilla del Pino,34,018,6,340186
Palencia,Autillo de Campos,34,019,9,340199
Palencia,Ayuela,34,020,3,340203
Palencia,Baltanás,34,022,5,340225
Palencia,Venta de Baños,34,023,1,340231
Palencia,Baquerín de Campos,34,024,6,340246
Palencia,Bárcena de Campos,34,025,9,340259
Palencia,Barruelo de Santullán,34,027,8,340278
Palencia,Báscones de Ojeda,34,028,4,340284
Palencia,Becerril de Campos,34,029,7,340297
Palencia,Belmonte de Campos,34,031,8,340318
Palencia,Berzosilla,34,032,3,340323
Palencia,Boada de Campos,34,033,9,340339
Palencia,Boadilla del Camino,34,034,4,340344
Palencia,Boadilla de Rioseco,34,035,7,340357
Palencia,Brañosera,34,036,0,340360
Palencia,Buenavista de Valdavia,34,037,6,340376
Palencia,Bustillo de la Vega,34,038,2,340382
Palencia,Bustillo del Páramo de Carrión,34,039,5,340395
Palencia,Calahorra de Boedo,34,041,6,340416
Palencia,Calzada de los Molinos,34,042,1,340421
Palencia,Capillas,34,045,5,340455
Palencia,Cardeñosa de Volpejera,34,046,8,340468
Palencia,Carrión de los Condes,34,047,4,340474
Palencia,Castil de Vela,34,048,0,340480
Palencia,Castrejón de la Peña,34,049,3,340493
Palencia,Castrillo de Don Juan,34,050,6,340506
Palencia,Castrillo de Onielo,34,051,3,340513
Palencia,Castrillo de Villavega,34,052,8,340528
Palencia,Castromocho,34,053,4,340534
Palencia,Cervatos de la Cueza,34,055,2,340552
Palencia,Cervera de Pisuerga,34,056,5,340565
Palencia,Cevico de la Torre,34,057,1,340571
Palencia,Cevico Navero,34,058,7,340587
Palencia,Cisneros,34,059,0,340590
Palencia,Cobos de Cerrato,34,060,4,340604
Palencia,Collazos de Boedo,34,061,1,340611
Palencia,Congosto de Valdavia,34,062,6,340626
Palencia,Cordovilla la Real,34,063,2,340632
Palencia,Cubillas de Cerrato,34,066,3,340663
Palencia,Dehesa de Montejo,34,067,9,340679
Palencia,Dehesa de Romanos,34,068,5,340685
Palencia,Dueñas,34,069,8,340698
Palencia,Espinosa de Cerrato,34,070,2,340702
Palencia,Espinosa de Villagonzalo,34,071,9,340719
Palencia,Frechilla,34,072,4,340724
Palencia,Fresno del Río,34,073,0,340730
Palencia,Frómista,34,074,5,340745
Palencia,Fuentes de Nava,34,076,1,340761
Palencia,Fuentes de Valdepero,34,077,7,340777
Palencia,Grijota,34,079,6,340796
Palencia,Guardo,34,080,0,340800
Palencia,Guaza de Campos,34,081,7,340817
Palencia,Hérmedes de Cerrato,34,082,2,340822
Palencia,Herrera de Pisuerga,34,083,8,340838
Palencia,Herrera de Valdecañas,34,084,3,340843
Palencia,Hontoria de Cerrato,34,086,9,340869
Palencia,Hornillos de Cerrato,34,087,5,340875
Palencia,Husillos,34,088,1,340881
Palencia,Itero de la Vega,34,089,4,340894
Palencia,Lagartos,34,091,5,340915
Palencia,Lantadilla,34,092,0,340920
Palencia,"Vid de Ojeda, La",34,093,6,340936
Palencia,Ledigos,34,094,1,340941
Palencia,Lomas,34,096,7,340967
Palencia,Magaz de Pisuerga,34,098,9,340989
Palencia,Manquillos,34,099,2,340992
Palencia,Mantinos,34,100,6,341006
Palencia,Marcilla de Campos,34,101,3,341013
Palencia,Mazariegos,34,102,8,341028
Palencia,Mazuecos de Valdeginate,34,103,4,341034
Palencia,Melgar de Yuso,34,104,9,341049
Palencia,Meneses de Campos,34,106,5,341065
Palencia,Micieces de Ojeda,34,107,1,341071
Palencia,Monzón de Campos,34,108,7,341087
Palencia,Moratinos,34,109,0,341090
Palencia,Mudá,34,110,4,341104
Palencia,Nogal de las Huertas,34,112,6,341126
Palencia,Olea de Boedo,34,113,2,341132
Palencia,Olmos de Ojeda,34,114,7,341147
Palencia,Osornillo,34,116,3,341163
Palencia,Palencia,34,120,2,341202
Palencia,Palenzuela,34,121,9,341219
Palencia,Páramo de Boedo,34,122,4,341224
Palencia,Paredes de Nava,34,123,0,341230
Palencia,Payo de Ojeda,34,124,5,341245
Palencia,Pedraza de Campos,34,125,8,341258
Palencia,Pedrosa de la Vega,34,126,1,341261
Palencia,Perales,34,127,7,341277
Palencia,Pino del Río,34,129,6,341296
Palencia,Piña de Campos,34,130,0,341300
Palencia,Población de Arroyo,34,131,7,341317
Palencia,Población de Campos,34,132,2,341322
Palencia,Población de Cerrato,34,133,8,341338
Palencia,Polentinos,34,134,3,341343
Palencia,Pomar de Valdivia,34,135,6,341356
Palencia,Poza de la Vega,34,136,9,341369
Palencia,Pozo de Urama,34,137,5,341375
Palencia,Prádanos de Ojeda,34,139,4,341394
Palencia,"Puebla de Valdavia, La",34,140,8,341408
Palencia,Quintana del Puente,34,141,5,341415
Palencia,Quintanilla de Onsoña,34,143,6,341436
Palencia,Reinoso de Cerrato,34,146,7,341467
Palencia,Renedo de la Vega,34,147,3,341473
Palencia,Requena de Campos,34,149,2,341492
Palencia,Respenda de la Peña,34,151,2,341512
Palencia,Revenga de Campos,34,152,7,341527
Palencia,Revilla de Collazos,34,154,8,341548
Palencia,Ribas de Campos,34,155,1,341551
Palencia,Riberos de la Cueza,34,156,4,341564
Palencia,Saldaña,34,157,0,341570
Palencia,Salinas de Pisuerga,34,158,6,341586
Palencia,San Cebrián de Campos,34,159,9,341599
Palencia,San Cebrián de Mudá,34,160,3,341603
Palencia,San Cristóbal de Boedo,34,161,0,341610
Palencia,San Mamés de Campos,34,163,1,341631
Palencia,San Román de la Cuba,34,165,9,341659
Palencia,Santa Cecilia del Alcor,34,167,8,341678
Palencia,Santa Cruz de Boedo,34,168,4,341684
Palencia,Santervás de la Vega,34,169,7,341697
Palencia,Santibáñez de Ecla,34,170,1,341701
Palencia,Santibáñez de la Peña,34,171,8,341718
Palencia,Santoyo,34,174,4,341744
Palencia,"Serna, La",34,175,7,341757
Palencia,Sotobañado y Priorato,34,176,0,341760
Palencia,Soto de Cerrato,34,177,6,341776
Palencia,Tabanera de Cerrato,34,178,2,341782
Palencia,Tabanera de Valdavia,34,179,5,341795
Palencia,Támara de Campos,34,180,9,341809
Palencia,Tariego de Cerrato,34,181,6,341816
Palencia,Torquemada,34,182,1,341821
Palencia,Torremormojón,34,184,2,341842
Palencia,Triollo,34,185,5,341855
Palencia,Valbuena de Pisuerga,34,186,8,341868
Palencia,Valdeolmillos,34,189,3,341893
Palencia,Valderrábano,34,190,7,341907
Palencia,Valde-Ucieza,34,192,9,341929
Palencia,Valle de Cerrato,34,196,6,341966
Palencia,Velilla del Río Carrión,34,199,1,341991
Palencia,Vertavillo,34,201,2,342012
Palencia,Villabasta de Valdavia,34,202,7,342027
Palencia,Villacidaler,34,204,8,342048
Palencia,Villaconancio,34,205,1,342051
Palencia,Villada,34,206,4,342064
Palencia,Villaeles de Valdavia,34,208,6,342086
Palencia,Villahán,34,210,3,342103
Palencia,Villaherreros,34,211,0,342110
Palencia,Villalaco,34,213,1,342131
Palencia,Villalba de Guardo,34,214,6,342146
Palencia,Villalcázar de Sirga,34,215,9,342159
Palencia,Villalcón,34,216,2,342162
Palencia,Villalobón,34,217,8,342178
Palencia,Villaluenga de la Vega,34,218,4,342184
Palencia,Villamartín de Campos,34,220,1,342201
Palencia,Villamediana,34,221,8,342218
Palencia,Villameriel,34,222,3,342223
Palencia,Villamoronta,34,223,9,342239
Palencia,Villamuera de la Cueza,34,224,4,342244
Palencia,Villamuriel de Cerrato,34,225,7,342257
Palencia,Villanueva del Rebollar,34,227,6,342276
Palencia,Villanuño de Valdavia,34,228,2,342282
Palencia,Villaprovedo,34,229,5,342295
Palencia,Villarmentero de Campos,34,230,9,342309
Palencia,Villarrabé,34,231,6,342316
Palencia,Villarramiel,34,232,1,342321
Palencia,Villasarracino,34,233,7,342337
Palencia,Villasila de Valdavia,34,234,2,342342
Palencia,Villaturde,34,236,8,342368
Palencia,Villaumbrales,34,237,4,342374
Palencia,Villaviudas,34,238,0,342380
Palencia,Villerías de Campos,34,240,7,342407
Palencia,Villodre,34,241,4,342414
Palencia,Villodrigo,34,242,9,342429
Palencia,Villoldo,34,243,5,342435
Palencia,Villota del Páramo,34,245,3,342453
Palencia,Villovieco,34,246,6,342466
Palencia,Osorno la Mayor,34,901,5,349015
Palencia,Valle del Retortillo,34,902,0,349020
Palencia,Loma de Ucieza,34,903,6,349036
Palencia,"Pernía, La",34,904,1,349041
"Palmas, Las",Agaete,35,001,7,350017
"Palmas, Las",Agüimes,35,002,2,350022
"Palmas, Las",Antigua,35,003,8,350038
"Palmas, Las",Arrecife,35,004,3,350043
"Palmas, Las",Artenara,35,005,6,350056
"Palmas, Las",Arucas,35,006,9,350069
"Palmas, Las",Betancuria,35,007,5,350075
"Palmas, Las",Firgas,35,008,1,350081
"Palmas, Las",Gáldar,35,009,4,350094
"Palmas, Las",Haría,35,010,8,350108
"Palmas, Las",Ingenio,35,011,5,350115
"Palmas, Las",Mogán,35,012,0,350120
"Palmas, Las",Moya,35,013,6,350136
"Palmas, Las","Oliva, La",35,014,1,350141
"Palmas, Las",Pájara,35,015,4,350154
"Palmas, Las","Palmas de Gran Canaria, Las",35,016,7,350167
"Palmas, Las",Puerto del Rosario,35,017,3,350173
"Palmas, Las",San Bartolomé,35,018,9,350189
"Palmas, Las",San Bartolomé de Tirajana,35,019,2,350192
"Palmas, Las","Aldea de San Nicolás, La",35,020,6,350206
"Palmas, Las",Santa Brígida,35,021,3,350213
"Palmas, Las",Santa Lucía de Tirajana,35,022,8,350228
"Palmas, Las",Santa María de Guía de Gran Canaria,35,023,4,350234
"Palmas, Las",Teguise,35,024,9,350249
"Palmas, Las",Tejeda,35,025,2,350252
"Palmas, Las",Telde,35,026,5,350265
"Palmas, Las",Teror,35,027,1,350271
"Palmas, Las",Tías,35,028,7,350287
"Palmas, Las",Tinajo,35,029,0,350290
"Palmas, Las",Tuineje,35,030,4,350304
"Palmas, Las",Valsequillo de Gran Canaria,35,031,1,350311
"Palmas, Las",Valleseco,35,032,6,350326
"Palmas, Las",Vega de San Mateo,35,033,2,350332
"Palmas, Las",Yaiza,35,034,7,350347
Pontevedra,Arbo,36,001,0,360010
Pontevedra,Barro,36,002,5,360025
Pontevedra,Baiona,36,003,1,360031
Pontevedra,Bueu,36,004,6,360046
Pontevedra,Caldas de Reis,36,005,9,360059
Pontevedra,Cambados,36,006,2,360062
Pontevedra,Campo Lameiro,36,007,8,360078
Pontevedra,Cangas,36,008,4,360084
Pontevedra,"Cañiza, A",36,009,7,360097
Pontevedra,Catoira,36,010,1,360101
Pontevedra,Covelo,36,013,9,360139
Pontevedra,Crecente,36,014,4,360144
Pontevedra,Cuntis,36,015,7,360157
Pontevedra,Dozón,36,016,0,360160
Pontevedra,"Estrada, A",36,017,6,360176
Pontevedra,Forcarei,36,018,2,360182
Pontevedra,Fornelos de Montes,36,019,5,360195
Pontevedra,Agolada,36,020,9,360209
Pontevedra,Gondomar,36,021,6,360216
Pontevedra,"Grove, O",36,022,1,360221
Pontevedra,"Guarda, A",36,023,7,360237
Pontevedra,Lalín,36,024,2,360242
Pontevedra,"Lama, A",36,025,5,360255
Pontevedra,Marín,36,026,8,360268
Pontevedra,Meaño,36,027,4,360274
Pontevedra,Meis,36,028,0,360280
Pontevedra,Moaña,36,029,3,360293
Pontevedra,Mondariz,36,030,7,360307
Pontevedra,Mondariz-Balneario,36,031,4,360314
Pontevedra,Moraña,36,032,9,360329
Pontevedra,Mos,36,033,5,360335
Pontevedra,"Neves, As",36,034,0,360340
Pontevedra,Nigrán,36,035,3,360353
Pontevedra,Oia,36,036,6,360366
Pontevedra,Pazos de Borbén,36,037,2,360372
Pontevedra,Pontevedra,36,038,8,360388
Pontevedra,"Porriño, O",36,039,1,360391
Pontevedra,Portas,36,040,5,360405
Pontevedra,Poio,36,041,2,360412
Pontevedra,Ponteareas,36,042,7,360427
Pontevedra,Ponte Caldelas,36,043,3,360433
Pontevedra,Pontecesures,36,044,8,360448
Pontevedra,Redondela,36,045,1,360451
Pontevedra,Ribadumia,36,046,4,360464
Pontevedra,Rodeiro,36,047,0,360470
Pontevedra,"Rosal, O",36,048,6,360486
Pontevedra,Salceda de Caselas,36,049,9,360499
Pontevedra,Salvaterra de Miño,36,050,2,360502
Pontevedra,Sanxenxo,36,051,9,360519
Pontevedra,Silleda,36,052,4,360524
Pontevedra,Soutomaior,36,053,0,360530
Pontevedra,Tomiño,36,054,5,360545
Pontevedra,Tui,36,055,8,360558
Pontevedra,Valga,36,056,1,360561
Pontevedra,Vigo,36,057,7,360577
Pontevedra,Vilaboa,36,058,3,360583
Pontevedra,Vila de Cruces,36,059,6,360596
Pontevedra,Vilagarcía de Arousa,36,060,0,360600
Pontevedra,Vilanova de Arousa,36,061,7,360617
Pontevedra,"Illa de Arousa, A",36,901,1,369011
Pontevedra,Cerdedo-Cotobade,36,902,6,369026
Salamanca,Abusejo,37,001,6,370016
Salamanca,Agallas,37,002,1,370021
Salamanca,Ahigal de los Aceiteros,37,003,7,370037
Salamanca,Ahigal de Villarino,37,004,2,370042
Salamanca,"Alameda de Gardón, La",37,005,5,370055
Salamanca,"Alamedilla, La",37,006,8,370068
Salamanca,Alaraz,37,007,4,370074
Salamanca,Alba de Tormes,37,008,0,370080
Salamanca,Alba de Yeltes,37,009,3,370093
Salamanca,"Alberca, La",37,010,7,370107
Salamanca,"Alberguería de Argañán, La",37,011,4,370114
Salamanca,Alconada,37,012,9,370129
Salamanca,Aldeacipreste,37,013,5,370135
Salamanca,Aldeadávila de la Ribera,37,014,0,370140
Salamanca,Aldea del Obispo,37,015,3,370153
Salamanca,Aldealengua,37,016,6,370166
Salamanca,Aldeanueva de Figueroa,37,017,2,370172
Salamanca,Aldeanueva de la Sierra,37,018,8,370188
Salamanca,Aldearrodrigo,37,019,1,370191
Salamanca,Aldearrubia,37,020,5,370205
Salamanca,Aldeaseca de Alba,37,021,2,370212
Salamanca,Aldeaseca de la Frontera,37,022,7,370227
Salamanca,Aldeatejada,37,023,3,370233
Salamanca,Aldeavieja de Tormes,37,024,8,370248
Salamanca,Aldehuela de la Bóveda,37,025,1,370251
Salamanca,Aldehuela de Yeltes,37,026,4,370264
Salamanca,Almenara de Tormes,37,027,0,370270
Salamanca,Almendra,37,028,6,370286
Salamanca,Anaya de Alba,37,029,9,370299
Salamanca,Añover de Tormes,37,030,3,370303
Salamanca,Arabayona de Mógica,37,031,0,370310
Salamanca,Arapiles,37,032,5,370325
Salamanca,Arcediano,37,033,1,370331
Salamanca,"Arco, El",37,034,6,370346
Salamanca,Armenteros,37,035,9,370359
Salamanca,San Miguel del Robledo,37,036,2,370362
Salamanca,"Atalaya, La",37,037,8,370378
Salamanca,Babilafuente,37,038,4,370384
Salamanca,Bañobárez,37,039,7,370397
Salamanca,Barbadillo,37,040,1,370401
Salamanca,Barbalos,37,041,8,370418
Salamanca,Barceo,37,042,3,370423
Salamanca,Barruecopardo,37,044,4,370444
Salamanca,"Bastida, La",37,045,7,370457
Salamanca,Béjar,37,046,0,370460
Salamanca,Beleña,37,047,6,370476
Salamanca,Bermellar,37,049,5,370495
Salamanca,Berrocal de Huebra,37,050,8,370508
Salamanca,Berrocal de Salvatierra,37,051,5,370515
Salamanca,Boada,37,052,0,370520
Salamanca,"Bodón, El",37,054,1,370541
Salamanca,Bogajo,37,055,4,370554
Salamanca,"Bouza, La",37,056,7,370567
Salamanca,Bóveda del Río Almar,37,057,3,370573
Salamanca,Brincones,37,058,9,370589
Salamanca,Buenamadre,37,059,2,370592
Salamanca,Buenavista,37,060,6,370606
Salamanca,"Cabaco, El",37,061,3,370613
Salamanca,Cabezabellosa de la Calzada,37,062,8,370628
Salamanca,"Cabeza de Béjar, La",37,063,4,370634
Salamanca,Cabeza del Caballo,37,065,2,370652
Salamanca,Cabrerizos,37,067,1,370671
Salamanca,Cabrillas,37,068,7,370687
Salamanca,Calvarrasa de Abajo,37,069,0,370690
Salamanca,Calvarrasa de Arriba,37,070,4,370704
Salamanca,"Calzada de Béjar, La",37,071,1,370711
Salamanca,Calzada de Don Diego,37,072,6,370726
Salamanca,Calzada de Valdunciel,37,073,2,370732
Salamanca,Campillo de Azaba,37,074,7,370747
Salamanca,"Campo de Peñaranda, El",37,077,9,370779
Salamanca,Candelario,37,078,5,370785
Salamanca,Canillas de Abajo,37,079,8,370798
Salamanca,Cantagallo,37,080,2,370802
Salamanca,Cantalapiedra,37,081,9,370819
Salamanca,Cantalpino,37,082,4,370824
Salamanca,Cantaracillo,37,083,0,370830
Salamanca,Carbajosa de la Sagrada,37,085,8,370858
Salamanca,Carpio de Azaba,37,086,1,370861
Salamanca,Carrascal de Barregas,37,087,7,370877
Salamanca,Carrascal del Obispo,37,088,3,370883
Salamanca,Casafranca,37,089,6,370896
Salamanca,"Casas del Conde, Las",37,090,0,370900
Salamanca,Casillas de Flores,37,091,7,370917
Salamanca,Castellanos de Moriscos,37,092,2,370922
Salamanca,Castillejo de Martín Viejo,37,096,9,370969
Salamanca,Castraz,37,097,5,370975
Salamanca,Cepeda,37,098,1,370981
Salamanca,Cereceda de la Sierra,37,099,4,370994
Salamanca,Cerezal de Peñahorcada,37,100,8,371008
Salamanca,Cerralbo,37,101,5,371015
Salamanca,"Cerro, El",37,102,0,371020
Salamanca,Cespedosa de Tormes,37,103,6,371036
Salamanca,Cilleros de la Bastida,37,104,1,371041
Salamanca,Cipérez,37,106,7,371067
Salamanca,Ciudad Rodrigo,37,107,3,371073
Salamanca,Coca de Alba,37,108,9,371089
Salamanca,Colmenar de Montemayor,37,109,2,371092
Salamanca,Cordovilla,37,110,6,371106
Salamanca,Cristóbal,37,112,8,371128
Salamanca,"Cubo de Don Sancho, El",37,113,4,371134
Salamanca,Chagarcía Medianero,37,114,9,371149
Salamanca,Dios le Guarde,37,115,2,371152
Salamanca,Doñinos de Ledesma,37,116,5,371165
Salamanca,Doñinos de Salamanca,37,117,1,371171
Salamanca,Éjeme,37,118,7,371187
Salamanca,"Encina, La",37,119,0,371190
Salamanca,Encina de San Silvestre,37,120,4,371204
Salamanca,Encinas de Abajo,37,121,1,371211
Salamanca,Encinas de Arriba,37,122,6,371226
Salamanca,Encinasola de los Comendadores,37,123,2,371232
Salamanca,Endrinal,37,124,7,371247
Salamanca,Escurial de la Sierra,37,125,0,371250
Salamanca,Espadaña,37,126,3,371263
Salamanca,Espeja,37,127,9,371279
Salamanca,Espino de la Orbada,37,128,5,371285
Salamanca,Florida de Liébana,37,129,8,371298
Salamanca,Forfoleda,37,130,2,371302
Salamanca,Frades de la Sierra,37,131,9,371319
Salamanca,"Fregeneda, La",37,132,4,371324
Salamanca,Fresnedoso,37,133,0,371330
Salamanca,Fresno Alhándiga,37,134,5,371345
Salamanca,"Fuente de San Esteban, La",37,135,8,371358
Salamanca,Fuenteguinaldo,37,136,1,371361
Salamanca,Fuenteliante,37,137,7,371377
Salamanca,Fuenterroble de Salvatierra,37,138,3,371383
Salamanca,Fuentes de Béjar,37,139,6,371396
Salamanca,Fuentes de Oñoro,37,140,0,371400
Salamanca,Gajates,37,141,7,371417
Salamanca,Galindo y Perahuy,37,142,2,371422
Salamanca,Galinduste,37,143,8,371438
Salamanca,Galisancho,37,144,3,371443
Salamanca,Gallegos de Argañán,37,145,6,371456
Salamanca,Gallegos de Solmirón,37,146,9,371469
Salamanca,Garcibuey,37,147,5,371475
Salamanca,Garcihernández,37,148,1,371481
Salamanca,Garcirrey,37,149,4,371494
Salamanca,Gejuelo del Barro,37,150,7,371507
Salamanca,Golpejas,37,151,4,371514
Salamanca,Gomecello,37,152,9,371529
Salamanca,Guadramiro,37,154,0,371540
Salamanca,Guijo de Ávila,37,155,3,371553
Salamanca,Guijuelo,37,156,6,371566
Salamanca,Herguijuela de Ciudad Rodrigo,37,157,2,371572
Salamanca,Herguijuela de la Sierra,37,158,8,371588
Salamanca,Herguijuela del Campo,37,159,1,371591
Salamanca,Hinojosa de Duero,37,160,5,371605
Salamanca,Horcajo de Montemayor,37,161,2,371612
Salamanca,Horcajo Medianero,37,162,7,371627
Salamanca,"Hoya, La",37,163,3,371633
Salamanca,Huerta,37,164,8,371648
Salamanca,Iruelos,37,165,1,371651
Salamanca,Ituero de Azaba,37,166,4,371664
Salamanca,Juzbado,37,167,0,371670
Salamanca,Lagunilla,37,168,6,371686
Salamanca,Larrodrigo,37,169,9,371699
Salamanca,Ledesma,37,170,3,371703
Salamanca,Ledrada,37,171,0,371710
Salamanca,Linares de Riofrío,37,172,5,371725
Salamanca,Lumbrales,37,173,1,371731
Salamanca,Macotera,37,174,6,371746
Salamanca,Machacón,37,175,9,371759
Salamanca,Madroñal,37,176,2,371762
Salamanca,"Maíllo, El",37,177,8,371778
Salamanca,Malpartida,37,178,4,371784
Salamanca,Mancera de Abajo,37,179,7,371797
Salamanca,"Manzano, El",37,180,1,371801
Salamanca,Martiago,37,181,8,371818
Salamanca,Martinamor,37,182,3,371823
Salamanca,Martín de Yeltes,37,183,9,371839
Salamanca,Masueco,37,184,4,371844
Salamanca,Castellanos de Villiquera,37,185,7,371857
Salamanca,"Mata de Ledesma, La",37,186,0,371860
Salamanca,Matilla de los Caños del Río,37,187,6,371876
Salamanca,"Maya, La",37,188,2,371882
Salamanca,Membribe de la Sierra,37,189,5,371895
Salamanca,Mieza,37,190,9,371909
Salamanca,"Milano, El",37,191,6,371916
Salamanca,Miranda de Azán,37,192,1,371921
Salamanca,Miranda del Castañar,37,193,7,371937
Salamanca,Mogarraz,37,194,2,371942
Salamanca,Molinillo,37,195,5,371955
Salamanca,Monforte de la Sierra,37,196,8,371968
Salamanca,Monleón,37,197,4,371974
Salamanca,Monleras,37,198,0,371980
Salamanca,Monsagro,37,199,3,371993
Salamanca,Montejo,37,200,7,372007
Salamanca,Montemayor del Río,37,201,4,372014
Salamanca,Monterrubio de Armuña,37,202,9,372029
Salamanca,Monterrubio de la Sierra,37,203,5,372035
Salamanca,Morasverdes,37,204,0,372040
Salamanca,Morille,37,205,3,372053
Salamanca,Moríñigo,37,206,6,372066
Salamanca,Moriscos,37,207,2,372072
Salamanca,Moronta,37,208,8,372088
Salamanca,Mozárbez,37,209,1,372091
Salamanca,Narros de Matalayegua,37,211,2,372112
Salamanca,Navacarros,37,212,7,372127
Salamanca,Nava de Béjar,37,213,3,372133
Salamanca,Nava de Francia,37,214,8,372148
Salamanca,Nava de Sotrobal,37,215,1,372151
Salamanca,Navales,37,216,4,372164
Salamanca,Navalmoral de Béjar,37,217,0,372170
Salamanca,Navamorales,37,218,6,372186
Salamanca,Navarredonda de la Rinconada,37,219,9,372199
Salamanca,Navasfrías,37,221,0,372210
Salamanca,Negrilla de Palencia,37,222,5,372225
Salamanca,Olmedo de Camaces,37,223,1,372231
Salamanca,"Orbada, La",37,224,6,372246
Salamanca,Pajares de la Laguna,37,225,9,372259
Salamanca,Palacios del Arzobispo,37,226,2,372262
Salamanca,Palaciosrubios,37,228,4,372284
Salamanca,Palencia de Negrilla,37,229,7,372297
Salamanca,Parada de Arriba,37,230,1,372301
Salamanca,Parada de Rubiales,37,231,8,372318
Salamanca,Paradinas de San Juan,37,232,3,372323
Salamanca,Pastores,37,233,9,372339
Salamanca,"Payo, El",37,234,4,372344
Salamanca,Pedraza de Alba,37,235,7,372357
Salamanca,Pedrosillo de Alba,37,236,0,372360
Salamanca,Pedrosillo de los Aires,37,237,6,372376
Salamanca,Pedrosillo el Ralo,37,238,2,372382
Salamanca,"Pedroso de la Armuña, El",37,239,5,372395
Salamanca,Pelabravo,37,240,9,372409
Salamanca,Pelarrodríguez,37,241,6,372416
Salamanca,Pelayos,37,242,1,372421
Salamanca,"Peña, La",37,243,7,372437
Salamanca,Peñacaballera,37,244,2,372442
Salamanca,Peñaparda,37,245,5,372455
Salamanca,Peñaranda de Bracamonte,37,246,8,372468
Salamanca,Peñarandilla,37,247,4,372474
Salamanca,Peralejos de Abajo,37,248,0,372480
Salamanca,Peralejos de Arriba,37,249,3,372493
Salamanca,Pereña de la Ribera,37,250,6,372506
Salamanca,Peromingo,37,251,3,372513
Salamanca,Pinedas,37,252,8,372528
Salamanca,"Pino de Tormes, El",37,253,4,372534
Salamanca,Pitiegua,37,254,9,372549
Salamanca,Pizarral,37,255,2,372552
Salamanca,Poveda de las Cintas,37,256,5,372565
Salamanca,Pozos de Hinojo,37,257,1,372571
Salamanca,Puebla de Azaba,37,258,7,372587
Salamanca,Puebla de San Medel,37,259,0,372590
Salamanca,Puebla de Yeltes,37,260,4,372604
Salamanca,Puente del Congosto,37,261,1,372611
Salamanca,Puertas,37,262,6,372626
Salamanca,Puerto de Béjar,37,263,2,372632
Salamanca,Puerto Seguro,37,264,7,372647
Salamanca,Rágama,37,265,0,372650
Salamanca,"Redonda, La",37,266,3,372663
Salamanca,Retortillo,37,267,9,372679
Salamanca,"Rinconada de la Sierra, La",37,268,5,372685
Salamanca,Robleda,37,269,8,372698
Salamanca,Robliza de Cojos,37,270,2,372702
Salamanca,Rollán,37,271,9,372719
Salamanca,Saelices el Chico,37,272,4,372724
Salamanca,"Sagrada, La",37,273,0,372730
Salamanca,Salamanca,37,274,5,372745
Salamanca,Saldeana,37,275,8,372758
Salamanca,Salmoral,37,276,1,372761
Salamanca,Salvatierra de Tormes,37,277,7,372777
Salamanca,San Cristóbal de la Cuesta,37,278,3,372783
Salamanca,Sancti-Spíritus,37,279,6,372796
Salamanca,Sanchón de la Ribera,37,280,0,372800
Salamanca,Sanchón de la Sagrada,37,281,7,372817
Salamanca,Sanchotello,37,282,2,372822
Salamanca,Sando,37,283,8,372838
Salamanca,San Esteban de la Sierra,37,284,3,372843
Salamanca,San Felices de los Gallegos,37,285,6,372856
Salamanca,San Martín del Castañar,37,286,9,372869
Salamanca,San Miguel de Valero,37,287,5,372875
Salamanca,San Morales,37,288,1,372881
Salamanca,San Muñoz,37,289,4,372894
Salamanca,San Pedro del Valle,37,290,8,372908
Salamanca,San Pedro de Rozados,37,291,5,372915
Salamanca,San Pelayo de Guareña,37,292,0,372920
Salamanca,Santa María de Sando,37,293,6,372936
Salamanca,Santa Marta de Tormes,37,294,1,372941
Salamanca,Santiago de la Puebla,37,296,7,372967
Salamanca,Santibáñez de Béjar,37,297,3,372973
Salamanca,Santibáñez de la Sierra,37,298,9,372989
Salamanca,Santiz,37,299,2,372992
Salamanca,"Santos, Los",37,300,6,373006
Salamanca,Sardón de los Frailes,37,301,3,373013
Salamanca,Saucelle,37,302,8,373028
Salamanca,"Sahugo, El",37,303,4,373034
Salamanca,Sepulcro-Hilario,37,304,9,373049
Salamanca,Sequeros,37,305,2,373052
Salamanca,Serradilla del Arroyo,37,306,5,373065
Salamanca,Serradilla del Llano,37,307,1,373071
Salamanca,"Sierpe, La",37,309,0,373090
Salamanca,Sieteiglesias de Tormes,37,310,4,373104
Salamanca,Sobradillo,37,311,1,373111
Salamanca,Sorihuela,37,312,6,373126
Salamanca,Sotoserrano,37,313,2,373132
Salamanca,Tabera de Abajo,37,314,7,373147
Salamanca,"Tala, La",37,315,0,373150
Salamanca,Tamames,37,316,3,373163
Salamanca,Tarazona de Guareña,37,317,9,373179
Salamanca,Tardáguila,37,318,5,373185
Salamanca,"Tejado, El",37,319,8,373198
Salamanca,Tejeda y Segoyuela,37,320,2,373202
Salamanca,Tenebrón,37,321,9,373219
Salamanca,Terradillos,37,322,4,373224
Salamanca,Topas,37,323,0,373230
Salamanca,Tordillos,37,324,5,373245
Salamanca,"Tornadizo, El",37,325,8,373258
Salamanca,Torresmenudas,37,327,7,373277
Salamanca,Trabanca,37,328,3,373283
Salamanca,Tremedal de Tormes,37,329,6,373296
Salamanca,Valdecarros,37,330,0,373300
Salamanca,Valdefuentes de Sangusín,37,331,7,373317
Salamanca,Valdehijaderos,37,332,2,373322
Salamanca,Valdelacasa,37,333,8,373338
Salamanca,Valdelageve,37,334,3,373343
Salamanca,Valdelosa,37,335,6,373356
Salamanca,Valdemierque,37,336,9,373369
Salamanca,Valderrodrigo,37,337,5,373375
Salamanca,Valdunciel,37,338,1,373381
Salamanca,Valero,37,339,4,373394
Salamanca,Valsalabroso,37,340,8,373408
Salamanca,Valverde de Valdelacasa,37,341,5,373415
Salamanca,Valverdón,37,342,0,373420
Salamanca,Vallejera de Riofrío,37,343,6,373436
Salamanca,Vecinos,37,344,1,373441
Salamanca,Vega de Tirados,37,345,4,373454
Salamanca,"Veguillas, Las",37,346,7,373467
Salamanca,"Vellés, La",37,347,3,373473
Salamanca,Ventosa del Río Almar,37,348,9,373489
Salamanca,"Vídola, La",37,349,2,373492
Salamanca,Vilvestre,37,350,5,373505
Salamanca,Villaflores,37,351,2,373512
Salamanca,Villagonzalo de Tormes,37,352,7,373527
Salamanca,Villalba de los Llanos,37,353,3,373533
Salamanca,Villamayor,37,354,8,373548
Salamanca,Villanueva del Conde,37,355,1,373551
Salamanca,Villar de Argañán,37,356,4,373564
Salamanca,Villar de Ciervo,37,357,0,373570
Salamanca,Villar de Gallimazo,37,358,6,373586
Salamanca,Villar de la Yegua,37,359,9,373599
Salamanca,Villar de Peralonso,37,360,3,373603
Salamanca,Villar de Samaniego,37,361,0,373610
Salamanca,Villares de la Reina,37,362,5,373625
Salamanca,Villares de Yeltes,37,363,1,373631
Salamanca,Villarino de los Aires,37,364,6,373646
Salamanca,Villarmayor,37,365,9,373659
Salamanca,Villarmuerto,37,366,2,373662
Salamanca,Villasbuenas,37,367,8,373678
Salamanca,Villasdardo,37,368,4,373684
Salamanca,Villaseco de los Gamitos,37,369,7,373697
Salamanca,Villaseco de los Reyes,37,370,1,373701
Salamanca,Villasrubias,37,371,8,373718
Salamanca,Villaverde de Guareña,37,372,3,373723
Salamanca,Villavieja de Yeltes,37,373,9,373739
Salamanca,Villoria,37,374,4,373744
Salamanca,Villoruela,37,375,7,373757
Salamanca,Vitigudino,37,376,0,373760
Salamanca,Yecla de Yeltes,37,377,6,373776
Salamanca,Zamarra,37,378,2,373782
Salamanca,Zamayón,37,379,5,373795
Salamanca,Zarapicos,37,380,9,373809
Salamanca,"Zarza de Pumareda, La",37,381,6,373816
Salamanca,Zorita de la Frontera,37,382,1,373821
Santa Cruz de Tenerife,Adeje,38,001,2,380012
Santa Cruz de Tenerife,Agulo,38,002,7,380027
Santa Cruz de Tenerife,Alajeró,38,003,3,380033
Santa Cruz de Tenerife,Arafo,38,004,8,380048
Santa Cruz de Tenerife,Arico,38,005,1,380051
Santa Cruz de Tenerife,Arona,38,006,4,380064
Santa Cruz de Tenerife,Barlovento,38,007,0,380070
Santa Cruz de Tenerife,Breña Alta,38,008,6,380086
Santa Cruz de Tenerife,Breña Baja,38,009,9,380099
Santa Cruz de Tenerife,Buenavista del Norte,38,010,3,380103
Santa Cruz de Tenerife,Candelaria,38,011,0,380110
Santa Cruz de Tenerife,Fasnia,38,012,5,380125
Santa Cruz de Tenerife,Frontera,38,013,1,380131
Santa Cruz de Tenerife,Fuencaliente de la Palma,38,014,6,380146
Santa Cruz de Tenerife,Garachico,38,015,9,380159
Santa Cruz de Tenerife,Garafía,38,016,2,380162
Santa Cruz de Tenerife,Granadilla de Abona,38,017,8,380178
Santa Cruz de Tenerife,"Guancha, La",38,018,4,380184
Santa Cruz de Tenerife,Guía de Isora,38,019,7,380197
Santa Cruz de Tenerife,Güímar,38,020,1,380201
Santa Cruz de Tenerife,Hermigua,38,021,8,380218
Santa Cruz de Tenerife,Icod de los Vinos,38,022,3,380223
Santa Cruz de Tenerife,San Cristóbal de La Laguna,38,023,9,380239
Santa Cruz de Tenerife,"Llanos de Aridane, Los",38,024,4,380244
Santa Cruz de Tenerife,"Matanza de Acentejo, La",38,025,7,380257
Santa Cruz de Tenerife,"Orotava, La",38,026,0,380260
Santa Cruz de Tenerife,"Paso, El",38,027,6,380276
Santa Cruz de Tenerife,Puerto de la Cruz,38,028,2,380282
Santa Cruz de Tenerife,Puntagorda,38,029,5,380295
Santa Cruz de Tenerife,Puntallana,38,030,9,380309
Santa Cruz de Tenerife,"Realejos, Los",38,031,6,380316
Santa Cruz de Tenerife,"Rosario, El",38,032,1,380321
Santa Cruz de Tenerife,San Andrés y Sauces,38,033,7,380337
Santa Cruz de Tenerife,San Juan de la Rambla,38,034,2,380342
Santa Cruz de Tenerife,San Miguel de Abona,38,035,5,380355
Santa Cruz de Tenerife,San Sebastián de la Gomera,38,036,8,380368
Santa Cruz de Tenerife,Santa Cruz de la Palma,38,037,4,380374
Santa Cruz de Tenerife,Santa Cruz de Tenerife,38,038,0,380380
Santa Cruz de Tenerife,Santa Úrsula,38,039,3,380393
Santa Cruz de Tenerife,Santiago del Teide,38,040,7,380407
Santa Cruz de Tenerife,"Sauzal, El",38,041,4,380414
Santa Cruz de Tenerife,"Silos, Los",38,042,9,380429
Santa Cruz de Tenerife,Tacoronte,38,043,5,380435
Santa Cruz de Tenerife,"Tanque, El",38,044,0,380440
Santa Cruz de Tenerife,Tazacorte,38,045,3,380453
Santa Cruz de Tenerife,Tegueste,38,046,6,380466
Santa Cruz de Tenerife,Tijarafe,38,047,2,380472
Santa Cruz de Tenerife,Valverde,38,048,8,380488
Santa Cruz de Tenerife,Valle Gran Rey,38,049,1,380491
Santa Cruz de Tenerife,Vallehermoso,38,050,4,380504
Santa Cruz de Tenerife,"Victoria de Acentejo, La",38,051,1,380511
Santa Cruz de Tenerife,Vilaflor de Chasna,38,052,6,380526
Santa Cruz de Tenerife,Villa de Mazo,38,053,2,380532
Santa Cruz de Tenerife,"Pinar de El Hierro, El",38,901,3,389013
Cantabria,Alfoz de Lloredo,39,001,5,390015
Cantabria,Ampuero,39,002,0,390020
Cantabria,Anievas,39,003,6,390036
Cantabria,Arenas de Iguña,39,004,1,390041
Cantabria,Argoños,39,005,4,390054
Cantabria,Arnuero,39,006,7,390067
Cantabria,Arredondo,39,007,3,390073
Cantabria,"Astillero, El",39,008,9,390089
Cantabria,Bárcena de Cicero,39,009,2,390092
Cantabria,Bárcena de Pie de Concha,39,010,6,390106
Cantabria,Bareyo,39,011,3,390113
Cantabria,Cabezón de la Sal,39,012,8,390128
Cantabria,Cabezón de Liébana,39,013,4,390134
Cantabria,Cabuérniga,39,014,9,390149
Cantabria,Camaleño,39,015,2,390152
Cantabria,Camargo,39,016,5,390165
Cantabria,Campoo de Yuso,39,017,1,390171
Cantabria,Cartes,39,018,7,390187
Cantabria,Castañeda,39,019,0,390190
Cantabria,Castro-Urdiales,39,020,4,390204
Cantabria,Cieza,39,021,1,390211
Cantabria,Cillorigo de Liébana,39,022,6,390226
Cantabria,Colindres,39,023,2,390232
Cantabria,Comillas,39,024,7,390247
Cantabria,"Corrales de Buelna, Los",39,025,0,390250
Cantabria,Corvera de Toranzo,39,026,3,390263
Cantabria,Campoo de Enmedio,39,027,9,390279
Cantabria,Entrambasaguas,39,028,5,390285
Cantabria,Escalante,39,029,8,390298
Cantabria,Guriezo,39,030,2,390302
Cantabria,Hazas de Cesto,39,031,9,390319
Cantabria,Hermandad de Campoo de Suso,39,032,4,390324
Cantabria,Herrerías,39,033,0,390330
Cantabria,Lamasón,39,034,5,390345
Cantabria,Laredo,39,035,8,390358
Cantabria,Liendo,39,036,1,390361
Cantabria,Liérganes,39,037,7,390377
Cantabria,Limpias,39,038,3,390383
Cantabria,Luena,39,039,6,390396
Cantabria,Marina de Cudeyo,39,040,0,390400
Cantabria,Mazcuerras,39,041,7,390417
Cantabria,Medio Cudeyo,39,042,2,390422
Cantabria,Meruelo,39,043,8,390438
Cantabria,Miengo,39,044,3,390443
Cantabria,Miera,39,045,6,390456
Cantabria,Molledo,39,046,9,390469
Cantabria,Noja,39,047,5,390475
Cantabria,Penagos,39,048,1,390481
Cantabria,Peñarrubia,39,049,4,390494
Cantabria,Pesaguero,39,050,7,390507
Cantabria,Pesquera,39,051,4,390514
Cantabria,Piélagos,39,052,9,390529
Cantabria,Polaciones,39,053,5,390535
Cantabria,Polanco,39,054,0,390540
Cantabria,Potes,39,055,3,390553
Cantabria,Puente Viesgo,39,056,6,390566
Cantabria,Ramales de la Victoria,39,057,2,390572
Cantabria,Rasines,39,058,8,390588
Cantabria,Reinosa,39,059,1,390591
Cantabria,Reocín,39,060,5,390605
Cantabria,Ribamontán al Mar,39,061,2,390612
Cantabria,Ribamontán al Monte,39,062,7,390627
Cantabria,Rionansa,39,063,3,390633
Cantabria,Riotuerto,39,064,8,390648
Cantabria,"Rozas de Valdearroyo, Las",39,065,1,390651
Cantabria,Ruente,39,066,4,390664
Cantabria,Ruesga,39,067,0,390670
Cantabria,Ruiloba,39,068,6,390686
Cantabria,San Felices de Buelna,39,069,9,390699
Cantabria,San Miguel de Aguayo,39,070,3,390703
Cantabria,San Pedro del Romeral,39,071,0,390710
Cantabria,San Roque de Riomiera,39,072,5,390725
Cantabria,Santa Cruz de Bezana,39,073,1,390731
Cantabria,Santa María de Cayón,39,074,6,390746
Cantabria,Santander,39,075,9,390759
Cantabria,Santillana del Mar,39,076,2,390762
Cantabria,Santiurde de Reinosa,39,077,8,390778
Cantabria,Santiurde de Toranzo,39,078,4,390784
Cantabria,Santoña,39,079,7,390797
Cantabria,San Vicente de la Barquera,39,080,1,390801
Cantabria,Saro,39,081,8,390818
Cantabria,Selaya,39,082,3,390823
Cantabria,Soba,39,083,9,390839
Cantabria,Solórzano,39,084,4,390844
Cantabria,Suances,39,085,7,390857
Cantabria,"Tojos, Los",39,086,0,390860
Cantabria,Torrelavega,39,087,6,390876
Cantabria,Tresviso,39,088,2,390882
Cantabria,Tudanca,39,089,5,390895
Cantabria,Udías,39,090,9,390909
Cantabria,Valdáliga,39,091,6,390916
Cantabria,Valdeolea,39,092,1,390921
Cantabria,Valdeprado del Río,39,093,7,390937
Cantabria,Valderredible,39,094,2,390942
Cantabria,Val de San Vicente,39,095,5,390955
Cantabria,Vega de Liébana,39,096,8,390968
Cantabria,Vega de Pas,39,097,4,390974
Cantabria,Villacarriedo,39,098,0,390980
Cantabria,Villaescusa,39,099,3,390993
Cantabria,Villafufre,39,100,7,391007
Cantabria,Valle de Villaverde,39,101,4,391014
Cantabria,Voto,39,102,9,391029
Segovia,Abades,40,001,9,400019
Segovia,Adrada de Pirón,40,002,4,400024
Segovia,Adrados,40,003,0,400030
Segovia,Aguilafuente,40,004,5,400045
Segovia,Alconada de Maderuelo,40,005,8,400058
Segovia,Aldealcorvo,40,006,1,400061
Segovia,Aldealengua de Pedraza,40,007,7,400077
Segovia,Aldealengua de Santa María,40,008,3,400083
Segovia,Aldeanueva de la Serrezuela,40,009,6,400096
Segovia,Aldeanueva del Codonal,40,010,0,400100
Segovia,Aldea Real,40,012,2,400122
Segovia,Aldeasoña,40,013,8,400138
Segovia,Aldehorno,40,014,3,400143
Segovia,Aldehuela del Codonal,40,015,6,400156
Segovia,Aldeonte,40,016,9,400169
Segovia,Anaya,40,017,5,400175
Segovia,Añe,40,018,1,400181
Segovia,Arahuetes,40,019,4,400194
Segovia,Arcones,40,020,8,400208
Segovia,Arevalillo de Cega,40,021,5,400215
Segovia,Armuña,40,022,0,400220
Segovia,Ayllón,40,024,1,400241
Segovia,Barbolla,40,025,4,400254
Segovia,Basardilla,40,026,7,400267
Segovia,Bercial,40,028,9,400289
Segovia,Bercimuel,40,029,2,400292
Segovia,Bernardos,40,030,6,400306
Segovia,Bernuy de Porreros,40,031,3,400313
Segovia,Boceguillas,40,032,8,400328
Segovia,Brieva,40,033,4,400334
Segovia,Caballar,40,034,9,400349
Segovia,Cabañas de Polendos,40,035,2,400352
Segovia,Cabezuela,40,036,5,400365
Segovia,Calabazas de Fuentidueña,40,037,1,400371
Segovia,Campo de San Pedro,40,039,0,400390
Segovia,Cantalejo,40,040,4,400404
Segovia,Cantimpalos,40,041,1,400411
Segovia,Carbonero el Mayor,40,043,2,400432
Segovia,Carrascal del Río,40,044,7,400447
Segovia,Casla,40,045,0,400450
Segovia,Castillejo de Mesleón,40,046,3,400463
Segovia,Castro de Fuentidueña,40,047,9,400479
Segovia,Castrojimeno,40,048,5,400485
Segovia,Castroserna de Abajo,40,049,8,400498
Segovia,Castroserracín,40,051,8,400518
Segovia,Cedillo de la Torre,40,052,3,400523
Segovia,Cerezo de Abajo,40,053,9,400539
Segovia,Cerezo de Arriba,40,054,4,400544
Segovia,Cilleruelo de San Mamés,40,055,7,400557
Segovia,Cobos de Fuentidueña,40,056,0,400560
Segovia,Coca,40,057,6,400576
Segovia,Codorniz,40,058,2,400582
Segovia,Collado Hermoso,40,059,5,400595
Segovia,Condado de Castilnovo,40,060,9,400609
Segovia,Corral de Ayllón,40,061,6,400616
Segovia,Cubillo,40,062,1,400621
Segovia,Cuéllar,40,063,7,400637
Segovia,Chañe,40,065,5,400655
Segovia,Domingo García,40,068,0,400680
Segovia,Donhierro,40,069,3,400693
Segovia,Duruelo,40,070,7,400707
Segovia,Encinas,40,071,4,400714
Segovia,Encinillas,40,072,9,400729
Segovia,Escalona del Prado,40,073,5,400735
Segovia,Escarabajosa de Cabezas,40,074,0,400740
Segovia,Escobar de Polendos,40,075,3,400753
Segovia,"Espinar, El",40,076,6,400766
Segovia,Espirdo,40,077,2,400772
Segovia,Fresneda de Cuéllar,40,078,8,400788
Segovia,Fresno de Cantespino,40,079,1,400791
Segovia,Fresno de la Fuente,40,080,5,400805
Segovia,Frumales,40,081,2,400812
Segovia,Fuente de Santa Cruz,40,082,7,400827
Segovia,Fuente el Olmo de Fuentidueña,40,083,3,400833
Segovia,Fuente el Olmo de Íscar,40,084,8,400848
Segovia,Fuentepelayo,40,086,4,400864
Segovia,Fuentepiñel,40,087,0,400870
Segovia,Fuenterrebollo,40,088,6,400886
Segovia,Fuentesaúco de Fuentidueña,40,089,9,400899
Segovia,Fuentesoto,40,091,0,400910
Segovia,Fuentidueña,40,092,5,400925
Segovia,Gallegos,40,093,1,400931
Segovia,Garcillán,40,094,6,400946
Segovia,Gomezserracín,40,095,9,400959
Segovia,Grajera,40,097,8,400978
Segovia,Honrubia de la Cuesta,40,099,7,400997
Segovia,Hontalbilla,40,100,1,401001
Segovia,Hontanares de Eresma,40,101,8,401018
Segovia,"Huertos, Los",40,103,9,401039
Segovia,Ituero y Lama,40,104,4,401044
Segovia,Juarros de Riomoros,40,105,7,401057
Segovia,Juarros de Voltoya,40,106,0,401060
Segovia,Labajos,40,107,6,401076
Segovia,Laguna de Contreras,40,108,2,401082
Segovia,Languilla,40,109,5,401095
Segovia,Lastras de Cuéllar,40,110,9,401109
Segovia,Lastras del Pozo,40,111,6,401116
Segovia,"Lastrilla, La",40,112,1,401121
Segovia,"Losa, La",40,113,7,401137
Segovia,Maderuelo,40,115,5,401155
Segovia,Marazuela,40,118,0,401180
Segovia,Martín Miguel,40,119,3,401193
Segovia,Martín Muñoz de la Dehesa,40,120,7,401207
Segovia,Martín Muñoz de las Posadas,40,121,4,401214
Segovia,Marugán,40,122,9,401229
Segovia,Matabuena,40,123,5,401235
Segovia,Mata de Cuéllar,40,124,0,401240
Segovia,"Matilla, La",40,125,3,401253
Segovia,Melque de Cercos,40,126,6,401266
Segovia,Membibre de la Hoz,40,127,2,401272
Segovia,Migueláñez,40,128,8,401288
Segovia,Montejo de Arévalo,40,129,1,401291
Segovia,Montejo de la Vega de la Serrezuela,40,130,5,401305
Segovia,Monterrubio,40,131,2,401312
Segovia,Moral de Hornuez,40,132,7,401327
Segovia,Mozoncillo,40,134,8,401348
Segovia,Muñopedro,40,135,1,401351
Segovia,Muñoveros,40,136,4,401364
Segovia,Nava de la Asunción,40,138,6,401386
Segovia,Navafría,40,139,9,401399
Segovia,Navalilla,40,140,3,401403
Segovia,Navalmanzano,40,141,0,401410
Segovia,Navares de Ayuso,40,142,5,401425
Segovia,Navares de Enmedio,40,143,1,401431
Segovia,Navares de las Cuevas,40,144,6,401446
Segovia,Navas de Oro,40,145,9,401459
Segovia,Navas de San Antonio,40,146,2,401462
Segovia,Nieva,40,148,4,401484
Segovia,Olombrada,40,149,7,401497
Segovia,Orejana,40,150,0,401500
Segovia,Ortigosa de Pestaño,40,151,7,401517
Segovia,Otero de Herreros,40,152,2,401522
Segovia,Pajarejos,40,154,3,401543
Segovia,Palazuelos de Eresma,40,155,6,401556
Segovia,Pedraza,40,156,9,401569
Segovia,Pelayos del Arroyo,40,157,5,401575
Segovia,Perosillo,40,158,1,401581
Segovia,Pinarejos,40,159,4,401594
Segovia,Pinarnegrillo,40,160,8,401608
Segovia,Carabias,40,161,5,401615
Segovia,Prádena,40,162,0,401620
Segovia,Puebla de Pedraza,40,163,6,401636
Segovia,Rapariegos,40,164,1,401641
Segovia,Rebollo,40,165,4,401654
Segovia,Remondo,40,166,7,401667
Segovia,Riaguas de San Bartolomé,40,168,9,401689
Segovia,Riaza,40,170,6,401706
Segovia,Ribota,40,171,3,401713
Segovia,Riofrío de Riaza,40,172,8,401728
Segovia,Roda de Eresma,40,173,4,401734
Segovia,Sacramenia,40,174,9,401749
Segovia,Samboal,40,176,5,401765
Segovia,San Cristóbal de Cuéllar,40,177,1,401771
Segovia,San Cristóbal de la Vega,40,178,7,401787
Segovia,Sanchonuño,40,179,0,401790
Segovia,Sangarcía,40,180,4,401804
Segovia,Real Sitio de San Ildefonso,40,181,1,401811
Segovia,San Martín y Mudrián,40,182,6,401826
Segovia,San Miguel de Bernuy,40,183,2,401832
Segovia,San Pedro de Gaíllos,40,184,7,401847
Segovia,Santa María la Real de Nieva,40,185,0,401850
Segovia,Santa Marta del Cerro,40,186,3,401863
Segovia,Santiuste de Pedraza,40,188,5,401885
Segovia,Santiuste de San Juan Bautista,40,189,8,401898
Segovia,Santo Domingo de Pirón,40,190,2,401902
Segovia,Santo Tomé del Puerto,40,191,9,401919
Segovia,Sauquillo de Cabezas,40,192,4,401924
Segovia,Sebúlcor,40,193,0,401930
Segovia,Segovia,40,194,5,401945
Segovia,Sepúlveda,40,195,8,401958
Segovia,Sequera de Fresno,40,196,1,401961
Segovia,Sotillo,40,198,3,401983
Segovia,Sotosalbos,40,199,6,401996
Segovia,Tabanera la Luenga,40,200,0,402000
Segovia,Tolocirio,40,201,7,402017
Segovia,Torreadrada,40,202,2,402022
Segovia,Torrecaballeros,40,203,8,402038
Segovia,Torrecilla del Pinar,40,204,3,402043
Segovia,Torreiglesias,40,205,6,402056
Segovia,Torre Val de San Pedro,40,206,9,402069
Segovia,Trescasas,40,207,5,402075
Segovia,Turégano,40,208,1,402081
Segovia,Urueñas,40,210,8,402108
Segovia,Valdeprados,40,211,5,402115
Segovia,Valdevacas de Montejo,40,212,0,402120
Segovia,Valdevacas y Guijar,40,213,6,402136
Segovia,Valseca,40,214,1,402141
Segovia,Valtiendas,40,215,4,402154
Segovia,Valverde del Majano,40,216,7,402167
Segovia,Valle de Tabladillo,40,218,9,402189
Segovia,Vallelado,40,219,2,402192
Segovia,Valleruela de Pedraza,40,220,6,402206
Segovia,Valleruela de Sepúlveda,40,221,3,402213
Segovia,Veganzones,40,222,8,402228
Segovia,Vegas de Matute,40,223,4,402234
Segovia,Ventosilla y Tejadilla,40,224,9,402249
Segovia,Villacastín,40,225,2,402252
Segovia,Villaverde de Íscar,40,228,7,402287
Segovia,Villaverde de Montejo,40,229,0,402290
Segovia,Villeguillo,40,230,4,402304
Segovia,Yanguas de Eresma,40,231,1,402311
Segovia,Zarzuela del Monte,40,233,2,402332
Segovia,Zarzuela del Pinar,40,234,7,402347
Segovia,Ortigosa del Monte,40,901,0,409010
Segovia,Cozuelos de Fuentidueña,40,902,5,409025
Segovia,Marazoleja,40,903,1,409031
Segovia,Navas de Riofrío,40,904,6,409046
Segovia,Cuevas de Provanco,40,905,9,409059
Segovia,San Cristóbal de Segovia,40,906,2,409062
Sevilla,Aguadulce,41,001,6,410016
Sevilla,Alanís,41,002,1,410021
Sevilla,Albaida del Aljarafe,41,003,7,410037
Sevilla,Alcalá de Guadaíra,41,004,2,410042
Sevilla,Alcalá del Río,41,005,5,410055
Sevilla,Alcolea del Río,41,006,8,410068
Sevilla,"Algaba, La",41,007,4,410074
Sevilla,Algámitas,41,008,0,410080
Sevilla,Almadén de la Plata,41,009,3,410093
Sevilla,Almensilla,41,010,7,410107
Sevilla,Arahal,41,011,4,410114
Sevilla,Aznalcázar,41,012,9,410129
Sevilla,Aznalcóllar,41,013,5,410135
Sevilla,Badolatosa,41,014,0,410140
Sevilla,Benacazón,41,015,3,410153
Sevilla,Bollullos de la Mitación,41,016,6,410166
Sevilla,Bormujos,41,017,2,410172
Sevilla,Brenes,41,018,8,410188
Sevilla,Burguillos,41,019,1,410191
Sevilla,"Cabezas de San Juan, Las",41,020,5,410205
Sevilla,Camas,41,021,2,410212
Sevilla,"Campana, La",41,022,7,410227
Sevilla,Cantillana,41,023,3,410233
Sevilla,Carmona,41,024,8,410248
Sevilla,Carrión de los Céspedes,41,025,1,410251
Sevilla,Casariche,41,026,4,410264
Sevilla,Castilblanco de los Arroyos,41,027,0,410270
Sevilla,Castilleja de Guzmán,41,028,6,410286
Sevilla,Castilleja de la Cuesta,41,029,9,410299
Sevilla,Castilleja del Campo,41,030,3,410303
Sevilla,"Castillo de las Guardas, El",41,031,0,410310
Sevilla,Cazalla de la Sierra,41,032,5,410325
Sevilla,Constantina,41,033,1,410331
Sevilla,Coria del Río,41,034,6,410346
Sevilla,Coripe,41,035,9,410359
Sevilla,"Coronil, El",41,036,2,410362
Sevilla,"Corrales, Los",41,037,8,410378
Sevilla,Dos Hermanas,41,038,4,410384
Sevilla,Écija,41,039,7,410397
Sevilla,Espartinas,41,040,1,410401
Sevilla,Estepa,41,041,8,410418
Sevilla,Fuentes de Andalucía,41,042,3,410423
Sevilla,"Garrobo, El",41,043,9,410439
Sevilla,Gelves,41,044,4,410444
Sevilla,Gerena,41,045,7,410457
Sevilla,Gilena,41,046,0,410460
Sevilla,Gines,41,047,6,410476
Sevilla,Guadalcanal,41,048,2,410482
Sevilla,Guillena,41,049,5,410495
Sevilla,Herrera,41,050,8,410508
Sevilla,Huévar del Aljarafe,41,051,5,410515
Sevilla,Lantejuela,41,052,0,410520
Sevilla,Lebrija,41,053,6,410536
Sevilla,Lora de Estepa,41,054,1,410541
Sevilla,Lora del Río,41,055,4,410554
Sevilla,"Luisiana, La",41,056,7,410567
Sevilla,"Madroño, El",41,057,3,410573
Sevilla,Mairena del Alcor,41,058,9,410589
Sevilla,Mairena del Aljarafe,41,059,2,410592
Sevilla,Marchena,41,060,6,410606
Sevilla,Marinaleda,41,061,3,410613
Sevilla,Martín de la Jara,41,062,8,410628
Sevilla,"Molares, Los",41,063,4,410634
Sevilla,Montellano,41,064,9,410649
Sevilla,Morón de la Frontera,41,065,2,410652
Sevilla,"Navas de la Concepción, Las",41,066,5,410665
Sevilla,Olivares,41,067,1,410671
Sevilla,Osuna,41,068,7,410687
Sevilla,"Palacios y Villafranca, Los",41,069,0,410690
Sevilla,Palomares del Río,41,070,4,410704
Sevilla,Paradas,41,071,1,410711
Sevilla,Pedrera,41,072,6,410726
Sevilla,"Pedroso, El",41,073,2,410732
Sevilla,Peñaflor,41,074,7,410747
Sevilla,Pilas,41,075,0,410750
Sevilla,Pruna,41,076,3,410763
Sevilla,"Puebla de Cazalla, La",41,077,9,410779
Sevilla,"Puebla de los Infantes, La",41,078,5,410785
Sevilla,"Puebla del Río, La",41,079,8,410798
Sevilla,"Real de la Jara, El",41,080,2,410802
Sevilla,"Rinconada, La",41,081,9,410819
Sevilla,"Roda de Andalucía, La",41,082,4,410824
Sevilla,"Ronquillo, El",41,083,0,410830
Sevilla,"Rubio, El",41,084,5,410845
Sevilla,Salteras,41,085,8,410858
Sevilla,San Juan de Aznalfarache,41,086,1,410861
Sevilla,Sanlúcar la Mayor,41,087,7,410877
Sevilla,San Nicolás del Puerto,41,088,3,410883
Sevilla,Santiponce,41,089,6,410896
Sevilla,"Saucejo, El",41,090,0,410900
Sevilla,Sevilla,41,091,7,410917
Sevilla,Tocina,41,092,2,410922
Sevilla,Tomares,41,093,8,410938
Sevilla,Umbrete,41,094,3,410943
Sevilla,Utrera,41,095,6,410956
Sevilla,Valencina de la Concepción,41,096,9,410969
Sevilla,Villamanrique de la Condesa,41,097,5,410975
Sevilla,Villanueva del Ariscal,41,098,1,410981
Sevilla,Villanueva del Río y Minas,41,099,4,410994
Sevilla,Villanueva de San Juan,41,100,8,411008
Sevilla,Villaverde del Río,41,101,5,411015
Sevilla,"Viso del Alcor, El",41,102,0,411020
Sevilla,Cañada Rosal,41,901,7,419017
Sevilla,Isla Mayor,41,902,2,419022
Sevilla,"Cuervo de Sevilla, El",41,903,8,419038
Sevilla,"Palmar de Troya, El",41,904,3,419043
Soria,Abejar,42,001,1,420011
Soria,Adradas,42,003,2,420032
Soria,Ágreda,42,004,7,420047
Soria,Alconaba,42,006,3,420063
Soria,Alcubilla de Avellaneda,42,007,9,420079
Soria,Alcubilla de las Peñas,42,008,5,420085
Soria,Aldealafuente,42,009,8,420098
Soria,Aldealices,42,010,2,420102
Soria,Aldealpozo,42,011,9,420119
Soria,Aldealseñor,42,012,4,420124
Soria,Aldehuela de Periáñez,42,013,0,420130
Soria,"Aldehuelas, Las",42,014,5,420145
Soria,Alentisque,42,015,8,420158
Soria,Aliud,42,016,1,420161
Soria,Almajano,42,017,7,420177
Soria,Almaluez,42,018,3,420183
Soria,Almarza,42,019,6,420196
Soria,Almazán,42,020,0,420200
Soria,Almazul,42,021,7,420217
Soria,Almenar de Soria,42,022,2,420222
Soria,Alpanseque,42,023,8,420238
Soria,Arancón,42,024,3,420243
Soria,Arcos de Jalón,42,025,6,420256
Soria,Arenillas,42,026,9,420269
Soria,Arévalo de la Sierra,42,027,5,420275
Soria,Ausejo de la Sierra,42,028,1,420281
Soria,Baraona,42,029,4,420294
Soria,Barca,42,030,8,420308
Soria,Barcones,42,031,5,420315
Soria,Bayubas de Abajo,42,032,0,420320
Soria,Bayubas de Arriba,42,033,6,420336
Soria,Beratón,42,034,1,420341
Soria,Berlanga de Duero,42,035,4,420354
Soria,Blacos,42,036,7,420367
Soria,Bliecos,42,037,3,420373
Soria,Borjabad,42,038,9,420389
Soria,Borobia,42,039,2,420392
Soria,Buberos,42,041,3,420413
Soria,Buitrago,42,042,8,420428
Soria,Burgo de Osma-Ciudad de Osma,42,043,4,420434
Soria,Cabrejas del Campo,42,044,9,420449
Soria,Cabrejas del Pinar,42,045,2,420452
Soria,Calatañazor,42,046,5,420465
Soria,Caltojar,42,048,7,420487
Soria,Candilichera,42,049,0,420490
Soria,Cañamaque,42,050,3,420503
Soria,Carabantes,42,051,0,420510
Soria,Caracena,42,052,5,420525
Soria,Carrascosa de Abajo,42,053,1,420531
Soria,Carrascosa de la Sierra,42,054,6,420546
Soria,Casarejos,42,055,9,420559
Soria,Castilfrío de la Sierra,42,056,2,420562
Soria,Castilruiz,42,057,8,420578
Soria,Castillejo de Robledo,42,058,4,420584
Soria,Centenera de Andaluz,42,059,7,420597
Soria,Cerbón,42,060,1,420601
Soria,Cidones,42,061,8,420618
Soria,Cigudosa,42,062,3,420623
Soria,Cihuela,42,063,9,420639
Soria,Ciria,42,064,4,420644
Soria,Cirujales del Río,42,065,7,420657
Soria,Coscurita,42,068,2,420682
Soria,Covaleda,42,069,5,420695
Soria,Cubilla,42,070,9,420709
Soria,Cubo de la Solana,42,071,6,420716
Soria,Cueva de Ágreda,42,073,7,420737
Soria,Dévanos,42,075,5,420755
Soria,Deza,42,076,8,420768
Soria,Duruelo de la Sierra,42,078,0,420780
Soria,Escobosa de Almazán,42,079,3,420793
Soria,Espeja de San Marcelino,42,080,7,420807
Soria,Espejón,42,081,4,420814
Soria,Estepa de San Juan,42,082,9,420829
Soria,Frechilla de Almazán,42,083,5,420835
Soria,Fresno de Caracena,42,084,0,420840
Soria,Fuentearmegil,42,085,3,420853
Soria,Fuentecambrón,42,086,6,420866
Soria,Fuentecantos,42,087,2,420872
Soria,Fuentelmonge,42,088,8,420888
Soria,Fuentelsaz de Soria,42,089,1,420891
Soria,Fuentepinilla,42,090,5,420905
Soria,Fuentes de Magaña,42,092,7,420927
Soria,Fuentestrún,42,093,3,420933
Soria,Garray,42,094,8,420948
Soria,Golmayo,42,095,1,420951
Soria,Gómara,42,096,4,420964
Soria,Gormaz,42,097,0,420970
Soria,Herrera de Soria,42,098,6,420986
Soria,Hinojosa del Campo,42,100,3,421003
Soria,Langa de Duero,42,103,1,421031
Soria,Liceras,42,105,9,421059
Soria,"Losilla, La",42,106,2,421062
Soria,Magaña,42,107,8,421078
Soria,Maján,42,108,4,421084
Soria,Matalebreras,42,110,1,421101
Soria,Matamala de Almazán,42,111,8,421118
Soria,Medinaceli,42,113,9,421139
Soria,Miño de Medinaceli,42,115,7,421157
Soria,Miño de San Esteban,42,116,0,421160
Soria,Molinos de Duero,42,117,6,421176
Soria,Momblona,42,118,2,421182
Soria,Monteagudo de las Vicarías,42,119,5,421195
Soria,Montejo de Tiermes,42,120,9,421209
Soria,Montenegro de Cameros,42,121,6,421216
Soria,Morón de Almazán,42,123,7,421237
Soria,Muriel de la Fuente,42,124,2,421242
Soria,Muriel Viejo,42,125,5,421255
Soria,Nafría de Ucero,42,127,4,421274
Soria,Narros,42,128,0,421280
Soria,Navaleno,42,129,3,421293
Soria,Nepas,42,130,7,421307
Soria,Nolay,42,131,4,421314
Soria,Noviercas,42,132,9,421329
Soria,Ólvega,42,134,0,421340
Soria,Oncala,42,135,3,421353
Soria,Pinilla del Campo,42,139,1,421391
Soria,Portillo de Soria,42,140,5,421405
Soria,"Póveda de Soria, La",42,141,2,421412
Soria,Pozalmuro,42,142,7,421427
Soria,Quintana Redonda,42,144,8,421448
Soria,Quintanas de Gormaz,42,145,1,421451
Soria,Quiñonería,42,148,6,421486
Soria,"Rábanos, Los",42,149,9,421499
Soria,Rebollar,42,151,9,421519
Soria,Recuerda,42,152,4,421524
Soria,Rello,42,153,0,421530
Soria,Renieblas,42,154,5,421545
Soria,Retortillo de Soria,42,155,8,421558
Soria,Reznos,42,156,1,421561
Soria,"Riba de Escalote, La",42,157,7,421577
Soria,Rioseco de Soria,42,158,3,421583
Soria,Rollamienta,42,159,6,421596
Soria,"Royo, El",42,160,0,421600
Soria,Salduero,42,161,7,421617
Soria,San Esteban de Gormaz,42,162,2,421622
Soria,San Felices,42,163,8,421638
Soria,San Leonardo de Yagüe,42,164,3,421643
Soria,San Pedro Manrique,42,165,6,421656
Soria,Santa Cruz de Yanguas,42,166,9,421669
Soria,Santa María de Huerta,42,167,5,421675
Soria,Santa María de las Hoyas,42,168,1,421681
Soria,Serón de Nágima,42,171,5,421715
Soria,Soliedra,42,172,0,421720
Soria,Soria,42,173,6,421736
Soria,Sotillo del Rincón,42,174,1,421741
Soria,Suellacabras,42,175,4,421754
Soria,Tajahuerce,42,176,7,421767
Soria,Tajueco,42,177,3,421773
Soria,Talveila,42,178,9,421789
Soria,Tardelcuende,42,181,3,421813
Soria,Taroda,42,182,8,421828
Soria,Tejado,42,183,4,421834
Soria,Torlengua,42,184,9,421849
Soria,Torreblacos,42,185,2,421852
Soria,Torrubia de Soria,42,187,1,421871
Soria,Trévago,42,188,7,421887
Soria,Ucero,42,189,0,421890
Soria,Vadillo,42,190,4,421904
Soria,Valdeavellano de Tera,42,191,1,421911
Soria,Valdegeña,42,192,6,421926
Soria,Valdelagua del Cerro,42,193,2,421932
Soria,Valdemaluque,42,194,7,421947
Soria,Valdenebro,42,195,0,421950
Soria,Valdeprado,42,196,3,421963
Soria,Valderrodilla,42,197,9,421979
Soria,Valtajeros,42,198,5,421985
Soria,Velamazán,42,200,2,422002
Soria,Velilla de la Sierra,42,201,9,422019
Soria,Velilla de los Ajos,42,202,4,422024
Soria,Viana de Duero,42,204,5,422045
Soria,Villaciervos,42,205,8,422058
Soria,Villanueva de Gormaz,42,206,1,422061
Soria,Villar del Ala,42,207,7,422077
Soria,Villar del Campo,42,208,3,422083
Soria,Villar del Río,42,209,6,422096
Soria,"Villares de Soria, Los",42,211,7,422117
Soria,Villasayas,42,212,2,422122
Soria,Villaseca de Arciel,42,213,8,422138
Soria,Vinuesa,42,215,6,422156
Soria,Vizmanos,42,216,9,422169
Soria,Vozmediano,42,217,5,422175
Soria,Yanguas,42,218,1,422181
Soria,Yelo,42,219,4,422194
Tarragona,Aiguamúrcia,43,001,7,430017
Tarragona,Albinyana,43,002,2,430022
Tarragona,"Albiol, L'",43,003,8,430038
Tarragona,Alcanar,43,004,3,430043
Tarragona,Alcover,43,005,6,430056
Tarragona,Aldover,43,006,9,430069
Tarragona,"Aleixar, L'",43,007,5,430075
Tarragona,Alfara de Carles,43,008,1,430081
Tarragona,Alforja,43,009,4,430094
Tarragona,Alió,43,010,8,430108
Tarragona,Almoster,43,011,5,430115
Tarragona,Altafulla,43,012,0,430120
Tarragona,"Ametlla de Mar, L'",43,013,6,430136
Tarragona,Amposta,43,014,1,430141
Tarragona,Arbolí,43,015,4,430154
Tarragona,"Arboç, L'",43,016,7,430167
Tarragona,"Argentera, L'",43,017,3,430173
Tarragona,Arnes,43,018,9,430189
Tarragona,Ascó,43,019,2,430192
Tarragona,Banyeres del Penedès,43,020,6,430206
Tarragona,Barberà de la Conca,43,021,3,430213
Tarragona,Batea,43,022,8,430228
Tarragona,Bellmunt del Priorat,43,023,4,430234
Tarragona,Bellvei,43,024,9,430249
Tarragona,Benifallet,43,025,2,430252
Tarragona,Benissanet,43,026,5,430265
Tarragona,"Bisbal de Montsant, La",43,027,1,430271
Tarragona,"Bisbal del Penedès, La",43,028,7,430287
Tarragona,Blancafort,43,029,0,430290
Tarragona,Bonastre,43,030,4,430304
Tarragona,"Borges del Camp, Les",43,031,1,430311
Tarragona,Bot,43,032,6,430326
Tarragona,Botarell,43,033,2,430332
Tarragona,Bràfim,43,034,7,430347
Tarragona,Cabacés,43,035,0,430350
Tarragona,Cabra del Camp,43,036,3,430363
Tarragona,Calafell,43,037,9,430379
Tarragona,Cambrils,43,038,5,430385
Tarragona,Capafonts,43,039,8,430398
Tarragona,Capçanes,43,040,2,430402
Tarragona,Caseres,43,041,9,430419
Tarragona,Castellvell del Camp,43,042,4,430424
Tarragona,"Catllar, El",43,043,0,430430
Tarragona,"Sénia, La",43,044,5,430445
Tarragona,Colldejou,43,045,8,430458
Tarragona,Conesa,43,046,1,430461
Tarragona,Constantí,43,047,7,430477
Tarragona,Corbera d'Ebre,43,048,3,430483
Tarragona,Cornudella de Montsant,43,049,6,430496
Tarragona,Creixell,43,050,9,430509
Tarragona,Cunit,43,051,6,430516
Tarragona,Xerta,43,052,1,430521
Tarragona,Duesaigües,43,053,7,430537
Tarragona,"Espluga de Francolí, L'",43,054,2,430542
Tarragona,Falset,43,055,5,430555
Tarragona,"Fatarella, La",43,056,8,430568
Tarragona,"Febró, La",43,057,4,430574
Tarragona,"Figuera, La",43,058,0,430580
Tarragona,Figuerola del Camp,43,059,3,430593
Tarragona,Flix,43,060,7,430607
Tarragona,Forès,43,061,4,430614
Tarragona,Freginals,43,062,9,430629
Tarragona,"Galera, La",43,063,5,430635
Tarragona,Gandesa,43,064,0,430640
Tarragona,Garcia,43,065,3,430653
Tarragona,"Garidells, Els",43,066,6,430666
Tarragona,Ginestar,43,067,2,430672
Tarragona,Godall,43,068,8,430688
Tarragona,Gratallops,43,069,1,430691
Tarragona,"Guiamets, Els",43,070,5,430705
Tarragona,Horta de Sant Joan,43,071,2,430712
Tarragona,"Lloar, El",43,072,7,430727
Tarragona,Llorac,43,073,3,430733
Tarragona,Llorenç del Penedès,43,074,8,430748
Tarragona,Margalef,43,075,1,430751
Tarragona,Marçà,43,076,4,430764
Tarragona,Mas de Barberans,43,077,0,430770
Tarragona,Masdenverge,43,078,6,430786
Tarragona,Masllorenç,43,079,9,430799
Tarragona,"Masó, La",43,080,3,430803
Tarragona,Maspujols,43,081,0,430810
Tarragona,"Masroig, El",43,082,5,430825
Tarragona,"Milà, El",43,083,1,430831
Tarragona,Miravet,43,084,6,430846
Tarragona,"Molar, El",43,085,9,430859
Tarragona,Montblanc,43,086,2,430862
Tarragona,Montbrió del Camp,43,088,4,430884
Tarragona,Montferri,43,089,7,430897
Tarragona,"Montmell, El",43,090,1,430901
Tarragona,Mont-ral,43,091,8,430918
Tarragona,Mont-roig del Camp,43,092,3,430923
Tarragona,Móra d'Ebre,43,093,9,430939
Tarragona,Móra la Nova,43,094,4,430944
Tarragona,"Morell, El",43,095,7,430957
Tarragona,"Morera de Montsant, La",43,096,0,430960
Tarragona,"Nou de Gaià, La",43,097,6,430976
Tarragona,Nulles,43,098,2,430982
Tarragona,"Palma d'Ebre, La",43,099,5,430995
Tarragona,"Pallaresos, Els",43,100,9,431009
Tarragona,Passanant i Belltall,43,101,6,431016
Tarragona,Paüls,43,102,1,431021
Tarragona,Perafort,43,103,7,431037
Tarragona,"Perelló, El",43,104,2,431042
Tarragona,"Piles, Les",43,105,5,431055
Tarragona,"Pinell de Brai, El",43,106,8,431068
Tarragona,Pira,43,107,4,431074
Tarragona,"Pla de Santa Maria, El",43,108,0,431080
Tarragona,"Pobla de Mafumet, La",43,109,3,431093
Tarragona,"Pobla de Massaluca, La",43,110,7,431107
Tarragona,"Pobla de Montornès, La",43,111,4,431114
Tarragona,Poboleda,43,112,9,431129
Tarragona,"Pont d'Armentera, El",43,113,5,431135
Tarragona,Porrera,43,114,0,431140
Tarragona,Pradell de la Teixeta,43,115,3,431153
Tarragona,Prades,43,116,6,431166
Tarragona,Prat de Comte,43,117,2,431172
Tarragona,Pratdip,43,118,8,431188
Tarragona,Puigpelat,43,119,1,431191
Tarragona,Querol,43,120,5,431205
Tarragona,Rasquera,43,121,2,431212
Tarragona,Renau,43,122,7,431227
Tarragona,Reus,43,123,3,431233
Tarragona,"Riba, La",43,124,8,431248
Tarragona,Riba-roja d'Ebre,43,125,1,431251
Tarragona,"Riera de Gaià, La",43,126,4,431264
Tarragona,Riudecanyes,43,127,0,431270
Tarragona,Riudecols,43,128,6,431286
Tarragona,Riudoms,43,129,9,431299
Tarragona,Rocafort de Queralt,43,130,3,431303
Tarragona,Roda de Berà,43,131,0,431310
Tarragona,Rodonyà,43,132,5,431325
Tarragona,Roquetes,43,133,1,431331
Tarragona,"Rourell, El",43,134,6,431346
Tarragona,Salomó,43,135,9,431359
Tarragona,"Ràpita, La",43,136,2,431362
Tarragona,Sant Jaume dels Domenys,43,137,8,431378
Tarragona,Santa Bàrbara,43,138,4,431384
Tarragona,Santa Coloma de Queralt,43,139,7,431397
Tarragona,Santa Oliva,43,140,1,431401
Tarragona,Pontils,43,141,8,431418
Tarragona,Sarral,43,142,3,431423
Tarragona,Savallà del Comtat,43,143,9,431439
Tarragona,"Secuita, La",43,144,4,431444
Tarragona,"Selva del Camp, La",43,145,7,431457
Tarragona,Senan,43,146,0,431460
Tarragona,Solivella,43,147,6,431476
Tarragona,Tarragona,43,148,2,431482
Tarragona,Tivenys,43,149,5,431495
Tarragona,Tivissa,43,150,8,431508
Tarragona,"Torre de Fontaubella, La",43,151,5,431515
Tarragona,"Torre de l'Espanyol, La",43,152,0,431520
Tarragona,Torredembarra,43,153,6,431536
Tarragona,Torroja del Priorat,43,154,1,431541
Tarragona,Tortosa,43,155,4,431554
Tarragona,Ulldecona,43,156,7,431567
Tarragona,Ulldemolins,43,157,3,431573
Tarragona,Vallclara,43,158,9,431589
Tarragona,Vallfogona de Riucorb,43,159,2,431592
Tarragona,Vallmoll,43,160,6,431606
Tarragona,Valls,43,161,3,431613
Tarragona,Vandellòs i l'Hospitalet de l'Infant,43,162,8,431628
Tarragona,"Vendrell, El",43,163,4,431634
Tarragona,Vespella de Gaià,43,164,9,431649
Tarragona,Vilabella,43,165,2,431652
Tarragona,Vilallonga del Camp,43,166,5,431665
Tarragona,Vilanova d'Escornalbou,43,167,1,431671
Tarragona,Vilanova de Prades,43,168,7,431687
Tarragona,Vilaplana,43,169,0,431690
Tarragona,Vila-rodona,43,170,4,431704
Tarragona,Vila-seca,43,171,1,431711
Tarragona,Vilaverd,43,172,6,431726
Tarragona,"Vilella Alta, La",43,173,2,431732
Tarragona,"Vilella Baixa, La",43,174,7,431747
Tarragona,Vilalba dels Arcs,43,175,0,431750
Tarragona,Vimbodí i Poblet,43,176,3,431763
Tarragona,Vinebre,43,177,9,431779
Tarragona,Vinyols i els Arcs,43,178,5,431785
Tarragona,Deltebre,43,901,8,439018
Tarragona,Sant Jaume d'Enveja,43,902,3,439023
Tarragona,Camarles,43,903,9,439039
Tarragona,"Aldea, L'",43,904,4,439044
Tarragona,Salou,43,905,7,439057
Tarragona,"Ampolla, L'",43,906,0,439060
Tarragona,"Canonja, La",43,907,6,439076
Teruel,Ababuj,44,001,2,440012
Teruel,Abejuela,44,002,7,440027
Teruel,Aguatón,44,003,3,440033
Teruel,Aguaviva,44,004,8,440048
Teruel,Aguilar del Alfambra,44,005,1,440051
Teruel,Alacón,44,006,4,440064
Teruel,Alba,44,007,0,440070
Teruel,Albalate del Arzobispo,44,008,6,440086
Teruel,Albarracín,44,009,9,440099
Teruel,Albentosa,44,010,3,440103
Teruel,Alcaine,44,011,0,440110
Teruel,Alcalá de la Selva,44,012,5,440125
Teruel,Alcañiz,44,013,1,440131
Teruel,Alcorisa,44,014,6,440146
Teruel,Alfambra,44,016,2,440162
Teruel,Aliaga,44,017,8,440178
Teruel,Almohaja,44,018,4,440184
Teruel,Alobras,44,019,7,440197
Teruel,Alpeñés,44,020,1,440201
Teruel,Allepuz,44,021,8,440218
Teruel,Alloza,44,022,3,440223
Teruel,Allueva,44,023,9,440239
Teruel,Anadón,44,024,4,440244
Teruel,Andorra,44,025,7,440257
Teruel,Arcos de las Salinas,44,026,0,440260
Teruel,Arens de Lledó,44,027,6,440276
Teruel,Argente,44,028,2,440282
Teruel,Ariño,44,029,5,440295
Teruel,Azaila,44,031,6,440316
Teruel,Bádenas,44,032,1,440321
Teruel,Báguena,44,033,7,440337
Teruel,Bañón,44,034,2,440342
Teruel,Barrachina,44,035,5,440355
Teruel,Bea,44,036,8,440368
Teruel,Beceite,44,037,4,440374
Teruel,Belmonte de San José,44,038,0,440380
Teruel,Bello,44,039,3,440393
Teruel,Berge,44,040,7,440407
Teruel,Bezas,44,041,4,440414
Teruel,Blancas,44,042,9,440429
Teruel,Blesa,44,043,5,440435
Teruel,Bordón,44,044,0,440440
Teruel,Bronchales,44,045,3,440453
Teruel,Bueña,44,046,6,440466
Teruel,Burbáguena,44,047,2,440472
Teruel,Cabra de Mora,44,048,8,440488
Teruel,Calaceite,44,049,1,440491
Teruel,Calamocha,44,050,4,440504
Teruel,Calanda,44,051,1,440511
Teruel,Calomarde,44,052,6,440526
Teruel,Camañas,44,053,2,440532
Teruel,Camarena de la Sierra,44,054,7,440547
Teruel,Camarillas,44,055,0,440550
Teruel,Caminreal,44,056,3,440563
Teruel,Cantavieja,44,059,8,440598
Teruel,Cañada de Benatanduz,44,060,2,440602
Teruel,"Cañada de Verich, La",44,061,9,440619
Teruel,Cañada Vellida,44,062,4,440624
Teruel,Cañizar del Olivar,44,063,0,440630
Teruel,Cascante del Río,44,064,5,440645
Teruel,Castejón de Tornos,44,065,8,440658
Teruel,Castel de Cabra,44,066,1,440661
Teruel,Castelnou,44,067,7,440677
Teruel,Castelserás,44,068,3,440683
Teruel,"Castellar, El",44,070,0,440700
Teruel,Castellote,44,071,7,440717
Teruel,Cedrillas,44,074,3,440743
Teruel,Celadas,44,075,6,440756
Teruel,Cella,44,076,9,440769
Teruel,"Cerollera, La",44,077,5,440775
Teruel,"Codoñera, La",44,080,8,440808
Teruel,Corbalán,44,082,0,440820
Teruel,Cortes de Aragón,44,084,1,440841
Teruel,Cosa,44,085,4,440854
Teruel,Cretas,44,086,7,440867
Teruel,Crivillén,44,087,3,440873
Teruel,"Cuba, La",44,088,9,440889
Teruel,Cubla,44,089,2,440892
Teruel,Cucalón,44,090,6,440906
Teruel,"Cuervo, El",44,092,8,440928
Teruel,Cuevas de Almudén,44,093,4,440934
Teruel,Cuevas Labradas,44,094,9,440949
Teruel,Ejulve,44,096,5,440965
Teruel,Escorihuela,44,097,1,440971
Teruel,Escucha,44,099,0,440990
Teruel,Estercuel,44,100,4,441004
Teruel,Ferreruela de Huerva,44,101,1,441011
Teruel,Fonfría,44,102,6,441026
Teruel,Formiche Alto,44,103,2,441032
Teruel,Fórnoles,44,105,0,441050
Teruel,Fortanete,44,106,3,441063
Teruel,Foz-Calanda,44,107,9,441079
Teruel,"Fresneda, La",44,108,5,441085
Teruel,Frías de Albarracín,44,109,8,441098
Teruel,Fuenferrada,44,110,2,441102
Teruel,Fuentes Calientes,44,111,9,441119
Teruel,Fuentes Claras,44,112,4,441124
Teruel,Fuentes de Rubielos,44,113,0,441130
Teruel,Fuentespalda,44,114,5,441145
Teruel,Galve,44,115,8,441158
Teruel,Gargallo,44,116,1,441161
Teruel,Gea de Albarracín,44,117,7,441177
Teruel,"Ginebrosa, La",44,118,3,441183
Teruel,Griegos,44,119,6,441196
Teruel,Guadalaviar,44,120,0,441200
Teruel,Gúdar,44,121,7,441217
Teruel,Híjar,44,122,2,441222
Teruel,Hinojosa de Jarque,44,123,8,441238
Teruel,"Hoz de la Vieja, La",44,124,3,441243
Teruel,Huesa del Común,44,125,6,441256
Teruel,"Iglesuela del Cid, La",44,126,9,441269
Teruel,Jabaloyas,44,127,5,441275
Teruel,Jarque de la Val,44,128,1,441281
Teruel,Jatiel,44,129,4,441294
Teruel,Jorcas,44,130,8,441308
Teruel,Josa,44,131,5,441315
Teruel,Lagueruela,44,132,0,441320
Teruel,Lanzuela,44,133,6,441336
Teruel,Libros,44,135,4,441354
Teruel,Lidón,44,136,7,441367
Teruel,Linares de Mora,44,137,3,441373
Teruel,Loscos,44,138,9,441389
Teruel,Lledó,44,141,3,441413
Teruel,Maicas,44,142,8,441428
Teruel,Manzanera,44,143,4,441434
Teruel,Martín del Río,44,144,9,441449
Teruel,Mas de las Matas,44,145,2,441452
Teruel,"Mata de los Olmos, La",44,146,5,441465
Teruel,Mazaleón,44,147,1,441471
Teruel,Mezquita de Jarque,44,148,7,441487
Teruel,Mirambel,44,149,0,441490
Teruel,Miravete de la Sierra,44,150,3,441503
Teruel,Molinos,44,151,0,441510
Teruel,Monforte de Moyuela,44,152,5,441525
Teruel,Monreal del Campo,44,153,1,441531
Teruel,Monroyo,44,154,6,441546
Teruel,Montalbán,44,155,9,441559
Teruel,Monteagudo del Castillo,44,156,2,441562
Teruel,Monterde de Albarracín,44,157,8,441578
Teruel,Mora de Rubielos,44,158,4,441584
Teruel,Moscardón,44,159,7,441597
Teruel,Mosqueruela,44,160,1,441601
Teruel,Muniesa,44,161,8,441618
Teruel,Noguera de Albarracín,44,163,9,441639
Teruel,Nogueras,44,164,4,441644
Teruel,Nogueruelas,44,165,7,441657
Teruel,Obón,44,167,6,441676
Teruel,Odón,44,168,2,441682
Teruel,Ojos Negros,44,169,5,441695
Teruel,Olba,44,171,6,441716
Teruel,Oliete,44,172,1,441721
Teruel,"Olmos, Los",44,173,7,441737
Teruel,Orihuela del Tremedal,44,174,2,441742
Teruel,Orrios,44,175,5,441755
Teruel,Palomar de Arroyos,44,176,8,441768
Teruel,Pancrudo,44,177,4,441774
Teruel,"Parras de Castellote, Las",44,178,0,441780
Teruel,Peñarroya de Tastavins,44,179,3,441793
Teruel,Peracense,44,180,7,441807
Teruel,Peralejos,44,181,4,441814
Teruel,Perales del Alfambra,44,182,9,441829
Teruel,Pitarque,44,183,5,441835
Teruel,Plou,44,184,0,441840
Teruel,"Pobo, El",44,185,3,441853
Teruel,"Portellada, La",44,187,2,441872
Teruel,Pozondón,44,189,1,441891
Teruel,Pozuel del Campo,44,190,5,441905
Teruel,"Puebla de Híjar, La",44,191,2,441912
Teruel,"Puebla de Valverde, La",44,192,7,441927
Teruel,Puertomingalvo,44,193,3,441933
Teruel,Ráfales,44,194,8,441948
Teruel,Rillo,44,195,1,441951
Teruel,Riodeva,44,196,4,441964
Teruel,Ródenas,44,197,0,441970
Teruel,Royuela,44,198,6,441986
Teruel,Rubiales,44,199,9,441999
Teruel,Rubielos de la Cérida,44,200,3,442003
Teruel,Rubielos de Mora,44,201,0,442010
Teruel,Salcedillo,44,203,1,442031
Teruel,Saldón,44,204,6,442046
Teruel,Samper de Calanda,44,205,9,442059
Teruel,San Agustín,44,206,2,442062
Teruel,San Martín del Río,44,207,8,442078
Teruel,Santa Cruz de Nogueras,44,208,4,442084
Teruel,Santa Eulalia,44,209,7,442097
Teruel,Sarrión,44,210,1,442101
Teruel,Segura de los Baños,44,211,8,442118
Teruel,Seno,44,212,3,442123
Teruel,Singra,44,213,9,442139
Teruel,Terriente,44,215,7,442157
Teruel,Teruel,44,216,0,442160
Teruel,Toril y Masegoso,44,217,6,442176
Teruel,Tormón,44,218,2,442182
Teruel,Tornos,44,219,5,442195
Teruel,Torralba de los Sisones,44,220,9,442209
Teruel,Torrecilla de Alcañiz,44,221,6,442216
Teruel,Torrecilla del Rebollar,44,222,1,442221
Teruel,Torre de Arcas,44,223,7,442237
Teruel,Torre de las Arcas,44,224,2,442242
Teruel,Torre del Compte,44,225,5,442255
Teruel,Torrelacárcel,44,226,8,442268
Teruel,Torre los Negros,44,227,4,442274
Teruel,Torremocha de Jiloca,44,228,0,442280
Teruel,Torres de Albarracín,44,229,3,442293
Teruel,Torrevelilla,44,230,7,442307
Teruel,Torrijas,44,231,4,442314
Teruel,Torrijo del Campo,44,232,9,442329
Teruel,Tramacastiel,44,234,0,442340
Teruel,Tramacastilla,44,235,3,442353
Teruel,Tronchón,44,236,6,442366
Teruel,Urrea de Gaén,44,237,2,442372
Teruel,Utrillas,44,238,8,442388
Teruel,Valacloche,44,239,1,442391
Teruel,Valbona,44,240,5,442405
Teruel,Valdealgorfa,44,241,2,442412
Teruel,Valdecuenca,44,243,3,442433
Teruel,Valdelinares,44,244,8,442448
Teruel,Valdeltormo,44,245,1,442451
Teruel,Valderrobres,44,246,4,442464
Teruel,Valjunquera,44,247,0,442470
Teruel,"Vallecillo, El",44,249,9,442499
Teruel,Veguillas de la Sierra,44,250,2,442502
Teruel,Villafranca del Campo,44,251,9,442519
Teruel,Villahermosa del Campo,44,252,4,442524
Teruel,Villanueva del Rebollar de la Sierra,44,256,1,442561
Teruel,Villar del Cobo,44,257,7,442577
Teruel,Villar del Salz,44,258,3,442583
Teruel,Villarluengo,44,260,0,442600
Teruel,Villarquemado,44,261,7,442617
Teruel,Villarroya de los Pinares,44,262,2,442622
Teruel,Villastar,44,263,8,442638
Teruel,Villel,44,264,3,442643
Teruel,Vinaceite,44,265,6,442656
Teruel,Visiedo,44,266,9,442669
Teruel,Vivel del Río Martín,44,267,5,442675
Teruel,"Zoma, La",44,268,1,442681
Toledo,Ajofrín,45,001,5,450015
Toledo,Alameda de la Sagra,45,002,0,450020
Toledo,Albarreal de Tajo,45,003,6,450036
Toledo,Alcabón,45,004,1,450041
Toledo,Alcañizo,45,005,4,450054
Toledo,Alcaudete de la Jara,45,006,7,450067
Toledo,Alcolea de Tajo,45,007,3,450073
Toledo,Aldea en Cabo,45,008,9,450089
Toledo,Aldeanueva de Barbarroya,45,009,2,450092
Toledo,Aldeanueva de San Bartolomé,45,010,6,450106
Toledo,Almendral de la Cañada,45,011,3,450113
Toledo,Almonacid de Toledo,45,012,8,450128
Toledo,Almorox,45,013,4,450134
Toledo,Añover de Tajo,45,014,9,450149
Toledo,Arcicóllar,45,015,2,450152
Toledo,Argés,45,016,5,450165
Toledo,Azután,45,017,1,450171
Toledo,Barcience,45,018,7,450187
Toledo,Bargas,45,019,0,450190
Toledo,Belvís de la Jara,45,020,4,450204
Toledo,Borox,45,021,1,450211
Toledo,Buenaventura,45,022,6,450226
Toledo,Burguillos de Toledo,45,023,2,450232
Toledo,Burujón,45,024,7,450247
Toledo,Cabañas de la Sagra,45,025,0,450250
Toledo,Cabañas de Yepes,45,026,3,450263
Toledo,Cabezamesada,45,027,9,450279
Toledo,Calera y Chozas,45,028,5,450285
Toledo,Caleruela,45,029,8,450298
Toledo,Calzada de Oropesa,45,030,2,450302
Toledo,Camarena,45,031,9,450319
Toledo,Camarenilla,45,032,4,450324
Toledo,"Campillo de la Jara, El",45,033,0,450330
Toledo,Camuñas,45,034,5,450345
Toledo,Cardiel de los Montes,45,035,8,450358
Toledo,Carmena,45,036,1,450361
Toledo,"Carpio de Tajo, El",45,037,7,450377
Toledo,Carranque,45,038,3,450383
Toledo,Carriches,45,039,6,450396
Toledo,"Casar de Escalona, El",45,040,0,450400
Toledo,Casarrubios del Monte,45,041,7,450417
Toledo,Casasbuenas,45,042,2,450422
Toledo,Castillo de Bayuela,45,043,8,450438
Toledo,Cazalegas,45,045,6,450456
Toledo,Cebolla,45,046,9,450469
Toledo,Cedillo del Condado,45,047,5,450475
Toledo,"Cerralbos, Los",45,048,1,450481
Toledo,Cervera de los Montes,45,049,4,450494
Toledo,Ciruelos,45,050,7,450507
Toledo,Cobeja,45,051,4,450514
Toledo,Cobisa,45,052,9,450529
Toledo,Consuegra,45,053,5,450535
Toledo,Corral de Almaguer,45,054,0,450540
Toledo,Cuerva,45,055,3,450553
Toledo,Chozas de Canales,45,056,6,450566
Toledo,Chueca,45,057,2,450572
Toledo,Domingo Pérez,45,058,8,450588
Toledo,Dosbarrios,45,059,1,450591
Toledo,Erustes,45,060,5,450605
Toledo,Escalona,45,061,2,450612
Toledo,Escalonilla,45,062,7,450627
Toledo,Espinoso del Rey,45,063,3,450633
Toledo,Esquivias,45,064,8,450648
Toledo,"Estrella, La",45,065,1,450651
Toledo,Fuensalida,45,066,4,450664
Toledo,Gálvez,45,067,0,450670
Toledo,Garciotum,45,068,6,450686
Toledo,Gerindote,45,069,9,450699
Toledo,Guadamur,45,070,3,450703
Toledo,"Guardia, La",45,071,0,450710
Toledo,"Herencias, Las",45,072,5,450725
Toledo,Herreruela de Oropesa,45,073,1,450731
Toledo,Hinojosa de San Vicente,45,074,6,450746
Toledo,Hontanar,45,075,9,450759
Toledo,Hormigos,45,076,2,450762
Toledo,Huecas,45,077,8,450778
Toledo,Huerta de Valdecarábanos,45,078,4,450784
Toledo,"Iglesuela del Tiétar, La",45,079,7,450797
Toledo,Illán de Vacas,45,080,1,450801
Toledo,Illescas,45,081,8,450818
Toledo,Lagartera,45,082,3,450823
Toledo,Layos,45,083,9,450839
Toledo,Lillo,45,084,4,450844
Toledo,Lominchar,45,085,7,450857
Toledo,Lucillos,45,086,0,450860
Toledo,Madridejos,45,087,6,450876
Toledo,Magán,45,088,2,450882
Toledo,Malpica de Tajo,45,089,5,450895
Toledo,Manzaneque,45,090,9,450909
Toledo,Maqueda,45,091,6,450916
Toledo,Marjaliza,45,092,1,450921
Toledo,Marrupe,45,093,7,450937
Toledo,Mascaraque,45,094,2,450942
Toledo,"Mata, La",45,095,5,450955
Toledo,Mazarambroz,45,096,8,450968
Toledo,Mejorada,45,097,4,450974
Toledo,Menasalbas,45,098,0,450980
Toledo,Méntrida,45,099,3,450993
Toledo,Mesegar de Tajo,45,100,7,451007
Toledo,Miguel Esteban,45,101,4,451014
Toledo,Mocejón,45,102,9,451029
Toledo,Mohedas de la Jara,45,103,5,451035
Toledo,Montearagón,45,104,0,451040
Toledo,Montesclaros,45,105,3,451053
Toledo,Mora,45,106,6,451066
Toledo,Nambroca,45,107,2,451072
Toledo,"Nava de Ricomalillo, La",45,108,8,451088
Toledo,Navahermosa,45,109,1,451091
Toledo,Navalcán,45,110,5,451105
Toledo,Navalmoralejo,45,111,2,451112
Toledo,"Navalmorales, Los",45,112,7,451127
Toledo,"Navalucillos, Los",45,113,3,451133
Toledo,Navamorcuende,45,114,8,451148
Toledo,Noblejas,45,115,1,451151
Toledo,Noez,45,116,4,451164
Toledo,Nombela,45,117,0,451170
Toledo,Novés,45,118,6,451186
Toledo,Numancia de la Sagra,45,119,9,451199
Toledo,Nuño Gómez,45,120,3,451203
Toledo,Ocaña,45,121,0,451210
Toledo,Olías del Rey,45,122,5,451225
Toledo,Ontígola,45,123,1,451231
Toledo,Orgaz,45,124,6,451246
Toledo,Oropesa,45,125,9,451259
Toledo,Otero,45,126,2,451262
Toledo,Palomeque,45,127,8,451278
Toledo,Pantoja,45,128,4,451284
Toledo,Paredes de Escalona,45,129,7,451297
Toledo,Parrillas,45,130,1,451301
Toledo,Pelahustán,45,131,8,451318
Toledo,Pepino,45,132,3,451323
Toledo,Polán,45,133,9,451339
Toledo,Portillo de Toledo,45,134,4,451344
Toledo,"Puebla de Almoradiel, La",45,135,7,451357
Toledo,"Puebla de Montalbán, La",45,136,0,451360
Toledo,"Pueblanueva, La",45,137,6,451376
Toledo,"Puente del Arzobispo, El",45,138,2,451382
Toledo,Puerto de San Vicente,45,139,5,451395
Toledo,Pulgar,45,140,9,451409
Toledo,Quero,45,141,6,451416
Toledo,Quintanar de la Orden,45,142,1,451421
Toledo,Quismondo,45,143,7,451437
Toledo,"Real de San Vicente, El",45,144,2,451442
Toledo,Recas,45,145,5,451455
Toledo,Retamoso de la Jara,45,146,8,451468
Toledo,Rielves,45,147,4,451474
Toledo,Robledo del Mazo,45,148,0,451480
Toledo,"Romeral, El",45,149,3,451493
Toledo,San Bartolomé de las Abiertas,45,150,6,451506
Toledo,San Martín de Montalbán,45,151,3,451513
Toledo,San Martín de Pusa,45,152,8,451528
Toledo,San Pablo de los Montes,45,153,4,451534
Toledo,San Román de los Montes,45,154,9,451549
Toledo,Santa Ana de Pusa,45,155,2,451552
Toledo,Santa Cruz de la Zarza,45,156,5,451565
Toledo,Santa Cruz del Retamar,45,157,1,451571
Toledo,Santa Olalla,45,158,7,451587
Toledo,Sartajada,45,159,0,451590
Toledo,Segurilla,45,160,4,451604
Toledo,Seseña,45,161,1,451611
Toledo,Sevilleja de la Jara,45,162,6,451626
Toledo,Sonseca,45,163,2,451632
Toledo,Sotillo de las Palomas,45,164,7,451647
Toledo,Talavera de la Reina,45,165,0,451650
Toledo,Tembleque,45,166,3,451663
Toledo,"Toboso, El",45,167,9,451679
Toledo,Toledo,45,168,5,451685
Toledo,Torralba de Oropesa,45,169,8,451698
Toledo,Torrecilla de la Jara,45,170,2,451702
Toledo,"Torre de Esteban Hambrán, La",45,171,9,451719
Toledo,Torrico,45,172,4,451724
Toledo,Torrijos,45,173,0,451730
Toledo,Totanés,45,174,5,451745
Toledo,Turleque,45,175,8,451758
Toledo,Ugena,45,176,1,451761
Toledo,Urda,45,177,7,451777
Toledo,Valdeverdeja,45,179,6,451796
Toledo,Valmojado,45,180,0,451800
Toledo,Velada,45,181,7,451817
Toledo,"Ventas con Peña Aguilera, Las",45,182,2,451822
Toledo,"Ventas de Retamosa, Las",45,183,8,451838
Toledo,"Ventas de San Julián, Las",45,184,3,451843
Toledo,Villacañas,45,185,6,451856
Toledo,"Villa de Don Fadrique, La",45,186,9,451869
Toledo,Villafranca de los Caballeros,45,187,5,451875
Toledo,Villaluenga de la Sagra,45,188,1,451881
Toledo,Villamiel de Toledo,45,189,4,451894
Toledo,Villaminaya,45,190,8,451908
Toledo,Villamuelas,45,191,5,451915
Toledo,Villanueva de Alcardete,45,192,0,451920
Toledo,Villanueva de Bogas,45,193,6,451936
Toledo,Villarejo de Montalbán,45,194,1,451941
Toledo,Villarrubia de Santiago,45,195,4,451954
Toledo,Villaseca de la Sagra,45,196,7,451967
Toledo,Villasequilla,45,197,3,451973
Toledo,Villatobas,45,198,9,451989
Toledo,"Viso de San Juan, El",45,199,2,451992
Toledo,"Yébenes, Los",45,200,6,452006
Toledo,Yeles,45,201,3,452013
Toledo,Yepes,45,202,8,452028
Toledo,Yuncler,45,203,4,452034
Toledo,Yunclillos,45,204,9,452049
Toledo,Yuncos,45,205,2,452052
Toledo,Santo Domingo-Caudilla,45,901,6,459016
Valencia/València,Ademuz,46,001,8,460018
Valencia/València,Ador,46,002,3,460023
Valencia/València,Atzeneta d'Albaida,46,003,9,460039
Valencia/València,Agullent,46,004,4,460044
Valencia/València,Alaquàs,46,005,7,460057
Valencia/València,Albaida,46,006,0,460060
Valencia/València,Albal,46,007,6,460076
Valencia/València,Albalat de la Ribera,46,008,2,460082
Valencia/València,Albalat dels Sorells,46,009,5,460095
Valencia/València,Albalat dels Tarongers,46,010,9,460109
Valencia/València,Alberic,46,011,6,460116
Valencia/València,Alborache,46,012,1,460121
Valencia/València,Alboraia/Alboraya,46,013,7,460137
Valencia/València,Albuixech,46,014,2,460142
Valencia/València,Alcàsser,46,015,5,460155
Valencia/València,Alcàntera de Xúquer,46,016,8,460168
Valencia/València,Alzira,46,017,4,460174
Valencia/València,Alcublas,46,018,0,460180
Valencia/València,"Alcúdia, l'",46,019,3,460193
Valencia/València,"Alcúdia de Crespins, l'",46,020,7,460207
Valencia/València,Aldaia,46,021,4,460214
Valencia/València,Alfafar,46,022,9,460229
Valencia/València,Alfauir,46,023,5,460235
Valencia/València,Alfara de la Baronia,46,024,0,460240
Valencia/València,Alfara del Patriarca,46,025,3,460253
Valencia/València,Alfarb,46,026,6,460266
Valencia/València,Alfarrasí,46,027,2,460272
Valencia/València,Algar de Palància,46,028,8,460288
Valencia/València,Algemesí,46,029,1,460291
Valencia/València,Algímia d'Alfara,46,030,5,460305
Valencia/València,Alginet,46,031,2,460312
Valencia/València,Almàssera,46,032,7,460327
Valencia/València,Almiserà,46,033,3,460333
Valencia/València,Almoines,46,034,8,460348
Valencia/València,Almussafes,46,035,1,460351
Valencia/València,Alpuente,46,036,4,460364
Valencia/València,"Alqueria de la Comtessa, l'",46,037,0,460370
Valencia/València,Andilla,46,038,6,460386
Valencia/València,Anna,46,039,9,460399
Valencia/València,Antella,46,040,3,460403
Valencia/València,Aras de los Olmos,46,041,0,460410
Valencia/València,Aielo de Malferit,46,042,5,460425
Valencia/València,Aielo de Rugat,46,043,1,460431
Valencia/València,Ayora,46,044,6,460446
Valencia/València,Barxeta,46,045,9,460459
Valencia/València,Barx,46,046,2,460462
Valencia/València,Bèlgida,46,047,8,460478
Valencia/València,Bellreguard,46,048,4,460484
Valencia/València,Bellús,46,049,7,460497
Valencia/València,Benagéber,46,050,0,460500
Valencia/València,Benaguasil,46,051,7,460517
Valencia/València,Benavites,46,052,2,460522
Valencia/València,Beneixida,46,053,8,460538
Valencia/València,Benetússer,46,054,3,460543
Valencia/València,Beniarjó,46,055,6,460556
Valencia/València,Beniatjar,46,056,9,460569
Valencia/València,Benicolet,46,057,5,460575
Valencia/València,Benifairó de les Valls,46,058,1,460581
Valencia/València,Benifairó de la Valldigna,46,059,4,460594
Valencia/València,Benifaió,46,060,8,460608
Valencia/València,Beniflá,46,061,5,460615
Valencia/València,Benigànim,46,062,0,460620
Valencia/València,Benimodo,46,063,6,460636
Valencia/València,Benimuslem,46,064,1,460641
Valencia/València,Beniparrell,46,065,4,460654
Valencia/València,Benirredrà,46,066,7,460667
Valencia/València,Benissanó,46,067,3,460673
Valencia/València,Benissoda,46,068,9,460689
Valencia/València,Benissuera,46,069,2,460692
Valencia/València,Bétera,46,070,6,460706
Valencia/València,Bicorp,46,071,3,460713
Valencia/València,Bocairent,46,072,8,460728
Valencia/València,Bolbaite,46,073,4,460734
Valencia/València,Bonrepòs i Mirambell,46,074,9,460749
Valencia/València,Bufali,46,075,2,460752
Valencia/València,Bugarra,46,076,5,460765
Valencia/València,Buñol,46,077,1,460771
Valencia/València,Burjassot,46,078,7,460787
Valencia/València,Calles,46,079,0,460790
Valencia/València,Camporrobles,46,080,4,460804
Valencia/València,Canals,46,081,1,460811
Valencia/València,Canet d'En Berenguer,46,082,6,460826
Valencia/València,Carcaixent,46,083,2,460832
Valencia/València,Càrcer,46,084,7,460847
Valencia/València,Carlet,46,085,0,460850
Valencia/València,Carrícola,46,086,3,460863
Valencia/València,Casas Altas,46,087,9,460879
Valencia/València,Casas Bajas,46,088,5,460885
Valencia/València,Casinos,46,089,8,460898
Valencia/València,Castelló de Rugat,46,090,2,460902
Valencia/València,Castellonet de la Conquesta,46,091,9,460919
Valencia/València,Castielfabib,46,092,4,460924
Valencia/València,Catadau,46,093,0,460930
Valencia/València,Catarroja,46,094,5,460945
Valencia/València,Caudete de las Fuentes,46,095,8,460958
Valencia/València,Cerdà,46,096,1,460961
Valencia/València,Cofrentes,46,097,7,460977
Valencia/València,Corbera,46,098,3,460983
Valencia/València,Cortes de Pallás,46,099,6,460996
Valencia/València,Cotes,46,100,0,461000
Valencia/València,Quart de les Valls,46,101,7,461017
Valencia/València,Quart de Poblet,46,102,2,461022
Valencia/València,Quartell,46,103,8,461038
Valencia/València,Quatretonda,46,104,3,461043
Valencia/València,Cullera,46,105,6,461056
Valencia/València,Chelva,46,106,9,461069
Valencia/València,Chella,46,107,5,461075
Valencia/València,Chera,46,108,1,461081
Valencia/València,Cheste,46,109,4,461094
Valencia/València,Xirivella,46,110,8,461108
Valencia/València,Chiva,46,111,5,461115
Valencia/València,Chulilla,46,112,0,461120
Valencia/València,Daimús,46,113,6,461136
Valencia/València,Domeño,46,114,1,461141
Valencia/València,Dos Aguas,46,115,4,461154
Valencia/València,"Eliana, l'",46,116,7,461167
Valencia/València,Emperador,46,117,3,461173
Valencia/València,Enguera,46,118,9,461189
Valencia/València,"Énova, l'",46,119,2,461192
Valencia/València,Estivella,46,120,6,461206
Valencia/València,Estubeny,46,121,3,461213
Valencia/València,Faura,46,122,8,461228
Valencia/València,Favara,46,123,4,461234
Valencia/València,Fontanars dels Alforins,46,124,9,461249
Valencia/València,Fortaleny,46,125,2,461252
Valencia/València,Foios,46,126,5,461265
Valencia/València,"Font d'en Carròs, la",46,127,1,461271
Valencia/València,"Font de la Figuera, la",46,128,7,461287
Valencia/València,Fuenterrobles,46,129,0,461290
Valencia/València,Gavarda,46,130,4,461304
Valencia/València,Gandia,46,131,1,461311
Valencia/València,"Genovés, el",46,132,6,461326
Valencia/València,Gestalgar,46,133,2,461332
Valencia/València,Gilet,46,134,7,461347
Valencia/València,Godella,46,135,0,461350
Valencia/València,Godelleta,46,136,3,461363
Valencia/València,"Granja de la Costera, la",46,137,9,461379
Valencia/València,Guadasséquies,46,138,5,461385
Valencia/València,Guadassuar,46,139,8,461398
Valencia/València,Guardamar de la Safor,46,140,2,461402
Valencia/València,Higueruelas,46,141,9,461419
Valencia/València,Jalance,46,142,4,461424
Valencia/València,Xeraco,46,143,0,461430
Valencia/València,Jarafuel,46,144,5,461445
Valencia/València,Xàtiva,46,145,8,461458
Valencia/València,Xeresa,46,146,1,461461
Valencia/València,Llíria,46,147,7,461477
Valencia/València,Loriguilla,46,148,3,461483
Valencia/València,Losa del Obispo,46,149,6,461496
Valencia/València,Llutxent,46,150,9,461509
Valencia/València,Llocnou d'En Fenollet,46,151,6,461516
Valencia/València,Llocnou de la Corona,46,152,1,461521
Valencia/València,Llocnou de Sant Jeroni,46,153,7,461537
Valencia/València,Llanera de Ranes,46,154,2,461542
Valencia/València,Llaurí,46,155,5,461555
Valencia/València,Llombai,46,156,8,461568
Valencia/València,"Llosa de Ranes, la",46,157,4,461574
Valencia/València,Macastre,46,158,0,461580
Valencia/València,Manises,46,159,3,461593
Valencia/València,Manuel,46,160,7,461607
Valencia/València,Marines,46,161,4,461614
Valencia/València,Massalavés,46,162,9,461629
Valencia/València,Massalfassar,46,163,5,461635
Valencia/València,Massamagrell,46,164,0,461640
Valencia/València,Massanassa,46,165,3,461653
Valencia/València,Meliana,46,166,6,461666
Valencia/València,Millares,46,167,2,461672
Valencia/València,Miramar,46,168,8,461688
Valencia/València,Mislata,46,169,1,461691
Valencia/València,Moixent/Mogente,46,170,5,461705
Valencia/València,Montcada/Moncada,46,171,2,461712
Valencia/València,Montserrat,46,172,7,461727
Valencia/València,Montaverner,46,173,3,461733
Valencia/València,Montesa,46,174,8,461748
Valencia/València,Montitxelvo/Montichelvo,46,175,1,461751
Valencia/València,Montroi/Montroy,46,176,4,461764
Valencia/València,Museros,46,177,0,461770
Valencia/València,Nàquera/Náquera,46,178,6,461786
Valencia/València,Navarrés,46,179,9,461799
Valencia/València,Novetlè,46,180,3,461803
Valencia/València,Oliva,46,181,0,461810
Valencia/València,Olocau,46,182,5,461825
Valencia/València,"Olleria, l'",46,183,1,461831
Valencia/València,Ontinyent,46,184,6,461846
Valencia/València,Otos,46,185,9,461859
Valencia/València,Paiporta,46,186,2,461862
Valencia/València,Palma de Gandía,46,187,8,461878
Valencia/València,Palmera,46,188,4,461884
Valencia/València,"Palomar, el",46,189,7,461897
Valencia/València,Paterna,46,190,1,461901
Valencia/València,Pedralba,46,191,8,461918
Valencia/València,Petrés,46,192,3,461923
Valencia/València,Picanya,46,193,9,461939
Valencia/València,Picassent,46,194,4,461944
Valencia/València,Piles,46,195,7,461957
Valencia/València,Pinet,46,196,0,461960
Valencia/València,Polinyà de Xúquer,46,197,6,461976
Valencia/València,Potries,46,198,2,461982
Valencia/València,"Pobla de Farnals, la",46,199,5,461995
Valencia/València,"Pobla del Duc, la",46,200,9,462009
Valencia/València,Puebla de San Miguel,46,201,6,462016
Valencia/València,"Pobla de Vallbona, la",46,202,1,462021
Valencia/València,"Pobla Llarga, la",46,203,7,462037
Valencia/València,"Puig de Santa Maria, el",46,204,2,462042
Valencia/València,Puçol,46,205,5,462055
Valencia/València,Quesa,46,206,8,462068
Valencia/València,Rafelbunyol,46,207,4,462074
Valencia/València,Rafelcofer,46,208,0,462080
Valencia/València,Rafelguaraf,46,209,3,462093
Valencia/València,Ráfol de Salem,46,210,7,462107
Valencia/València,"Real de Gandia, el",46,211,4,462114
Valencia/València,Real,46,212,9,462129
Valencia/València,Requena,46,213,5,462135
Valencia/València,Riba-roja de Túria,46,214,0,462140
Valencia/València,Riola,46,215,3,462153
Valencia/València,Rocafort,46,216,6,462166
Valencia/València,Rotglà i Corberà,46,217,2,462172
Valencia/València,Ròtova,46,218,8,462188
Valencia/València,Rugat,46,219,1,462191
Valencia/València,Sagunt/Sagunto,46,220,5,462205
Valencia/València,Salem,46,221,2,462212
Valencia/València,Sant Joanet,46,222,7,462227
Valencia/València,Sedaví,46,223,3,462233
Valencia/València,Segart,46,224,8,462248
Valencia/València,Sellent,46,225,1,462251
Valencia/València,Sempere,46,226,4,462264
Valencia/València,Senyera,46,227,0,462270
Valencia/València,Serra,46,228,6,462286
Valencia/València,Siete Aguas,46,229,9,462299
Valencia/València,Silla,46,230,3,462303
Valencia/València,Simat de la Valldigna,46,231,0,462310
Valencia/València,Sinarcas,46,232,5,462325
Valencia/València,Sollana,46,233,1,462331
Valencia/València,Sot de Chera,46,234,6,462346
Valencia/València,Sueca,46,235,9,462359
Valencia/València,Sumacàrcer,46,236,2,462362
Valencia/València,Tavernes Blanques,46,237,8,462378
Valencia/València,Tavernes de la Valldigna,46,238,4,462384
Valencia/València,Teresa de Cofrentes,46,239,7,462397
Valencia/València,Terrateig,46,240,1,462401
Valencia/València,Titaguas,46,241,8,462418
Valencia/València,Torrebaja,46,242,3,462423
Valencia/València,Torrella,46,243,9,462439
Valencia/València,Torrent,46,244,4,462444
Valencia/València,Torres Torres,46,245,7,462457
Valencia/València,Tous,46,246,0,462460
Valencia/València,Tuéjar,46,247,6,462476
Valencia/València,Turís,46,248,2,462482
Valencia/València,Utiel,46,249,5,462495
Valencia/València,València,46,250,8,462508
Valencia/València,Vallada,46,251,5,462515
Valencia/València,Vallanca,46,252,0,462520
Valencia/València,Vallés,46,253,6,462536
Valencia/València,Venta del Moro,46,254,1,462541
Valencia/València,Vilallonga/Villalonga,46,255,4,462554
Valencia/València,Vilamarxant,46,256,7,462567
Valencia/València,Castelló,46,257,3,462573
Valencia/València,Villar del Arzobispo,46,258,9,462589
Valencia/València,Villargordo del Cabriel,46,259,2,462592
Valencia/València,Vinalesa,46,260,6,462606
Valencia/València,Yátova,46,261,3,462613
Valencia/València,"Yesa, La",46,262,8,462628
Valencia/València,Zarra,46,263,4,462634
Valencia/València,Gátova,46,902,4,469024
Valencia/València,San Antonio de Benagéber,46,903,0,469030
Valencia/València,Benicull de Xúquer,46,904,5,469045
Valladolid,Adalia,47,001,4,470014
Valladolid,Aguasal,47,002,9,470029
Valladolid,Aguilar de Campos,47,003,5,470035
Valladolid,Alaejos,47,004,0,470040
Valladolid,Alcazarén,47,005,3,470053
Valladolid,Aldea de San Miguel,47,006,6,470066
Valladolid,Aldeamayor de San Martín,47,007,2,470072
Valladolid,Almenara de Adaja,47,008,8,470088
Valladolid,Amusquillo,47,009,1,470091
Valladolid,Arroyo de la Encomienda,47,010,5,470105
Valladolid,Ataquines,47,011,2,470112
Valladolid,Bahabón,47,012,7,470127
Valladolid,Barcial de la Loma,47,013,3,470133
Valladolid,Barruelo del Valle,47,014,8,470148
Valladolid,Becilla de Valderaduey,47,015,1,470151
Valladolid,Benafarces,47,016,4,470164
Valladolid,Bercero,47,017,0,470170
Valladolid,Berceruelo,47,018,6,470186
Valladolid,Berrueces,47,019,9,470199
Valladolid,Bobadilla del Campo,47,020,3,470203
Valladolid,Bocigas,47,021,0,470210
Valladolid,Bocos de Duero,47,022,5,470225
Valladolid,Boecillo,47,023,1,470231
Valladolid,Bolaños de Campos,47,024,6,470246
Valladolid,Brahojos de Medina,47,025,9,470259
Valladolid,Bustillo de Chaves,47,026,2,470262
Valladolid,Cabezón de Pisuerga,47,027,8,470278
Valladolid,Cabezón de Valderaduey,47,028,4,470284
Valladolid,Cabreros del Monte,47,029,7,470297
Valladolid,Campaspero,47,030,1,470301
Valladolid,"Campillo, El",47,031,8,470318
Valladolid,Camporredondo,47,032,3,470323
Valladolid,Canalejas de Peñafiel,47,033,9,470339
Valladolid,Canillas de Esgueva,47,034,4,470344
Valladolid,Carpio,47,035,7,470357
Valladolid,Casasola de Arión,47,036,0,470360
Valladolid,Castrejón de Trabancos,47,037,6,470376
Valladolid,Castrillo de Duero,47,038,2,470382
Valladolid,Castrillo-Tejeriego,47,039,5,470395
Valladolid,Castrobol,47,040,9,470409
Valladolid,Castrodeza,47,041,6,470416
Valladolid,Castromembibre,47,042,1,470421
Valladolid,Castromonte,47,043,7,470437
Valladolid,Castronuevo de Esgueva,47,044,2,470442
Valladolid,Castronuño,47,045,5,470455
Valladolid,Castroponce,47,046,8,470468
Valladolid,Castroverde de Cerrato,47,047,4,470474
Valladolid,Ceinos de Campos,47,048,0,470480
Valladolid,Cervillego de la Cruz,47,049,3,470493
Valladolid,Cigales,47,050,6,470506
Valladolid,Ciguñuela,47,051,3,470513
Valladolid,Cistérniga,47,052,8,470528
Valladolid,Cogeces de Íscar,47,053,4,470534
Valladolid,Cogeces del Monte,47,054,9,470549
Valladolid,Corcos,47,055,2,470552
Valladolid,Corrales de Duero,47,056,5,470565
Valladolid,Cubillas de Santa Marta,47,057,1,470571
Valladolid,Cuenca de Campos,47,058,7,470587
Valladolid,Curiel de Duero,47,059,0,470590
Valladolid,Encinas de Esgueva,47,060,4,470604
Valladolid,Esguevillas de Esgueva,47,061,1,470611
Valladolid,Fombellida,47,062,6,470626
Valladolid,Fompedraza,47,063,2,470632
Valladolid,Fontihoyuelo,47,064,7,470647
Valladolid,Fresno el Viejo,47,065,0,470650
Valladolid,Fuensaldaña,47,066,3,470663
Valladolid,Fuente el Sol,47,067,9,470679
Valladolid,Fuente-Olmedo,47,068,5,470685
Valladolid,Gallegos de Hornija,47,069,8,470698
Valladolid,Gatón de Campos,47,070,2,470702
Valladolid,Geria,47,071,9,470719
Valladolid,Herrín de Campos,47,073,0,470730
Valladolid,Hornillos de Eresma,47,074,5,470745
Valladolid,Íscar,47,075,8,470758
Valladolid,Laguna de Duero,47,076,1,470761
Valladolid,Langayo,47,077,7,470777
Valladolid,Lomoviejo,47,078,3,470783
Valladolid,Llano de Olmedo,47,079,6,470796
Valladolid,Manzanillo,47,080,0,470800
Valladolid,Marzales,47,081,7,470817
Valladolid,Matapozuelos,47,082,2,470822
Valladolid,Matilla de los Caños,47,083,8,470838
Valladolid,Mayorga,47,084,3,470843
Valladolid,Medina del Campo,47,085,6,470856
Valladolid,Medina de Rioseco,47,086,9,470869
Valladolid,Megeces,47,087,5,470875
Valladolid,Melgar de Abajo,47,088,1,470881
Valladolid,Melgar de Arriba,47,089,4,470894
Valladolid,Mojados,47,090,8,470908
Valladolid,Monasterio de Vega,47,091,5,470915
Valladolid,Montealegre de Campos,47,092,0,470920
Valladolid,Montemayor de Pililla,47,093,6,470936
Valladolid,Moral de la Reina,47,094,1,470941
Valladolid,Moraleja de las Panaderas,47,095,4,470954
Valladolid,Morales de Campos,47,096,7,470967
Valladolid,Mota del Marqués,47,097,3,470973
Valladolid,Mucientes,47,098,9,470989
Valladolid,"Mudarra, La",47,099,2,470992
Valladolid,Muriel,47,100,6,471006
Valladolid,Nava del Rey,47,101,3,471013
Valladolid,Nueva Villa de las Torres,47,102,8,471028
Valladolid,Olivares de Duero,47,103,4,471034
Valladolid,Olmedo,47,104,9,471049
Valladolid,Olmos de Esgueva,47,105,2,471052
Valladolid,Olmos de Peñafiel,47,106,5,471065
Valladolid,Palazuelo de Vedija,47,109,0,471090
Valladolid,"Parrilla, La",47,110,4,471104
Valladolid,"Pedraja de Portillo, La",47,111,1,471111
Valladolid,Pedrajas de San Esteban,47,112,6,471126
Valladolid,Pedrosa del Rey,47,113,2,471132
Valladolid,Peñafiel,47,114,7,471147
Valladolid,Peñaflor de Hornija,47,115,0,471150
Valladolid,Pesquera de Duero,47,116,3,471163
Valladolid,Piña de Esgueva,47,117,9,471179
Valladolid,Piñel de Abajo,47,118,5,471185
Valladolid,Piñel de Arriba,47,119,8,471198
Valladolid,Pollos,47,121,9,471219
Valladolid,Portillo,47,122,4,471224
Valladolid,Pozal de Gallinas,47,123,0,471230
Valladolid,Pozaldez,47,124,5,471245
Valladolid,Pozuelo de la Orden,47,125,8,471258
Valladolid,Puras,47,126,1,471261
Valladolid,Quintanilla de Arriba,47,127,7,471277
Valladolid,Quintanilla del Molar,47,128,3,471283
Valladolid,Quintanilla de Onésimo,47,129,6,471296
Valladolid,Quintanilla de Trigueros,47,130,0,471300
Valladolid,Rábano,47,131,7,471317
Valladolid,Ramiro,47,132,2,471322
Valladolid,Renedo de Esgueva,47,133,8,471338
Valladolid,Roales de Campos,47,134,3,471343
Valladolid,Robladillo,47,135,6,471356
Valladolid,Roturas,47,137,5,471375
Valladolid,Rubí de Bracamonte,47,138,1,471381
Valladolid,Rueda,47,139,4,471394
Valladolid,Saelices de Mayorga,47,140,8,471408
Valladolid,Salvador de Zapardiel,47,141,5,471415
Valladolid,San Cebrián de Mazote,47,142,0,471420
Valladolid,San Llorente,47,143,6,471436
Valladolid,San Martín de Valvení,47,144,1,471441
Valladolid,San Miguel del Arroyo,47,145,4,471454
Valladolid,San Miguel del Pino,47,146,7,471467
Valladolid,San Pablo de la Moraleja,47,147,3,471473
Valladolid,San Pedro de Latarce,47,148,9,471489
Valladolid,San Pelayo,47,149,2,471492
Valladolid,San Román de Hornija,47,150,5,471505
Valladolid,San Salvador,47,151,2,471512
Valladolid,Santa Eufemia del Arroyo,47,152,7,471527
Valladolid,Santervás de Campos,47,153,3,471533
Valladolid,Santibáñez de Valcorba,47,154,8,471548
Valladolid,Santovenia de Pisuerga,47,155,1,471551
Valladolid,San Vicente del Palacio,47,156,4,471564
Valladolid,Sardón de Duero,47,157,0,471570
Valladolid,"Seca, La",47,158,6,471586
Valladolid,Serrada,47,159,9,471599
Valladolid,Siete Iglesias de Trabancos,47,160,3,471603
Valladolid,Simancas,47,161,0,471610
Valladolid,Tamariz de Campos,47,162,5,471625
Valladolid,Tiedra,47,163,1,471631
Valladolid,Tordehumos,47,164,6,471646
Valladolid,Tordesillas,47,165,9,471659
Valladolid,Torrecilla de la Abadesa,47,166,2,471662
Valladolid,Torrecilla de la Orden,47,167,8,471678
Valladolid,Torrecilla de la Torre,47,168,4,471684
Valladolid,Torre de Esgueva,47,169,7,471697
Valladolid,Torre de Peñafiel,47,170,1,471701
Valladolid,Torrelobatón,47,171,8,471718
Valladolid,Torrescárcela,47,172,3,471723
Valladolid,Traspinedo,47,173,9,471739
Valladolid,Trigueros del Valle,47,174,4,471744
Valladolid,Tudela de Duero,47,175,7,471757
Valladolid,"Unión de Campos, La",47,176,0,471760
Valladolid,Urones de Castroponce,47,177,6,471776
Valladolid,Urueña,47,178,2,471782
Valladolid,Valbuena de Duero,47,179,5,471795
Valladolid,Valdearcos de la Vega,47,180,9,471809
Valladolid,Valdenebro de los Valles,47,181,6,471816
Valladolid,Valdestillas,47,182,1,471821
Valladolid,Valdunquillo,47,183,7,471837
Valladolid,Valoria la Buena,47,184,2,471842
Valladolid,Valverde de Campos,47,185,5,471855
Valladolid,Valladolid,47,186,8,471868
Valladolid,Vega de Ruiponce,47,187,4,471874
Valladolid,Vega de Valdetronco,47,188,0,471880
Valladolid,Velascálvaro,47,189,3,471893
Valladolid,Velilla,47,190,7,471907
Valladolid,Velliza,47,191,4,471914
Valladolid,Ventosa de la Cuesta,47,192,9,471929
Valladolid,Viana de Cega,47,193,5,471935
Valladolid,Viloria,47,194,0,471940
Valladolid,Villabáñez,47,195,3,471953
Valladolid,Villabaruz de Campos,47,196,6,471966
Valladolid,Villabrágima,47,197,2,471972
Valladolid,Villacarralón,47,198,8,471988
Valladolid,Villacid de Campos,47,199,1,471991
Valladolid,Villaco,47,200,5,472005
Valladolid,Villafrades de Campos,47,203,3,472033
Valladolid,Villafranca de Duero,47,204,8,472048
Valladolid,Villafrechós,47,205,1,472051
Valladolid,Villafuerte,47,206,4,472064
Valladolid,Villagarcía de Campos,47,207,0,472070
Valladolid,Villagómez la Nueva,47,208,6,472086
Valladolid,Villalán de Campos,47,209,9,472099
Valladolid,Villalar de los Comuneros,47,210,3,472103
Valladolid,Villalba de la Loma,47,211,0,472110
Valladolid,Villalba de los Alcores,47,212,5,472125
Valladolid,Villalbarba,47,213,1,472131
Valladolid,Villalón de Campos,47,214,6,472146
Valladolid,Villamuriel de Campos,47,215,9,472159
Valladolid,Villán de Tordesillas,47,216,2,472162
Valladolid,Villanubla,47,217,8,472178
Valladolid,Villanueva de Duero,47,218,4,472184
Valladolid,Villanueva de la Condesa,47,219,7,472197
Valladolid,Villanueva de los Caballeros,47,220,1,472201
Valladolid,Villanueva de los Infantes,47,221,8,472218
Valladolid,Villanueva de San Mancio,47,222,3,472223
Valladolid,Villardefrades,47,223,9,472239
Valladolid,Villarmentero de Esgueva,47,224,4,472244
Valladolid,Villasexmir,47,225,7,472257
Valladolid,Villavaquerín,47,226,0,472260
Valladolid,Villavellid,47,227,6,472276
Valladolid,Villaverde de Medina,47,228,2,472282
Valladolid,Villavicencio de los Caballeros,47,229,5,472295
Valladolid,Wamba,47,230,9,472309
Valladolid,Zaratán,47,231,6,472316
Valladolid,"Zarza, La",47,232,1,472321
Bizkaia,Abadiño,48,001,0,480010
Bizkaia,Abanto y Ciérvana-Abanto Zierbena,48,002,5,480025
Bizkaia,Amorebieta-Etxano,48,003,1,480031
Bizkaia,Amoroto,48,004,6,480046
Bizkaia,Arakaldo,48,005,9,480059
Bizkaia,Arantzazu,48,006,2,480062
Bizkaia,Munitibar-Arbatzegi Gerrikaitz,48,007,8,480078
Bizkaia,Artzentales,48,008,4,480084
Bizkaia,Arrankudiaga-Zollo,48,009,7,480097
Bizkaia,Arrieta,48,010,1,480101
Bizkaia,Arrigorriaga,48,011,8,480118
Bizkaia,Bakio,48,012,3,480123
Bizkaia,Barakaldo,48,013,9,480139
Bizkaia,Barrika,48,014,4,480144
Bizkaia,Basauri,48,015,7,480157
Bizkaia,Berango,48,016,0,480160
Bizkaia,Bermeo,48,017,6,480176
Bizkaia,Berriatua,48,018,2,480182
Bizkaia,Berriz,48,019,5,480195
Bizkaia,Bilbao,48,020,9,480209
Bizkaia,Busturia,48,021,6,480216
Bizkaia,Karrantza Harana/Valle de Carranza,48,022,1,480221
Bizkaia,Artea,48,023,7,480237
Bizkaia,Zeanuri,48,024,2,480242
Bizkaia,Zeberio,48,025,5,480255
Bizkaia,Dima,48,026,8,480268
Bizkaia,Durango,48,027,4,480274
Bizkaia,Ea,48,028,0,480280
Bizkaia,Etxebarri,48,029,3,480293
Bizkaia,Etxebarria,48,030,7,480307
Bizkaia,Elantxobe,48,031,4,480314
Bizkaia,Elorrio,48,032,9,480329
Bizkaia,Ereño,48,033,5,480335
Bizkaia,Ermua,48,034,0,480340
Bizkaia,Fruiz,48,035,3,480353
Bizkaia,Galdakao,48,036,6,480366
Bizkaia,Galdames,48,037,2,480372
Bizkaia,Gamiz-Fika,48,038,8,480388
Bizkaia,Garai,48,039,1,480391
Bizkaia,Gatika,48,040,5,480405
Bizkaia,Gautegiz Arteaga,48,041,2,480412
Bizkaia,Gordexola,48,042,7,480427
Bizkaia,Gorliz,48,043,3,480433
Bizkaia,Getxo,48,044,8,480448
Bizkaia,Güeñes,48,045,1,480451
Bizkaia,Gernika-Lumo,48,046,4,480464
Bizkaia,Gizaburuaga,48,047,0,480470
Bizkaia,Ibarrangelu,48,048,6,480486
Bizkaia,Ispaster,48,049,9,480499
Bizkaia,Izurtza,48,050,2,480502
Bizkaia,Lanestosa,48,051,9,480519
Bizkaia,Larrabetzu,48,052,4,480524
Bizkaia,Laukiz,48,053,0,480530
Bizkaia,Leioa,48,054,5,480545
Bizkaia,Lemoa,48,055,8,480558
Bizkaia,Lemoiz,48,056,1,480561
Bizkaia,Lekeitio,48,057,7,480577
Bizkaia,Mallabia,48,058,3,480583
Bizkaia,Mañaria,48,059,6,480596
Bizkaia,Markina-Xemein,48,060,0,480600
Bizkaia,Maruri-Jatabe,48,061,7,480617
Bizkaia,Mendata,48,062,2,480622
Bizkaia,Mendexa,48,063,8,480638
Bizkaia,Meñaka,48,064,3,480643
Bizkaia,Ugao-Miraballes,48,065,6,480656
Bizkaia,Morga,48,066,9,480669
Bizkaia,Muxika,48,067,5,480675
Bizkaia,Mundaka,48,068,1,480681
Bizkaia,Mungia,48,069,4,480694
Bizkaia,Aulesti,48,070,8,480708
Bizkaia,Muskiz,48,071,5,480715
Bizkaia,Otxandio,48,072,0,480720
Bizkaia,Ondarroa,48,073,6,480736
Bizkaia,Urduña/Orduña,48,074,1,480741
Bizkaia,Orozko,48,075,4,480754
Bizkaia,Sukarrieta,48,076,7,480767
Bizkaia,Plentzia,48,077,3,480773
Bizkaia,Portugalete,48,078,9,480789
Bizkaia,Errigoiti,48,079,2,480792
Bizkaia,Valle de Trápaga-Trapagaran,48,080,6,480806
Bizkaia,Lezama,48,081,3,480813
Bizkaia,Santurtzi,48,082,8,480828
Bizkaia,Ortuella,48,083,4,480834
Bizkaia,Sestao,48,084,9,480849
Bizkaia,Sopela,48,085,2,480852
Bizkaia,Sopuerta,48,086,5,480865
Bizkaia,Trucios-Turtzioz,48,087,1,480871
Bizkaia,Ubide,48,088,7,480887
Bizkaia,Urduliz,48,089,0,480890
Bizkaia,Balmaseda,48,090,4,480904
Bizkaia,Atxondo,48,091,1,480911
Bizkaia,Bedia,48,092,6,480926
Bizkaia,Areatza,48,093,2,480932
Bizkaia,Igorre,48,094,7,480947
Bizkaia,Zaldibar,48,095,0,480950
Bizkaia,Zalla,48,096,3,480963
Bizkaia,Zaratamo,48,097,9,480979
Bizkaia,Derio,48,901,1,489011
Bizkaia,Erandio,48,902,6,489026
Bizkaia,Loiu,48,903,2,489032
Bizkaia,Sondika,48,904,7,489047
Bizkaia,Zamudio,48,905,0,489050
Bizkaia,Forua,48,906,3,489063
Bizkaia,Kortezubi,48,907,9,489079
Bizkaia,Murueta,48,908,5,489085
Bizkaia,Nabarniz,48,909,8,489098
Bizkaia,Iurreta,48,910,2,489102
Bizkaia,Ajangiz,48,911,9,489119
Bizkaia,Alonsotegi,48,912,4,489124
Bizkaia,Zierbena,48,913,0,489130
Bizkaia,Arratzu,48,914,5,489145
Bizkaia,Ziortza-Bolibar,48,915,8,489158
Bizkaia,Usansolo,48,916,1,489161
Zamora,Abezames,49,002,8,490028
Zamora,Alcañices,49,003,4,490034
Zamora,Alcubilla de Nogales,49,004,9,490049
Zamora,Alfaraz de Sayago,49,005,2,490052
Zamora,Algodre,49,006,5,490065
Zamora,Almaraz de Duero,49,007,1,490071
Zamora,Almeida de Sayago,49,008,7,490087
Zamora,Andavías,49,009,0,490090
Zamora,Arcenillas,49,010,4,490104
Zamora,Arcos de la Polvorosa,49,011,1,490111
Zamora,Argañín,49,012,6,490126
Zamora,Argujillo,49,013,2,490132
Zamora,Arquillinos,49,014,7,490147
Zamora,Arrabalde,49,015,0,490150
Zamora,Aspariegos,49,016,3,490163
Zamora,Asturianos,49,017,9,490179
Zamora,Ayoó de Vidriales,49,018,5,490185
Zamora,Barcial del Barco,49,019,8,490198
Zamora,Belver de los Montes,49,020,2,490202
Zamora,Benavente,49,021,9,490219
Zamora,Benegiles,49,022,4,490224
Zamora,Bermillo de Sayago,49,023,0,490230
Zamora,"Bóveda de Toro, La",49,024,5,490245
Zamora,Bretó,49,025,8,490258
Zamora,Bretocino,49,026,1,490261
Zamora,Brime de Sog,49,027,7,490277
Zamora,Brime de Urz,49,028,3,490283
Zamora,Burganes de Valverde,49,029,6,490296
Zamora,Bustillo del Oro,49,030,0,490300
Zamora,Cabañas de Sayago,49,031,7,490317
Zamora,Calzadilla de Tera,49,032,2,490322
Zamora,Camarzana de Tera,49,033,8,490338
Zamora,Cañizal,49,034,3,490343
Zamora,Cañizo,49,035,6,490356
Zamora,Carbajales de Alba,49,036,9,490369
Zamora,Carbellino,49,037,5,490375
Zamora,Casaseca de Campeán,49,038,1,490381
Zamora,Casaseca de las Chanas,49,039,4,490394
Zamora,Castrillo de la Guareña,49,040,8,490408
Zamora,Castrogonzalo,49,041,5,490415
Zamora,Castronuevo,49,042,0,490420
Zamora,Castroverde de Campos,49,043,6,490436
Zamora,Cazurra,49,044,1,490441
Zamora,Cerecinos de Campos,49,046,7,490467
Zamora,Cerecinos del Carrizal,49,047,3,490473
Zamora,Cernadilla,49,048,9,490489
Zamora,Cobreros,49,050,5,490505
Zamora,Coomonte,49,052,7,490527
Zamora,Coreses,49,053,3,490533
Zamora,Corrales del Vino,49,054,8,490548
Zamora,Cotanes del Monte,49,055,1,490551
Zamora,Cubillos,49,056,4,490564
Zamora,Cubo de Benavente,49,057,0,490570
Zamora,"Cubo de Tierra del Vino, El",49,058,6,490586
Zamora,Cuelgamures,49,059,9,490599
Zamora,Entrala,49,061,0,490610
Zamora,Espadañedo,49,062,5,490625
Zamora,Faramontanos de Tábara,49,063,1,490631
Zamora,Fariza,49,064,6,490646
Zamora,Fermoselle,49,065,9,490659
Zamora,Ferreras de Abajo,49,066,2,490662
Zamora,Ferreras de Arriba,49,067,8,490678
Zamora,Ferreruela,49,068,4,490684
Zamora,Figueruela de Arriba,49,069,7,490697
Zamora,Fonfría,49,071,8,490718
Zamora,Fresno de la Polvorosa,49,075,7,490757
Zamora,Fresno de la Ribera,49,076,0,490760
Zamora,Fresno de Sayago,49,077,6,490776
Zamora,Friera de Valverde,49,078,2,490782
Zamora,Fuente Encalada,49,079,5,490795
Zamora,Fuentelapeña,49,080,9,490809
Zamora,Fuentesaúco,49,081,6,490816
Zamora,Fuentes de Ropel,49,082,1,490821
Zamora,Fuentesecas,49,083,7,490837
Zamora,Fuentespreadas,49,084,2,490842
Zamora,Galende,49,085,5,490855
Zamora,Gallegos del Pan,49,086,8,490868
Zamora,Gallegos del Río,49,087,4,490874
Zamora,Gamones,49,088,0,490880
Zamora,Gema,49,090,7,490907
Zamora,Granja de Moreruela,49,091,4,490914
Zamora,Granucillo,49,092,9,490929
Zamora,Guarrate,49,093,5,490935
Zamora,Hermisende,49,094,0,490940
Zamora,"Hiniesta, La",49,095,3,490953
Zamora,Jambrina,49,096,6,490966
Zamora,Justel,49,097,2,490972
Zamora,Losacino,49,098,8,490988
Zamora,Losacio,49,099,1,490991
Zamora,Lubián,49,100,5,491005
Zamora,Luelmo,49,101,2,491012
Zamora,"Maderal, El",49,102,7,491027
Zamora,Madridanos,49,103,3,491033
Zamora,Mahide,49,104,8,491048
Zamora,Maire de Castroponce,49,105,1,491051
Zamora,Malva,49,107,0,491070
Zamora,Manganeses de la Lampreana,49,108,6,491086
Zamora,Manganeses de la Polvorosa,49,109,9,491099
Zamora,Manzanal de Arriba,49,110,3,491103
Zamora,Manzanal del Barco,49,111,0,491110
Zamora,Manzanal de los Infantes,49,112,5,491125
Zamora,Matilla de Arzón,49,113,1,491131
Zamora,Matilla la Seca,49,114,6,491146
Zamora,Mayalde,49,115,9,491159
Zamora,Melgar de Tera,49,116,2,491162
Zamora,Micereces de Tera,49,117,8,491178
Zamora,Milles de la Polvorosa,49,118,4,491184
Zamora,Molacillos,49,119,7,491197
Zamora,Molezuelas de la Carballeda,49,120,1,491201
Zamora,Mombuey,49,121,8,491218
Zamora,Monfarracinos,49,122,3,491223
Zamora,Montamarta,49,123,9,491239
Zamora,Moral de Sayago,49,124,4,491244
Zamora,Moraleja del Vino,49,125,7,491257
Zamora,Moraleja de Sayago,49,126,0,491260
Zamora,Morales del Vino,49,127,6,491276
Zamora,Morales de Rey,49,128,2,491282
Zamora,Morales de Toro,49,129,5,491295
Zamora,Morales de Valverde,49,130,9,491309
Zamora,Moralina,49,131,6,491316
Zamora,Moreruela de los Infanzones,49,132,1,491321
Zamora,Moreruela de Tábara,49,133,7,491337
Zamora,Muelas de los Caballeros,49,134,2,491342
Zamora,Muelas del Pan,49,135,5,491355
Zamora,Muga de Sayago,49,136,8,491368
Zamora,Navianos de Valverde,49,137,4,491374
Zamora,Olmillos de Castro,49,138,0,491380
Zamora,Otero de Bodas,49,139,3,491393
Zamora,Pajares de la Lampreana,49,141,4,491414
Zamora,Palacios del Pan,49,142,9,491429
Zamora,Palacios de Sanabria,49,143,5,491435
Zamora,Pedralba de la Pradería,49,145,3,491453
Zamora,"Pego, El",49,146,6,491466
Zamora,Peleagonzalo,49,147,2,491472
Zamora,Peleas de Abajo,49,148,8,491488
Zamora,Peñausende,49,149,1,491491
Zamora,Peque,49,150,4,491504
Zamora,"Perdigón, El",49,151,1,491511
Zamora,Pereruela,49,152,6,491526
Zamora,Perilla de Castro,49,153,2,491532
Zamora,Pías,49,154,7,491547
Zamora,Piedrahita de Castro,49,155,0,491550
Zamora,Pinilla de Toro,49,156,3,491563
Zamora,Pino del Oro,49,157,9,491579
Zamora,"Piñero, El",49,158,5,491585
Zamora,Pobladura del Valle,49,159,8,491598
Zamora,Pobladura de Valderaduey,49,160,2,491602
Zamora,Porto,49,162,4,491624
Zamora,Pozoantiguo,49,163,0,491630
Zamora,Pozuelo de Tábara,49,164,5,491645
Zamora,Prado,49,165,8,491658
Zamora,Puebla de Sanabria,49,166,1,491661
Zamora,Pueblica de Valverde,49,167,7,491677
Zamora,Quintanilla del Monte,49,168,3,491683
Zamora,Quintanilla del Olmo,49,169,6,491696
Zamora,Quintanilla de Urz,49,170,0,491700
Zamora,Quiruelas de Vidriales,49,171,7,491717
Zamora,Rabanales,49,172,2,491722
Zamora,Rábano de Aliste,49,173,8,491738
Zamora,Requejo,49,174,3,491743
Zamora,Revellinos,49,175,6,491756
Zamora,Riofrío de Aliste,49,176,9,491769
Zamora,Rionegro del Puente,49,177,5,491775
Zamora,Roales,49,178,1,491781
Zamora,Robleda-Cervantes,49,179,4,491794
Zamora,Roelos de Sayago,49,180,8,491808
Zamora,Rosinos de la Requejada,49,181,5,491815
Zamora,Salce,49,183,6,491836
Zamora,Samir de los Caños,49,184,1,491841
Zamora,San Agustín del Pozo,49,185,4,491854
Zamora,San Cebrián de Castro,49,186,7,491867
Zamora,San Cristóbal de Entreviñas,49,187,3,491873
Zamora,San Esteban del Molar,49,188,9,491889
Zamora,San Justo,49,189,2,491892
Zamora,San Martín de Valderaduey,49,190,6,491906
Zamora,San Miguel de la Ribera,49,191,3,491913
Zamora,San Miguel del Valle,49,192,8,491928
Zamora,San Pedro de Ceque,49,193,4,491934
Zamora,San Pedro de la Nave-Almendra,49,194,9,491949
Zamora,Santa Clara de Avedillo,49,197,1,491971
Zamora,Santa Colomba de las Monjas,49,199,0,491990
Zamora,Santa Cristina de la Polvorosa,49,200,4,492004
Zamora,Santa Croya de Tera,49,201,1,492011
Zamora,Santa Eufemia del Barco,49,202,6,492026
Zamora,Santa María de la Vega,49,203,2,492032
Zamora,Santa María de Valverde,49,204,7,492047
Zamora,Santibáñez de Tera,49,205,0,492050
Zamora,Santibáñez de Vidriales,49,206,3,492063
Zamora,Santovenia,49,207,9,492079
Zamora,San Vicente de la Cabeza,49,208,5,492085
Zamora,San Vitero,49,209,8,492098
Zamora,Sanzoles,49,210,2,492102
Zamora,Tábara,49,214,5,492145
Zamora,Tapioles,49,216,1,492161
Zamora,Toro,49,219,6,492196
Zamora,"Torre del Valle, La",49,220,0,492200
Zamora,Torregamones,49,221,7,492217
Zamora,Torres del Carrizal,49,222,2,492222
Zamora,Trabazos,49,223,8,492238
Zamora,Trefacio,49,224,3,492243
Zamora,Uña de Quintana,49,225,6,492256
Zamora,Vadillo de la Guareña,49,226,9,492269
Zamora,Valcabado,49,227,5,492275
Zamora,Valdefinjas,49,228,1,492281
Zamora,Valdescorriel,49,229,4,492294
Zamora,Vallesa de la Guareña,49,230,8,492308
Zamora,Vega de Tera,49,231,5,492315
Zamora,Vega de Villalobos,49,232,0,492320
Zamora,Vegalatrave,49,233,6,492336
Zamora,Venialbo,49,234,1,492341
Zamora,Vezdemarbán,49,235,4,492354
Zamora,Vidayanes,49,236,7,492367
Zamora,Videmala,49,237,3,492373
Zamora,Villabrázaro,49,238,9,492389
Zamora,Villabuena del Puente,49,239,2,492392
Zamora,Villadepera,49,240,6,492406
Zamora,Villaescusa,49,241,3,492413
Zamora,Villafáfila,49,242,8,492428
Zamora,Villaferrueña,49,243,4,492434
Zamora,Villageriz,49,244,9,492449
Zamora,Villalazán,49,245,2,492452
Zamora,Villalba de la Lampreana,49,246,5,492465
Zamora,Villalcampo,49,247,1,492471
Zamora,Villalobos,49,248,7,492487
Zamora,Villalonso,49,249,0,492490
Zamora,Villalpando,49,250,3,492503
Zamora,Villalube,49,251,0,492510
Zamora,Villamayor de Campos,49,252,5,492525
Zamora,Villamor de los Escuderos,49,255,9,492559
Zamora,Villanázar,49,256,2,492562
Zamora,Villanueva de Azoague,49,257,8,492578
Zamora,Villanueva de Campeán,49,258,4,492584
Zamora,Villanueva de las Peras,49,259,7,492597
Zamora,Villanueva del Campo,49,260,1,492601
Zamora,Villaralbo,49,261,8,492618
Zamora,Villardeciervos,49,262,3,492623
Zamora,Villar de Fallaves,49,263,9,492639
Zamora,Villar del Buey,49,264,4,492644
Zamora,Villardiegua de la Ribera,49,265,7,492657
Zamora,Villárdiga,49,266,0,492660
Zamora,Villardondiego,49,267,6,492676
Zamora,Villarrín de Campos,49,268,2,492682
Zamora,Villaseco del Pan,49,269,5,492695
Zamora,Villavendimio,49,270,9,492709
Zamora,Villaveza del Agua,49,271,6,492716
Zamora,Villaveza de Valverde,49,272,1,492721
Zamora,Viñas,49,273,7,492737
Zamora,Zamora,49,275,5,492755
Zaragoza,Abanto,50,001,6,500016
Zaragoza,Acered,50,002,1,500021
Zaragoza,Agón,50,003,7,500037
Zaragoza,Aguarón,50,004,2,500042
Zaragoza,Aguilón,50,005,5,500055
Zaragoza,Ainzón,50,006,8,500068
Zaragoza,Aladrén,50,007,4,500074
Zaragoza,Alagón,50,008,0,500080
Zaragoza,Alarba,50,009,3,500093
Zaragoza,Alberite de San Juan,50,010,7,500107
Zaragoza,Albeta,50,011,4,500114
Zaragoza,Alborge,50,012,9,500129
Zaragoza,Alcalá de Ebro,50,013,5,500135
Zaragoza,Alcalá de Moncayo,50,014,0,500140
Zaragoza,Alconchel de Ariza,50,015,3,500153
Zaragoza,Aldehuela de Liestos,50,016,6,500166
Zaragoza,Alfajarín,50,017,2,500172
Zaragoza,Alfamén,50,018,8,500188
Zaragoza,Alforque,50,019,1,500191
Zaragoza,Alhama de Aragón,50,020,5,500205
Zaragoza,Almochuel,50,021,2,500212
Zaragoza,"Almolda, La",50,022,7,500227
Zaragoza,Almonacid de la Cuba,50,023,3,500233
Zaragoza,Almonacid de la Sierra,50,024,8,500248
Zaragoza,"Almunia de Doña Godina, La",50,025,1,500251
Zaragoza,Alpartir,50,026,4,500264
Zaragoza,Ambel,50,027,0,500270
Zaragoza,Anento,50,028,6,500286
Zaragoza,Aniñón,50,029,9,500299
Zaragoza,Añón de Moncayo,50,030,3,500303
Zaragoza,Aranda de Moncayo,50,031,0,500310
Zaragoza,Arándiga,50,032,5,500325
Zaragoza,Ardisa,50,033,1,500331
Zaragoza,Ariza,50,034,6,500346
Zaragoza,Artieda,50,035,9,500359
Zaragoza,Asín,50,036,2,500362
Zaragoza,Atea,50,037,8,500378
Zaragoza,Ateca,50,038,4,500384
Zaragoza,Azuara,50,039,7,500397
Zaragoza,Badules,50,040,1,500401
Zaragoza,Bagüés,50,041,8,500418
Zaragoza,Balconchán,50,042,3,500423
Zaragoza,Bárboles,50,043,9,500439
Zaragoza,Bardallur,50,044,4,500444
Zaragoza,Belchite,50,045,7,500457
Zaragoza,Belmonte de Gracián,50,046,0,500460
Zaragoza,Berdejo,50,047,6,500476
Zaragoza,Berrueco,50,048,2,500482
Zaragoza,Bijuesca,50,050,8,500508
Zaragoza,Biota,50,051,5,500515
Zaragoza,Bisimbre,50,052,0,500520
Zaragoza,Boquiñeni,50,053,6,500536
Zaragoza,Bordalba,50,054,1,500541
Zaragoza,Borja,50,055,4,500554
Zaragoza,Botorrita,50,056,7,500567
Zaragoza,Brea de Aragón,50,057,3,500573
Zaragoza,Bubierca,50,058,9,500589
Zaragoza,Bujaraloz,50,059,2,500592
Zaragoza,Bulbuente,50,060,6,500606
Zaragoza,Bureta,50,061,3,500613
Zaragoza,"Burgo de Ebro, El",50,062,8,500628
Zaragoza,"Buste, El",50,063,4,500634
Zaragoza,Cabañas de Ebro,50,064,9,500649
Zaragoza,Cabolafuente,50,065,2,500652
Zaragoza,Cadrete,50,066,5,500665
Zaragoza,Calatayud,50,067,1,500671
Zaragoza,Calatorao,50,068,7,500687
Zaragoza,Calcena,50,069,0,500690
Zaragoza,Calmarza,50,070,4,500704
Zaragoza,Campillo de Aragón,50,071,1,500711
Zaragoza,Carenas,50,072,6,500726
Zaragoza,Cariñena,50,073,2,500732
Zaragoza,Caspe,50,074,7,500747
Zaragoza,Castejón de Alarba,50,075,0,500750
Zaragoza,Castejón de las Armas,50,076,3,500763
Zaragoza,Castejón de Valdejasa,50,077,9,500779
Zaragoza,Castiliscar,50,078,5,500785
Zaragoza,Cervera de la Cañada,50,079,8,500798
Zaragoza,Cerveruela,50,080,2,500802
Zaragoza,Cetina,50,081,9,500819
Zaragoza,Cimballa,50,082,4,500824
Zaragoza,Cinco Olivas,50,083,0,500830
Zaragoza,Clarés de Ribota,50,084,5,500845
Zaragoza,Codo,50,085,8,500858
Zaragoza,Codos,50,086,1,500861
Zaragoza,Contamina,50,087,7,500877
Zaragoza,Cosuenda,50,088,3,500883
Zaragoza,Cuarte de Huerva,50,089,6,500896
Zaragoza,Cubel,50,090,0,500900
Zaragoza,"Cuerlas, Las",50,091,7,500917
Zaragoza,Chiprana,50,092,2,500922
Zaragoza,Chodes,50,093,8,500938
Zaragoza,Daroca,50,094,3,500943
Zaragoza,Ejea de los Caballeros,50,095,6,500956
Zaragoza,Embid de Ariza,50,096,9,500969
Zaragoza,Encinacorba,50,098,1,500981
Zaragoza,Épila,50,099,4,500994
Zaragoza,Erla,50,100,8,501008
Zaragoza,Escatrón,50,101,5,501015
Zaragoza,Fabara,50,102,0,501020
Zaragoza,Farlete,50,104,1,501041
Zaragoza,Fayón,50,105,4,501054
Zaragoza,"Fayos, Los",50,106,7,501067
Zaragoza,Figueruelas,50,107,3,501073
Zaragoza,Fombuena,50,108,9,501089
Zaragoza,"Frago, El",50,109,2,501092
Zaragoza,"Frasno, El",50,110,6,501106
Zaragoza,Fréscano,50,111,3,501113
Zaragoza,Fuendejalón,50,113,4,501134
Zaragoza,Fuendetodos,50,114,9,501149
Zaragoza,Fuentes de Ebro,50,115,2,501152
Zaragoza,Fuentes de Jiloca,50,116,5,501165
Zaragoza,Gallocanta,50,117,1,501171
Zaragoza,Gallur,50,118,7,501187
Zaragoza,Gelsa,50,119,0,501190
Zaragoza,Godojos,50,120,4,501204
Zaragoza,Gotor,50,121,1,501211
Zaragoza,Grisel,50,122,6,501226
Zaragoza,Grisén,50,123,2,501232
Zaragoza,Herrera de los Navarros,50,124,7,501247
Zaragoza,Ibdes,50,125,0,501250
Zaragoza,Illueca,50,126,3,501263
Zaragoza,Isuerre,50,128,5,501285
Zaragoza,Jaraba,50,129,8,501298
Zaragoza,Jarque de Moncayo,50,130,2,501302
Zaragoza,Jaulín,50,131,9,501319
Zaragoza,"Joyosa, La",50,132,4,501324
Zaragoza,Lagata,50,133,0,501330
Zaragoza,Langa del Castillo,50,134,5,501345
Zaragoza,Layana,50,135,8,501358
Zaragoza,Lécera,50,136,1,501361
Zaragoza,Leciñena,50,137,7,501377
Zaragoza,Lechón,50,138,3,501383
Zaragoza,Letux,50,139,6,501396
Zaragoza,Litago,50,140,0,501400
Zaragoza,Lituénigo,50,141,7,501417
Zaragoza,Lobera de Onsella,50,142,2,501422
Zaragoza,Longares,50,143,8,501438
Zaragoza,Longás,50,144,3,501443
Zaragoza,Lucena de Jalón,50,146,9,501469
Zaragoza,Luceni,50,147,5,501475
Zaragoza,Luesia,50,148,1,501481
Zaragoza,Luesma,50,149,4,501494
Zaragoza,Lumpiaque,50,150,7,501507
Zaragoza,Luna,50,151,4,501514
Zaragoza,Maella,50,152,9,501529
Zaragoza,Magallón,50,153,5,501535
Zaragoza,Mainar,50,154,0,501540
Zaragoza,Malanquilla,50,155,3,501553
Zaragoza,Maleján,50,156,6,501566
Zaragoza,Malón,50,157,2,501572
Zaragoza,Maluenda,50,159,1,501591
Zaragoza,Mallén,50,160,5,501605
Zaragoza,Manchones,50,161,2,501612
Zaragoza,Mara,50,162,7,501627
Zaragoza,María de Huerva,50,163,3,501633
Zaragoza,Mediana de Aragón,50,164,8,501648
Zaragoza,Mequinenza,50,165,1,501651
Zaragoza,Mesones de Isuela,50,166,4,501664
Zaragoza,Mezalocha,50,167,0,501670
Zaragoza,Mianos,50,168,6,501686
Zaragoza,Miedes de Aragón,50,169,9,501699
Zaragoza,Monegrillo,50,170,3,501703
Zaragoza,Moneva,50,171,0,501710
Zaragoza,Monreal de Ariza,50,172,5,501725
Zaragoza,Monterde,50,173,1,501731
Zaragoza,Montón,50,174,6,501746
Zaragoza,Morata de Jalón,50,175,9,501759
Zaragoza,Morata de Jiloca,50,176,2,501762
Zaragoza,Morés,50,177,8,501778
Zaragoza,Moros,50,178,4,501784
Zaragoza,Moyuela,50,179,7,501797
Zaragoza,Mozota,50,180,1,501801
Zaragoza,Muel,50,181,8,501818
Zaragoza,"Muela, La",50,182,3,501823
Zaragoza,Munébrega,50,183,9,501839
Zaragoza,Murero,50,184,4,501844
Zaragoza,Murillo de Gállego,50,185,7,501857
Zaragoza,Navardún,50,186,0,501860
Zaragoza,Nigüella,50,187,6,501876
Zaragoza,Nombrevilla,50,188,2,501882
Zaragoza,Nonaspe,50,189,5,501895
Zaragoza,Novallas,50,190,9,501909
Zaragoza,Novillas,50,191,6,501916
Zaragoza,Nuévalos,50,192,1,501921
Zaragoza,Nuez de Ebro,50,193,7,501937
Zaragoza,Olvés,50,194,2,501942
Zaragoza,Orcajo,50,195,5,501955
Zaragoza,Orera,50,196,8,501968
Zaragoza,Orés,50,197,4,501974
Zaragoza,Oseja,50,198,0,501980
Zaragoza,Osera de Ebro,50,199,3,501993
Zaragoza,Paniza,50,200,7,502007
Zaragoza,Paracuellos de Jiloca,50,201,4,502014
Zaragoza,Paracuellos de la Ribera,50,202,9,502029
Zaragoza,Pastriz,50,203,5,502035
Zaragoza,Pedrola,50,204,0,502040
Zaragoza,"Pedrosas, Las",50,205,3,502053
Zaragoza,Perdiguera,50,206,6,502066
Zaragoza,Piedratajada,50,207,2,502072
Zaragoza,Pina de Ebro,50,208,8,502088
Zaragoza,Pinseque,50,209,1,502091
Zaragoza,"Pintanos, Los",50,210,5,502105
Zaragoza,Plasencia de Jalón,50,211,2,502112
Zaragoza,Pleitas,50,212,7,502127
Zaragoza,Plenas,50,213,3,502133
Zaragoza,Pomer,50,214,8,502148
Zaragoza,Pozuel de Ariza,50,215,1,502151
Zaragoza,Pozuelo de Aragón,50,216,4,502164
Zaragoza,Pradilla de Ebro,50,217,0,502170
Zaragoza,Puebla de Albortón,50,218,6,502186
Zaragoza,"Puebla de Alfindén, La",50,219,9,502199
Zaragoza,Puendeluna,50,220,3,502203
Zaragoza,Purujosa,50,221,0,502210
Zaragoza,Quinto,50,222,5,502225
Zaragoza,Remolinos,50,223,1,502231
Zaragoza,Retascón,50,224,6,502246
Zaragoza,Ricla,50,225,9,502259
Zaragoza,Romanos,50,227,8,502278
Zaragoza,Rueda de Jalón,50,228,4,502284
Zaragoza,Ruesca,50,229,7,502297
Zaragoza,Sádaba,50,230,1,502301
Zaragoza,Salillas de Jalón,50,231,8,502318
Zaragoza,Salvatierra de Esca,50,232,3,502323
Zaragoza,Samper del Salz,50,233,9,502339
Zaragoza,San Martín de la Virgen de Moncayo,50,234,4,502344
Zaragoza,San Mateo de Gállego,50,235,7,502357
Zaragoza,Santa Cruz de Grío,50,236,0,502360
Zaragoza,Santa Cruz de Moncayo,50,237,6,502376
Zaragoza,Santa Eulalia de Gállego,50,238,2,502382
Zaragoza,Santed,50,239,5,502395
Zaragoza,Sástago,50,240,9,502409
Zaragoza,Sabiñán,50,241,6,502416
Zaragoza,Sediles,50,242,1,502421
Zaragoza,Sestrica,50,243,7,502437
Zaragoza,Sierra de Luna,50,244,2,502442
Zaragoza,Sigüés,50,245,5,502455
Zaragoza,Sisamón,50,246,8,502468
Zaragoza,Sobradiel,50,247,4,502474
Zaragoza,Sos del Rey Católico,50,248,0,502480
Zaragoza,Tabuenca,50,249,3,502493
Zaragoza,Talamantes,50,250,6,502506
Zaragoza,Tarazona,50,251,3,502513
Zaragoza,Tauste,50,252,8,502528
Zaragoza,Terrer,50,253,4,502534
Zaragoza,Tierga,50,254,9,502549
Zaragoza,Tobed,50,255,2,502552
Zaragoza,Torralba de los Frailes,50,256,5,502565
Zaragoza,Torralba de Ribota,50,257,1,502571
Zaragoza,Torralbilla,50,258,7,502587
Zaragoza,Torrehermosa,50,259,0,502590
Zaragoza,Torrelapaja,50,260,4,502604
Zaragoza,Torrellas,50,261,1,502611
Zaragoza,Torres de Berrellén,50,262,6,502626
Zaragoza,Torrijo de la Cañada,50,263,2,502632
Zaragoza,Tosos,50,264,7,502647
Zaragoza,Trasmoz,50,265,0,502650
Zaragoza,Trasobares,50,266,3,502663
Zaragoza,Uncastillo,50,267,9,502679
Zaragoza,Undués de Lerda,50,268,5,502685
Zaragoza,Urrea de Jalón,50,269,8,502698
Zaragoza,Urriés,50,270,2,502702
Zaragoza,Used,50,271,9,502719
Zaragoza,Utebo,50,272,4,502724
Zaragoza,Valdehorna,50,273,0,502730
Zaragoza,Val de San Martín,50,274,5,502745
Zaragoza,Valmadrid,50,275,8,502758
Zaragoza,Valpalmas,50,276,1,502761
Zaragoza,Valtorres,50,277,7,502777
Zaragoza,Velilla de Ebro,50,278,3,502783
Zaragoza,Velilla de Jiloca,50,279,6,502796
Zaragoza,Vera de Moncayo,50,280,0,502800
Zaragoza,Vierlas,50,281,7,502817
Zaragoza,"Vilueña, La",50,282,2,502822
Zaragoza,Villadoz,50,283,8,502838
Zaragoza,Villafeliche,50,284,3,502843
Zaragoza,Villafranca de Ebro,50,285,6,502856
Zaragoza,Villalba de Perejil,50,286,9,502869
Zaragoza,Villalengua,50,287,5,502875
Zaragoza,Villanueva de Gállego,50,288,1,502881
Zaragoza,Villanueva de Jiloca,50,289,4,502894
Zaragoza,Villanueva de Huerva,50,290,8,502908
Zaragoza,Villar de los Navarros,50,291,5,502915
Zaragoza,Villarreal de Huerva,50,292,0,502920
Zaragoza,Villarroya de la Sierra,50,293,6,502936
Zaragoza,Villarroya del Campo,50,294,1,502941
Zaragoza,Vistabella,50,295,4,502954
Zaragoza,"Zaida, La",50,296,7,502967
Zaragoza,Zaragoza,50,297,3,502973
Zaragoza,Zuera,50,298,9,502989
Zaragoza,Biel,50,901,7,509017
Zaragoza,Marracos,50,902,2,509022
Zaragoza,Villamayor de Gállego,50,903,8,509038
Ceuta,Ceuta,51,001,3,510013
Melilla,Melilla,52,001,8,520018
